{
  "type": "FeatureCollection",
  "name": "Kodim",
  "crs": {
    "type": "name",
    "properties": { "name": "urn:ogc:def:crs:OGC:1.3:CRS84" }
  },
  "features": [
    {
      "type": "Feature",
      "properties": {
        "ADM0_EN": "Indonesia",
        "date": "2019-12-20",
        "validOn": "2020-04-01",
        "PROVINCE": "Daerah Istimewa Yogyakarta",
        "Kabupaten": "Kota Yogyakarta",
        "PRV2": "Daerah_Istimewa_Yogyakarta",
        "layer": "Daerah_Istimewa_Yogyakarta_ADMIN_BPS",
        "path": "D:/rudi/Daerah_Istimewa_Yogyakarta_ADMIN_BPS.shp",
        "listkodim_Kodim": "Kodim 0734/Yogyakarta",
        "listkodim_Korem": "Korem 072/Pamungkas"
      },
      "geometry": {
        "type": "MultiPolygon",
        "coordinates": [
          [
            [
              [110.35906140000009, -7.771261599999946],
              [110.36064430000005, -7.771349199999975],
              [110.36211560000004, -7.768564399999946],
              [110.36431880000004, -7.768608],
              [110.36653550000005, -7.771713299999931],
              [110.36866330000004, -7.771512499999972],
              [110.36971820000008, -7.774779599999931],
              [110.37497570000005, -7.774915399999941],
              [110.38027870000008, -7.780016199999977],
              [110.39062520000004, -7.780692599999952],
              [110.39252430000005, -7.785426099999938],
              [110.39708360000009, -7.788329099999942],
              [110.39590770000007, -7.794532599999968],
              [110.39828810000006, -7.801646],
              [110.40201, -7.802351599999952],
              [110.40226730000006, -7.804072499999961],
              [110.40152710000007, -7.818958899999927],
              [110.403147, -7.81963559999997],
              [110.40208050000007, -7.822477699999979],
              [110.404795, -7.822616699999969],
              [110.40491720000006, -7.82625319999994],
              [110.40496, -7.830843799999968],
              [110.40317710000005, -7.832452799999942],
              [110.40058660000005, -7.831543499999952],
              [110.39800270000006, -7.833348499999943],
              [110.39703170000007, -7.831348099999957],
              [110.39958290000004, -7.828278799999964],
              [110.39396140000008, -7.826521599999978],
              [110.39524880000005, -7.836454499999945],
              [110.39160760000004, -7.836047],
              [110.38854320000007, -7.840080499999942],
              [110.38804370000008, -7.835544299999981],
              [110.38647990000004, -7.834293399999979],
              [110.38407840000008, -7.835559],
              [110.38631860000004, -7.832700299999942],
              [110.38457890000007, -7.82912209999995],
              [110.37981050000008, -7.828521699999953],
              [110.378267, -7.831808599999931],
              [110.37658370000008, -7.830057899999929],
              [110.37551710000008, -7.830893099999969],
              [110.37593470000007, -7.827748799999938],
              [110.37414440000003, -7.824332799999979],
              [110.36984980000005, -7.824678699999936],
              [110.36790290000005, -7.826984],
              [110.36723110000008, -7.825572799999975],
              [110.36084020000004, -7.825760499999944],
              [110.36097440000009, -7.824554699999965],
              [110.35864630000009, -7.826086399999951],
              [110.35170990000006, -7.825613199999964],
              [110.35239270000005, -7.82386779999996],
              [110.35081010000005, -7.821368499999949],
              [110.35204770000007, -7.814809299999979],
              [110.35152680000004, -7.813504199999954],
              [110.34646620000007, -7.812634099999968],
              [110.34482270000007, -7.806528499999956],
              [110.34981520000008, -7.794272199999966],
              [110.34862120000008, -7.793466899999942],
              [110.35112750000008, -7.781151799999975],
              [110.35111020000005, -7.769034699999963],
              [110.35205480000008, -7.771673199999952],
              [110.35334480000006, -7.771099599999957],
              [110.35223810000008, -7.766600599999947],
              [110.35906140000009, -7.771261599999946]
            ]
          ]
        ]
      }
    },
    {
      "type": "Feature",
      "properties": {
        "ADM0_EN": "Indonesia",
        "date": "2019-12-20",
        "validOn": "2020-04-01",
        "PROVINCE": "Jawa Tengah",
        "Kabupaten": "Kota Semarang",
        "PRV2": "Jawa_Tengah",
        "layer": "Jawa_Tengah_ADMIN_BPS",
        "path": "D:/rudi/Jawa_Tengah_ADMIN_BPS.shp",
        "listkodim_Kodim": "Kodim 0733/Semarang (BS)",
        "listkodim_Korem": "Berdiri Sendiri"
      },
      "geometry": {
        "type": "MultiPolygon",
        "coordinates": [
          [
            [
              [110.463562, -6.932247099999927],
              [110.47340390000005, -6.942085199999951],
              [110.48094180000004, -6.945363],
              [110.48753040000008, -6.946128399999964],
              [110.48879040000008, -6.948689799999954],
              [110.49220160000004, -6.947490899999934],
              [110.49016570000003, -6.953312399999959],
              [110.49097680000006, -6.955219499999941],
              [110.50100420000007, -6.95262189999994],
              [110.50254820000004, -6.957448],
              [110.50119020000005, -6.963807599999939],
              [110.50447950000006, -6.969908499999974],
              [110.50535780000007, -6.975974],
              [110.50193020000006, -6.981498699999975],
              [110.50287630000008, -6.985765899999933],
              [110.50162510000007, -6.992218499999979],
              [110.498394, -6.993114499999933],
              [110.49549450000006, -6.998933199999954],
              [110.49336390000008, -6.999693699999966],
              [110.49038520000005, -7.004347899999971],
              [110.49576730000007, -7.006843],
              [110.49809890000006, -7.006002299999977],
              [110.503883, -7.010724499999981],
              [110.50343130000005, -7.013475399999948],
              [110.50079080000006, -7.016985299999931],
              [110.49948630000006, -7.016398399999957],
              [110.49784040000009, -7.020757699999933],
              [110.49818430000005, -7.026630699999941],
              [110.49598690000005, -7.027432899999951],
              [110.49539080000005, -7.029759599999977],
              [110.48774720000006, -7.029064099999971],
              [110.483059, -7.042226899999946],
              [110.48481810000004, -7.04353],
              [110.48127250000005, -7.044028099999935],
              [110.48600770000007, -7.051991899999962],
              [110.48441310000004, -7.053138699999977],
              [110.48307040000009, -7.051183199999969],
              [110.480896, -7.05343339999996],
              [110.48068240000003, -7.056777],
              [110.484993, -7.055477599999961],
              [110.48636630000004, -7.050660099999959],
              [110.48789210000007, -7.051368699999955],
              [110.49099730000006, -7.05525629999994],
              [110.49144750000005, -7.060323699999969],
              [110.49619290000004, -7.063541399999963],
              [110.49919150000005, -7.063238599999977],
              [110.50081640000008, -7.067266899999936],
              [110.49822240000009, -7.067245499999956],
              [110.49748230000006, -7.06934739999997],
              [110.49597930000004, -7.068458],
              [110.495636, -7.070562799999948],
              [110.48468020000007, -7.081281599999954],
              [110.47758480000005, -7.085433899999941],
              [110.47656250000006, -7.083539499999972],
              [110.46803280000006, -7.079435299999943],
              [110.45433420000006, -7.078808599999945],
              [110.45192130000004, -7.090073299999972],
              [110.44777360000006, -7.089187199999969],
              [110.44334480000003, -7.091288899999938],
              [110.42868040000008, -7.092048199999965],
              [110.42224120000009, -7.097384899999952],
              [110.42094420000006, -7.104904599999941],
              [110.41559750000005, -7.108399099999929],
              [110.40457940000005, -7.110080899999957],
              [110.40328820000008, -7.113599499999964],
              [110.40223710000004, -7.109649399999967],
              [110.39724770000004, -7.114579699999979],
              [110.38984590000007, -7.111875399999974],
              [110.38423160000008, -7.114063699999974],
              [110.38209960000006, -7.111179399999969],
              [110.377922, -7.110542299999963],
              [110.37647090000007, -7.107759499999929],
              [110.37958170000007, -7.101332899999932],
              [110.37648070000006, -7.097979699999939],
              [110.37669510000006, -7.094933499999968],
              [110.37358120000005, -7.096682499999929],
              [110.37302110000007, -7.105802499999925],
              [110.37107910000009, -7.107507599999963],
              [110.370382, -7.106631099999959],
              [110.37025260000007, -7.108358799999962],
              [110.36242810000005, -7.104434],
              [110.35525510000008, -7.105845],
              [110.35163120000004, -7.101072],
              [110.34687650000006, -7.085950499999967],
              [110.34287220000004, -7.090146299999958],
              [110.34482110000005, -7.096895399999937],
              [110.33660890000004, -7.104393399999935],
              [110.33267210000008, -7.103372499999978],
              [110.332222, -7.09919119999995],
              [110.32897430000008, -7.101842599999941],
              [110.322464, -7.102373599999964],
              [110.31733250000008, -7.106755299999975],
              [110.317255, -7.104743799999937],
              [110.31328530000008, -7.105786399999943],
              [110.30522940000009, -7.101394499999969],
              [110.30354310000007, -7.097431099999937],
              [110.30476380000005, -7.085226499999976],
              [110.30108640000009, -7.079807699999947],
              [110.30314640000006, -7.079220299999974],
              [110.30291750000004, -7.076863799999956],
              [110.30091010000007, -7.072496799999954],
              [110.30129240000008, -7.068228699999963],
              [110.29935440000008, -7.067659499999934],
              [110.30057530000005, -7.064471199999957],
              [110.29190830000005, -7.055203399999925],
              [110.293457, -7.052634199999943],
              [110.275124, -7.048790299999951],
              [110.27141620000003, -7.050622199999964],
              [110.26914980000004, -7.046358099999964],
              [110.27191530000005, -7.040066199999956],
              [110.27121880000004, -7.034969299999943],
              [110.27371010000007, -7.035220799999934],
              [110.27138510000009, -7.032916799999953],
              [110.27229410000007, -7.026511699999958],
              [110.27087910000006, -7.024616599999945],
              [110.27233630000006, -7.02099579999998],
              [110.27459720000007, -7.019826399999943],
              [110.27355960000006, -7.014405699999941],
              [110.27468110000007, -7.012436399999956],
              [110.28398330000005, -7.012725699999976],
              [110.28545380000008, -7.010453199999972],
              [110.28527070000007, -7.00818529999998],
              [110.28066250000006, -7.004448399999944],
              [110.28092960000004, -6.998907499999973],
              [110.28428650000006, -6.996875699999975],
              [110.28639220000008, -6.997785],
              [110.28748320000005, -6.996149499999945],
              [110.28712460000008, -6.993513099999973],
              [110.28203620000005, -6.99060929999996],
              [110.28384420000003, -6.98936],
              [110.28229430000005, -6.986676899999964],
              [110.28439790000004, -6.986566],
              [110.28501390000008, -6.98300949999998],
              [110.293372, -6.981115099999954],
              [110.29396450000007, -6.978866799999935],
              [110.29128760000009, -6.973760399999946],
              [110.28610980000008, -6.968759599999942],
              [110.28751130000006, -6.968704],
              [110.28811330000008, -6.965417],
              [110.295433, -6.968399499999975],
              [110.29618070000004, -6.967384799999934],
              [110.299614, -6.960021899999958],
              [110.29340350000007, -6.95702],
              [110.29185480000007, -6.954662299999939],
              [110.29198110000004, -6.950527199999954],
              [110.29919310000008, -6.941005699999948],
              [110.30620260000006, -6.937561099999925],
              [110.31178070000004, -6.937202599999978],
              [110.33024250000005, -6.946216799999945],
              [110.35005860000007, -6.951984599999946],
              [110.35177180000005, -6.953812],
              [110.36976220000008, -6.95496849999995],
              [110.383175, -6.954401599999926],
              [110.37536420000004, -6.951876299999981],
              [110.38191040000004, -6.950326699999948],
              [110.38262160000005, -6.947563499999944],
              [110.38630970000008, -6.946403499999974],
              [110.38567830000005, -6.949855599999978],
              [110.38708820000005, -6.951618099999962],
              [110.39011690000007, -6.951073199999939],
              [110.38886760000008, -6.948634299999981],
              [110.39251620000005, -6.94591719999994],
              [110.39457840000006, -6.949377899999945],
              [110.39614860000006, -6.947868199999959],
              [110.39506590000008, -6.94581],
              [110.40181170000005, -6.944751099999962],
              [110.402478, -6.949486299999933],
              [110.40726070000005, -6.949510099999941],
              [110.412206, -6.945157199999926],
              [110.41647470000004, -6.945999599999936],
              [110.41650330000004, -6.944200699999953],
              [110.41843070000004, -6.943172799999957],
              [110.41853540000005, -6.951506799999947],
              [110.42012180000006, -6.953339199999959],
              [110.42068340000009, -6.952368299999932],
              [110.42118780000004, -6.955014299999959],
              [110.42418590000005, -6.955766199999971],
              [110.42529950000005, -6.953881699999954],
              [110.41956980000003, -6.949284599999942],
              [110.419665, -6.947980599999937],
              [110.42624180000007, -6.951997099999971],
              [110.42716030000008, -6.950564699999973],
              [110.42341020000003, -6.946819399999981],
              [110.42358160000003, -6.936849499999937],
              [110.425685, -6.936011899999926],
              [110.42650040000007, -6.942066099999977],
              [110.42836350000005, -6.944459799999947],
              [110.43141870000005, -6.943260599999974],
              [110.43636320000007, -6.951464099999953],
              [110.43688670000006, -6.949346399999968],
              [110.43426930000004, -6.947252499999934],
              [110.43562560000004, -6.944278199999928],
              [110.43821920000005, -6.942053399999963],
              [110.43896870000009, -6.94523],
              [110.44107680000008, -6.945764799999949],
              [110.44295490000007, -6.938271899999961],
              [110.44628510000007, -6.936727699999949],
              [110.44989, -6.93731],
              [110.45681, -6.93527],
              [110.46219, -6.93159],
              [110.463562, -6.932247099999927]
            ],
            [
              [110.28457120000007, -6.98899339999997],
              [110.28512080000007, -6.988831299999958],
              [110.28491450000007, -6.988728499999979],
              [110.28457120000007, -6.98899339999997]
            ]
          ]
        ]
      }
    },
    {
      "type": "Feature",
      "properties": {
        "ADM0_EN": "Indonesia",
        "date": "2019-12-20",
        "validOn": "2020-04-01",
        "PROVINCE": "Jawa Tengah",
        "Kabupaten": "Temanggung",
        "PRV2": "Jawa_Tengah",
        "layer": "Jawa_Tengah_ADMIN_BPS",
        "path": "D:/rudi/Jawa_Tengah_ADMIN_BPS.shp",
        "listkodim_Kodim": "Kodim 0706/Temanggung",
        "listkodim_Korem": "Korem 072/Pamungkas"
      },
      "geometry": {
        "type": "MultiPolygon",
        "coordinates": [
          [
            [
              [110.18722410000004, -7.080968199999973],
              [110.19108450000004, -7.07958919999993],
              [110.19347260000006, -7.081087],
              [110.19113030000005, -7.084620299999926],
              [110.19329710000005, -7.088936199999978],
              [110.19074890000007, -7.092303099999981],
              [110.193648, -7.095264799999939],
              [110.19153830000005, -7.096129],
              [110.18770960000006, -7.102319699999953],
              [110.19054060000008, -7.101354199999946],
              [110.19240630000007, -7.106618399999945],
              [110.18236130000008, -7.109886699999947],
              [110.17605580000009, -7.10936479999998],
              [110.17386990000006, -7.111727499999972],
              [110.16517150000004, -7.113377199999945],
              [110.16121240000007, -7.116722699999968],
              [110.15955870000005, -7.125793299999941],
              [110.15358610000004, -7.127846199999965],
              [110.15054830000008, -7.125690899999938],
              [110.14813580000003, -7.126747],
              [110.14477810000005, -7.125347599999941],
              [110.14426110000005, -7.130300699999964],
              [110.14353640000007, -7.131066699999963],
              [110.14245770000008, -7.128624899999977],
              [110.14009360000006, -7.137228299999947],
              [110.145851, -7.138041899999962],
              [110.14602430000008, -7.143264099999953],
              [110.15190870000004, -7.147080399999936],
              [110.16135880000007, -7.143416099999968],
              [110.16523720000004, -7.145297899999946],
              [110.16895180000006, -7.143429799999979],
              [110.17770790000009, -7.148547399999927],
              [110.18029490000004, -7.152260499999954],
              [110.18427290000005, -7.151597699999968],
              [110.19271670000006, -7.164734099999976],
              [110.19125460000004, -7.169274299999927],
              [110.19237120000008, -7.172216],
              [110.20304290000007, -7.177544199999943],
              [110.20826220000004, -7.177191199999982],
              [110.209365, -7.18116109999994],
              [110.21134850000004, -7.181705099999931],
              [110.213167, -7.185315499999945],
              [110.22104640000003, -7.184079099999963],
              [110.230423, -7.187584399999935],
              [110.23884580000004, -7.187660199999925],
              [110.245697, -7.183960399999933],
              [110.24974370000007, -7.188340199999971],
              [110.25213860000008, -7.188829799999951],
              [110.25263850000005, -7.19154709999998],
              [110.25860810000006, -7.198123],
              [110.25232940000006, -7.197529299999928],
              [110.25454890000009, -7.211217199999965],
              [110.25792260000009, -7.213615499999946],
              [110.257451, -7.216526099999953],
              [110.26653940000006, -7.21768609999998],
              [110.26415820000005, -7.224819899999943],
              [110.26669690000006, -7.231989299999952],
              [110.27162450000009, -7.234804399999973],
              [110.27231740000008, -7.233982499999968],
              [110.27378070000009, -7.236109399999975],
              [110.27062990000007, -7.245500099999958],
              [110.27083590000007, -7.251219299999946],
              [110.27185060000005, -7.252409],
              [110.27760320000004, -7.251732799999957],
              [110.28327940000008, -7.254367299999956],
              [110.29614260000005, -7.268956099999969],
              [110.303673, -7.274391899999955],
              [110.30857320000007, -7.275566599999934],
              [110.31147, -7.27955],
              [110.31076, -7.28058],
              [110.32143860000008, -7.287129899999968],
              [110.32714930000009, -7.29602959999994],
              [110.32733430000008, -7.302886599999965],
              [110.317955, -7.304669799999942],
              [110.31395720000006, -7.308127399999933],
              [110.314627, -7.310408499999937],
              [110.31797030000007, -7.312227199999938],
              [110.32482910000004, -7.309005199999945],
              [110.32950590000007, -7.31179],
              [110.326294, -7.327409699999976],
              [110.32048030000004, -7.329905],
              [110.31950380000006, -7.332091799999944],
              [110.31938930000007, -7.337186299999928],
              [110.32229610000007, -7.337947799999938],
              [110.324852, -7.341204199999936],
              [110.31675720000004, -7.352292],
              [110.28655670000006, -7.364037799999949],
              [110.28289030000008, -7.366259599999978],
              [110.281105, -7.369474399999945],
              [110.276619, -7.370873],
              [110.27148440000008, -7.374975199999938],
              [110.269254, -7.379946599999926],
              [110.26692960000008, -7.381239899999969],
              [110.262413, -7.380656699999975],
              [110.25739290000007, -7.377395099999944],
              [110.25521850000007, -7.371003599999938],
              [110.249855, -7.369124399999976],
              [110.23642730000006, -7.372738799999979],
              [110.23491980000006, -7.37882929999995],
              [110.23150550000008, -7.382204199999933],
              [110.22625730000004, -7.38336419999996],
              [110.22332760000006, -7.379135099999928],
              [110.22500250000007, -7.386467499999981],
              [110.22241980000007, -7.391552399999966],
              [110.21653750000007, -7.394973199999981],
              [110.21546160000008, -7.401289799999972],
              [110.21331020000008, -7.397533899999928],
              [110.21634350000005, -7.38830349999995],
              [110.211853, -7.385492299999953],
              [110.205719, -7.387209899999959],
              [110.20087910000007, -7.382702699999925],
              [110.19567450000005, -7.380446899999981],
              [110.19197820000005, -7.380188099999941],
              [110.18915950000007, -7.383835199999965],
              [110.18115940000007, -7.383668099999966],
              [110.17783360000004, -7.381101599999965],
              [110.17201230000006, -7.381218399999966],
              [110.16050240000004, -7.385939599999972],
              [110.14679720000004, -7.383592599999929],
              [110.14299770000008, -7.384786099999928],
              [110.139267, -7.388459199999943],
              [110.12777710000006, -7.38713359999997],
              [110.12081150000006, -7.390279299999975],
              [110.09392820000005, -7.387828699999943],
              [110.07886420000006, -7.383427],
              [110.07633290000007, -7.385384199999976],
              [110.07317460000007, -7.385359899999969],
              [110.07134130000009, -7.384037699999965],
              [110.07051270000005, -7.379513599999939],
              [110.05682970000004, -7.372366799999952],
              [110.04353070000008, -7.360983],
              [110.040937, -7.355792399999928],
              [110.03152310000007, -7.348729699999978],
              [110.01840050000004, -7.331639399999972],
              [109.99839810000009, -7.31346869999993],
              [109.99613190000008, -7.306628699999976],
              [109.99643710000004, -7.291914],
              [109.99445350000008, -7.288545599999964],
              [109.99416350000007, -7.283668],
              [109.99819380000008, -7.269724599999961],
              [109.994957, -7.26144069999998],
              [109.97727640000005, -7.245741599999974],
              [109.97264240000004, -7.243650899999977],
              [109.97065880000008, -7.240064899999936],
              [109.96118230000008, -7.232696],
              [109.95915670000005, -7.232631399999946],
              [109.95104460000005, -7.217997],
              [109.94385590000007, -7.214733499999966],
              [109.93955090000009, -7.207831699999929],
              [109.93635560000007, -7.208578599999953],
              [109.93338570000009, -7.202870099999927],
              [109.94862180000007, -7.195230399999957],
              [109.96139050000005, -7.192655699999932],
              [109.98202240000006, -7.179593399999931],
              [109.98612230000003, -7.173158],
              [109.99283320000006, -7.172252899999933],
              [109.99275270000004, -7.168986599999926],
              [109.99734320000005, -7.166605799999957],
              [109.99964290000008, -7.162941599999954],
              [110.00823140000006, -7.159408599999949],
              [110.00988310000008, -7.154892799999971],
              [110.01250460000006, -7.154724599999952],
              [110.01308440000008, -7.152196899999979],
              [110.013504, -7.153172],
              [110.01615910000004, -7.15100289999998],
              [110.017366, -7.151760099999933],
              [110.01753220000006, -7.14947989999996],
              [110.01963810000007, -7.150241299999948],
              [110.02201080000009, -7.14797109999995],
              [110.02285010000008, -7.149157],
              [110.02680210000005, -7.147076099999936],
              [110.02725980000008, -7.144221699999946],
              [110.02952650000009, -7.144196199999953],
              [110.03177640000007, -7.139704699999982],
              [110.03375250000005, -7.140738499999941],
              [110.03856660000008, -7.13440559999998],
              [110.04096990000005, -7.134729799999945],
              [110.04077150000006, -7.133474299999932],
              [110.04389960000009, -7.131705299999965],
              [110.04312130000005, -7.130561799999953],
              [110.04611970000008, -7.130188899999951],
              [110.04862980000007, -7.126674599999944],
              [110.05079, -7.12754],
              [110.04996490000008, -7.124355799999933],
              [110.05505650000003, -7.123587899999961],
              [110.05550390000008, -7.121190499999955],
              [110.06010880000008, -7.11934569999994],
              [110.06948540000008, -7.121329599999967],
              [110.07700350000005, -7.120359399999927],
              [110.08466340000007, -7.114325],
              [110.08569340000008, -7.109373099999971],
              [110.08840720000006, -7.110264799999925],
              [110.09051590000007, -7.107315],
              [110.09454680000005, -7.107147899999973],
              [110.09564770000009, -7.104239799999959],
              [110.10439910000008, -7.098436399999969],
              [110.10779370000006, -7.098771099999965],
              [110.11079270000005, -7.095006499999954],
              [110.11737920000007, -7.095077599999968],
              [110.12091050000004, -7.092831],
              [110.12714760000006, -7.097526399999936],
              [110.12946090000008, -7.096226],
              [110.132285, -7.099342499999977],
              [110.13315960000006, -7.097286699999927],
              [110.13779910000005, -7.09674339999998],
              [110.13977180000006, -7.098486699999967],
              [110.14237980000007, -7.097129799999948],
              [110.14475770000007, -7.100520199999949],
              [110.15228210000004, -7.098667899999953],
              [110.16069050000004, -7.100039199999969],
              [110.16523480000006, -7.098636299999953],
              [110.16341290000008, -7.097628499999928],
              [110.16527330000008, -7.096218699999952],
              [110.16720980000008, -7.099831599999959],
              [110.16977060000005, -7.097486699999934],
              [110.17509130000008, -7.101290499999948],
              [110.17420970000006, -7.099251299999935],
              [110.17663450000003, -7.094485199999951],
              [110.17579530000006, -7.088495599999931],
              [110.17761110000004, -7.081764599999929],
              [110.18265890000004, -7.079550599999948],
              [110.18283380000008, -7.07764119999996],
              [110.18722410000004, -7.080968199999973]
            ]
          ]
        ]
      }
    },
    {
      "type": "Feature",
      "properties": {
        "ADM0_EN": "Indonesia",
        "date": "2019-12-20",
        "validOn": "2020-04-01",
        "PROVINCE": "Jawa Tengah",
        "Kabupaten": "Rembang",
        "PRV2": "Jawa_Tengah",
        "layer": "Jawa_Tengah_ADMIN_BPS",
        "path": "D:/rudi/Jawa_Tengah_ADMIN_BPS.shp",
        "listkodim_Kodim": "Kodim 0720/Rembang",
        "listkodim_Korem": "Korem 073/Makutarama"
      },
      "geometry": {
        "type": "MultiPolygon",
        "coordinates": [
          [
            [
              [111.29750380000007, -6.669849699999929],
              [111.30007930000005, -6.670295],
              [111.30010180000005, -6.672210199999938],
              [111.29739870000009, -6.672041599999943],
              [111.29750380000007, -6.669849699999929]
            ]
          ],
          [
            [
              [111.30190730000004, -6.666421],
              [111.30063150000007, -6.668315699999937],
              [111.299418, -6.667656699999952],
              [111.30190730000004, -6.666421]
            ]
          ],
          [
            [
              [111.25394630000005, -6.66716619999994],
              [111.253892, -6.666733799999975],
              [111.25427050000008, -6.666868799999975],
              [111.25394630000005, -6.66716619999994]
            ]
          ],
          [
            [
              [111.25924390000006, -6.666028299999937],
              [111.25978490000006, -6.666811799999948],
              [111.25843340000006, -6.666920599999969],
              [111.25924390000006, -6.666028299999937]
            ]
          ],
          [
            [
              [111.30005960000005, -6.658204199999943],
              [111.30211850000006, -6.659834899999964],
              [111.30031020000007, -6.661858199999926],
              [111.298866, -6.65975409999993],
              [111.30005960000005, -6.658204199999943]
            ]
          ],
          [
            [
              [111.26642610000005, -6.640235799999971],
              [111.26650670000004, -6.640221099999962],
              [111.26633650000008, -6.640300099999934],
              [111.26642610000005, -6.640235799999971]
            ]
          ],
          [
            [
              [111.28667360000009, -6.634656299999961],
              [111.286056, -6.633517899999958],
              [111.28694770000004, -6.633372799999961],
              [111.28667360000009, -6.634656299999961]
            ]
          ],
          [
            [
              [111.49654, -6.62329],
              [111.49960490000007, -6.626903199999958],
              [111.50852790000005, -6.632228399999974],
              [111.512711, -6.633099299999969],
              [111.5259, -6.62962],
              [111.54034, -6.63463],
              [111.542835, -6.633156399999962],
              [111.54797460000009, -6.635954599999934],
              [111.549131, -6.633713199999931],
              [111.54874560000007, -6.636839799999962],
              [111.5627, -6.63963],
              [111.62916140000004, -6.701042599999937],
              [111.63293570000008, -6.702070299999946],
              [111.63285920000004, -6.703902],
              [111.64069080000007, -6.711144099999956],
              [111.69140330000005, -6.753817199999958],
              [111.68444940000006, -6.770505799999967],
              [111.67801590000005, -6.770793499999968],
              [111.67609930000003, -6.774287499999957],
              [111.67378060000004, -6.774592],
              [111.67553060000006, -6.769343499999934],
              [111.67199890000006, -6.770593399999939],
              [111.67130160000005, -6.763366799999972],
              [111.66283710000005, -6.771588899999927],
              [111.65983760000006, -6.782123],
              [111.66403020000007, -6.789974699999959],
              [111.66438980000004, -6.797143699999936],
              [111.66209040000007, -6.79823209999995],
              [111.66146330000004, -6.801777899999934],
              [111.65717040000004, -6.806903599999941],
              [111.65837090000008, -6.808129699999938],
              [111.65777570000006, -6.811251],
              [111.66093010000009, -6.816080499999941],
              [111.65826850000008, -6.820604],
              [111.65600470000004, -6.821093099999928],
              [111.65295430000003, -6.82500749999997],
              [111.64708710000008, -6.823377599999958],
              [111.63502610000006, -6.828921699999967],
              [111.62911110000005, -6.824944099999925],
              [111.61954560000004, -6.821834],
              [111.613594, -6.831524799999954],
              [111.610466, -6.848125399999958],
              [111.61286230000007, -6.851481199999967],
              [111.61157220000007, -6.855473899999936],
              [111.61245720000005, -6.860503599999959],
              [111.61504020000007, -6.862194699999975],
              [111.61261240000005, -6.86402529999998],
              [111.60950310000004, -6.871024899999952],
              [111.61211390000005, -6.874483099999964],
              [111.61080080000005, -6.879214],
              [111.61337770000006, -6.877914499999974],
              [111.61511230000008, -6.881515],
              [111.61125470000007, -6.88285],
              [111.60921240000005, -6.887126],
              [111.60010710000006, -6.892698499999938],
              [111.599743, -6.895199599999955],
              [111.60261410000004, -6.901428799999962],
              [111.607881, -6.902293],
              [111.60245220000007, -6.911257199999966],
              [111.58508690000008, -6.909769599999947],
              [111.57774770000009, -6.913312399999938],
              [111.574707, -6.918276299999945],
              [111.56854380000004, -6.914743],
              [111.56934890000008, -6.918608399999925],
              [111.56763, -6.918453599999964],
              [111.56397250000003, -6.913250399999981],
              [111.56136780000008, -6.912296699999956],
              [111.55579020000005, -6.914216899999929],
              [111.55329890000007, -6.909753299999977],
              [111.54855030000004, -6.910720699999956],
              [111.54388420000004, -6.909118099999944],
              [111.54218290000006, -6.907814899999948],
              [111.54526520000007, -6.904141799999934],
              [111.54446410000008, -6.903221099999939],
              [111.541214, -6.904034099999933],
              [111.53858950000006, -6.900805399999967],
              [111.51857920000003, -6.897822099999928],
              [111.51672, -6.89642],
              [111.51661, -6.89253],
              [111.51453840000005, -6.889665099999945],
              [111.50977320000004, -6.891893299999936],
              [111.50516510000006, -6.890832399999965],
              [111.50241090000009, -6.893150299999945],
              [111.49790950000005, -6.894051],
              [111.48829650000005, -6.881389099999978],
              [111.48304750000005, -6.882743299999959],
              [111.47948130000009, -6.886411199999941],
              [111.47630240000007, -6.886379199999965],
              [111.46987280000008, -6.882036],
              [111.46035, -6.88244],
              [111.45906410000003, -6.878136099999949],
              [111.45435690000005, -6.876269],
              [111.44753370000006, -6.880328599999928],
              [111.44370280000004, -6.879810799999973],
              [111.43861390000006, -6.886751599999968],
              [111.43597760000006, -6.884551599999952],
              [111.43695430000008, -6.886704899999927],
              [111.43509670000009, -6.890019399999971],
              [111.42568970000008, -6.894059599999935],
              [111.41353610000004, -6.890008399999942],
              [111.41313170000006, -6.88247819999998],
              [111.40853880000009, -6.885780799999964],
              [111.40473940000004, -6.885278199999959],
              [111.40510520000004, -6.887326399999949],
              [111.39957430000004, -6.891138499999954],
              [111.39002230000006, -6.892722099999958],
              [111.38116450000007, -6.890074199999958],
              [111.37768550000004, -6.891548099999966],
              [111.36437220000005, -6.884894799999927],
              [111.35961910000009, -6.88631909999998],
              [111.35650960000004, -6.884717799999976],
              [111.34838560000009, -6.885930899999948],
              [111.34118170000005, -6.880748399999959],
              [111.34234210000005, -6.87786239999997],
              [111.338108, -6.873702199999968],
              [111.32943280000006, -6.868712699999946],
              [111.31360880000005, -6.864800899999977],
              [111.28475950000006, -6.865131799999972],
              [111.27262480000007, -6.858266599999979],
              [111.26387570000009, -6.856072599999948],
              [111.26223070000009, -6.85113],
              [111.26383110000006, -6.846505],
              [111.25989530000004, -6.83973119999996],
              [111.25742360000004, -6.839349099999936],
              [111.25592950000004, -6.836876199999949],
              [111.25833130000007, -6.834862699999974],
              [111.26229860000007, -6.834888399999954],
              [111.26335910000006, -6.83278839999997],
              [111.26522060000008, -6.834125499999971],
              [111.26712160000005, -6.833311799999933],
              [111.27053070000005, -6.831111899999939],
              [111.27067560000006, -6.82905],
              [111.26883950000007, -6.828647399999966],
              [111.26876640000006, -6.825003399999957],
              [111.26582120000006, -6.824852799999974],
              [111.25932520000003, -6.812411899999972],
              [111.25661470000006, -6.811401799999942],
              [111.25528720000005, -6.808496399999967],
              [111.25042820000004, -6.807004],
              [111.25104610000005, -6.802340199999946],
              [111.246643, -6.799726899999939],
              [111.24465940000005, -6.796374299999968],
              [111.245163, -6.792498599999931],
              [111.2472, -6.789085399999976],
              [111.24926760000005, -6.788479799999948],
              [111.24681, -6.78649],
              [111.24895120000008, -6.783050199999934],
              [111.24712580000005, -6.781549499999926],
              [111.24737550000009, -6.77919],
              [111.24559020000004, -6.779492299999959],
              [111.24515530000008, -6.777561599999956],
              [111.24343870000007, -6.777267],
              [111.243923, -6.775279399999931],
              [111.24599, -6.774870299999975],
              [111.24533650000006, -6.771455099999969],
              [111.24723040000003, -6.767176399999926],
              [111.24622340000008, -6.762590399999965],
              [111.23992920000006, -6.758055699999943],
              [111.23722840000005, -6.758880599999941],
              [111.237091, -6.754847],
              [111.23394010000004, -6.752722199999937],
              [111.23789520000008, -6.749599199999977],
              [111.23726440000007, -6.743818199999964],
              [111.23425850000007, -6.745202399999926],
              [111.23331240000005, -6.741484499999956],
              [111.23586310000007, -6.741285799999957],
              [111.237211, -6.739323],
              [111.23635650000006, -6.736642699999948],
              [111.23832080000005, -6.733270799999957],
              [111.23601370000006, -6.72554649999995],
              [111.23921770000004, -6.722436],
              [111.23810360000004, -6.720725199999947],
              [111.24029310000009, -6.718366599999968],
              [111.24028950000007, -6.714831899999979],
              [111.242436, -6.715268599999945],
              [111.239017, -6.713037699999973],
              [111.23878720000005, -6.709591299999943],
              [111.24148430000008, -6.709166399999958],
              [111.23910610000007, -6.708822299999952],
              [111.23973030000008, -6.705596399999934],
              [111.23809610000006, -6.703997],
              [111.23916750000006, -6.703827199999978],
              [111.23672320000009, -6.702143399999954],
              [111.23844940000004, -6.701076299999954],
              [111.23677210000005, -6.698117899999943],
              [111.23532290000009, -6.69948329999994],
              [111.23456770000007, -6.698217899999975],
              [111.23422360000006, -6.687323299999946],
              [111.24533570000006, -6.691738699999974],
              [111.25785170000006, -6.688098099999934],
              [111.272257, -6.690532299999973],
              [111.29080720000007, -6.687731699999972],
              [111.30558840000003, -6.69674509999993],
              [111.32040770000009, -6.697696899999926],
              [111.3331, -6.70207],
              [111.338168, -6.700695],
              [111.34304120000007, -6.703055399999926],
              [111.35671740000004, -6.70439609999994],
              [111.37827, -6.70189],
              [111.38565, -6.69734],
              [111.38840910000005, -6.69844889999996],
              [111.39065890000006, -6.694146699999976],
              [111.40588590000004, -6.690149],
              [111.44399690000006, -6.670618599999955],
              [111.46182860000005, -6.663523099999964],
              [111.467428, -6.657086499999934],
              [111.46629370000005, -6.647816899999953],
              [111.46402720000009, -6.646904899999981],
              [111.46512650000005, -6.646719299999972],
              [111.46511870000006, -6.64111719999994],
              [111.47068590000003, -6.637988599999971],
              [111.48125850000008, -6.627471399999934],
              [111.48881680000005, -6.625243],
              [111.49063870000003, -6.621076899999935],
              [111.49654, -6.62329]
            ]
          ],
          [
            [
              [111.30440480000004, -6.674147299999959],
              [111.30653010000009, -6.673397899999941],
              [111.30725190000004, -6.67549269999995],
              [111.30442870000007, -6.675941],
              [111.30440480000004, -6.674147299999959]
            ]
          ],
          [
            [
              [111.304314, -6.669100799999967],
              [111.30435790000007, -6.671271299999944],
              [111.30116590000006, -6.67214569999993],
              [111.30114320000007, -6.669719799999939],
              [111.304314, -6.669100799999967]
            ]
          ],
          [
            [
              [111.31266380000005, -6.666694599999971],
              [111.31491470000009, -6.663956499999927],
              [111.31687740000007, -6.665222699999958],
              [111.313811, -6.667815899999937],
              [111.31266380000005, -6.666694599999971]
            ]
          ],
          [
            [
              [111.30568930000004, -6.658129799999926],
              [111.30670760000004, -6.659855799999946],
              [111.30514690000007, -6.660779099999957],
              [111.30568930000004, -6.658129799999926]
            ]
          ],
          [
            [
              [111.31687630000005, -6.654961899999932],
              [111.31687170000004, -6.655649399999959],
              [111.31635090000009, -6.655604199999971],
              [111.31687630000005, -6.654961899999932]
            ]
          ]
        ]
      }
    },
    {
      "type": "Feature",
      "properties": {
        "ADM0_EN": "Indonesia",
        "date": "2019-12-20",
        "validOn": "2020-04-01",
        "PROVINCE": "Jawa Tengah",
        "Kabupaten": "Klaten",
        "PRV2": "Jawa_Tengah",
        "layer": "Jawa_Tengah_ADMIN_BPS",
        "path": "D:/rudi/Jawa_Tengah_ADMIN_BPS.shp",
        "listkodim_Kodim": "Kodim 0723/Klaten",
        "listkodim_Korem": "Korem 074/Warastratama"
      },
      "geometry": {
        "type": "MultiPolygon",
        "coordinates": [
          [
            [
              [110.45858170000008, -7.54158],
              [110.47780040000004, -7.555034699999965],
              [110.47686940000006, -7.557051499999943],
              [110.48806010000004, -7.572111599999971],
              [110.49143320000007, -7.581898399999943],
              [110.50664680000006, -7.590657599999929],
              [110.50848480000008, -7.593244499999969],
              [110.50769040000006, -7.596567099999959],
              [110.514277, -7.601554299999975],
              [110.51673680000005, -7.600753299999951],
              [110.52346540000008, -7.60416639999994],
              [110.523131, -7.605728399999975],
              [110.51317250000005, -7.605672799999979],
              [110.51298450000007, -7.610762199999954],
              [110.51980850000007, -7.616589799999929],
              [110.52208710000008, -7.621184299999925],
              [110.53069740000007, -7.626321],
              [110.53876, -7.63505],
              [110.53965, -7.63447],
              [110.53404480000006, -7.628134399999965],
              [110.53572730000008, -7.62670739999993],
              [110.54076380000004, -7.628395099999977],
              [110.54517260000006, -7.625572399999953],
              [110.542401, -7.61662739999997],
              [110.55037820000007, -7.609216],
              [110.54544070000009, -7.605376699999965],
              [110.54729490000005, -7.601315099999965],
              [110.55027030000008, -7.603052599999955],
              [110.55182730000007, -7.599917199999936],
              [110.55535330000004, -7.599115],
              [110.55930670000004, -7.595206799999971],
              [110.56123680000007, -7.596280299999933],
              [110.56677670000005, -7.587909899999943],
              [110.57076710000007, -7.588423199999966],
              [110.57327680000009, -7.58452989999995],
              [110.57850650000006, -7.58539339999993],
              [110.58144970000006, -7.587776899999938],
              [110.58923340000007, -7.584609],
              [110.59683990000008, -7.588325],
              [110.59935170000006, -7.584235399999955],
              [110.60041440000003, -7.576809199999957],
              [110.59821360000007, -7.572433499999931],
              [110.60066990000007, -7.569443199999967],
              [110.61189270000006, -7.576269099999934],
              [110.64181120000006, -7.586198099999933],
              [110.648941, -7.587586399999964],
              [110.65028710000007, -7.58506019999993],
              [110.66045160000004, -7.588648699999965],
              [110.661203, -7.585568799999976],
              [110.66686190000007, -7.584292299999959],
              [110.67795270000005, -7.588252099999977],
              [110.68904350000008, -7.58552039999995],
              [110.68821740000004, -7.589388399999962],
              [110.69022490000009, -7.588682],
              [110.692983, -7.591380599999979],
              [110.70380470000003, -7.593339199999946],
              [110.70786290000007, -7.59569259999995],
              [110.71790190000007, -7.597352799999953],
              [110.72114230000005, -7.595065499999976],
              [110.72571410000006, -7.597102499999949],
              [110.72915650000004, -7.596238099999937],
              [110.73137660000003, -7.599446299999954],
              [110.73886870000007, -7.598031499999934],
              [110.74112910000008, -7.599950799999931],
              [110.74305570000007, -7.599078799999972],
              [110.74646760000007, -7.603597099999945],
              [110.74278260000006, -7.609276699999953],
              [110.745163, -7.611070599999948],
              [110.74505840000006, -7.616443799999956],
              [110.74996480000004, -7.616433699999959],
              [110.75661470000006, -7.618895],
              [110.75754380000006, -7.617603299999928],
              [110.76057430000009, -7.619690399999968],
              [110.76459270000004, -7.619811099999936],
              [110.76667680000008, -7.622429299999965],
              [110.76644320000008, -7.625743599999964],
              [110.76815030000006, -7.627167699999973],
              [110.76350080000009, -7.635968199999979],
              [110.77195740000008, -7.639978799999938],
              [110.77698060000006, -7.633003799999926],
              [110.77774490000007, -7.635083799999961],
              [110.78068790000009, -7.635112],
              [110.78181460000008, -7.637918899999931],
              [110.78761290000006, -7.64197489999998],
              [110.79559540000008, -7.643353799999943],
              [110.79726630000005, -7.641385799999966],
              [110.79963650000008, -7.642186899999956],
              [110.79899010000008, -7.644318599999963],
              [110.791288, -7.647995399999957],
              [110.79411010000007, -7.648960799999941],
              [110.79180780000007, -7.651634399999978],
              [110.79400640000006, -7.654622099999926],
              [110.79383090000005, -7.657141599999932],
              [110.78662870000005, -7.655873299999939],
              [110.78678130000009, -7.65784119999995],
              [110.79006190000007, -7.658952199999931],
              [110.79007720000004, -7.66309739999997],
              [110.78556960000009, -7.661177499999951],
              [110.77855680000005, -7.664392],
              [110.77821190000009, -7.671021399999972],
              [110.78025490000005, -7.67420379999993],
              [110.77791, -7.67351],
              [110.77727970000007, -7.675888899999961],
              [110.78170010000008, -7.680249699999933],
              [110.77609820000004, -7.67874519999998],
              [110.77572930000008, -7.68261739999997],
              [110.76888420000006, -7.683542799999941],
              [110.77009160000006, -7.688577899999927],
              [110.76759870000006, -7.687828099999933],
              [110.76725110000007, -7.68891629999996],
              [110.77417750000006, -7.69336409999994],
              [110.76840480000004, -7.697361599999965],
              [110.76962550000007, -7.699973899999975],
              [110.76749160000008, -7.701345599999968],
              [110.76922960000007, -7.702576399999941],
              [110.76797180000005, -7.704844599999944],
              [110.76928710000004, -7.710144],
              [110.77202610000006, -7.712211099999934],
              [110.77091980000006, -7.713855699999954],
              [110.76956940000008, -7.71260209999997],
              [110.77043910000003, -7.716508399999952],
              [110.76584510000004, -7.715432299999975],
              [110.76467890000004, -7.716599899999949],
              [110.76354980000008, -7.719211099999939],
              [110.76573870000004, -7.720097],
              [110.76412290000007, -7.724211799999978],
              [110.75990480000007, -7.727311899999961],
              [110.75877830000007, -7.734293],
              [110.75345610000005, -7.739705499999957],
              [110.75097910000005, -7.74033559999998],
              [110.75090040000003, -7.743568],
              [110.74179840000005, -7.754828399999951],
              [110.74317050000008, -7.756149899999969],
              [110.73967660000005, -7.757356199999947],
              [110.74306830000006, -7.758163799999977],
              [110.74236020000006, -7.760479399999952],
              [110.73702240000006, -7.760250099999951],
              [110.730217, -7.763319],
              [110.72900440000006, -7.770474],
              [110.72694210000009, -7.770323099999928],
              [110.72507590000004, -7.776937699999962],
              [110.72205520000006, -7.777158099999951],
              [110.72120990000008, -7.783107199999961],
              [110.71893050000006, -7.783705299999951],
              [110.71499630000005, -7.789684299999976],
              [110.71221920000005, -7.791003199999977],
              [110.71415710000008, -7.798587299999951],
              [110.70983090000004, -7.804495],
              [110.69116180000009, -7.808386],
              [110.67091340000007, -7.803245199999935],
              [110.67264520000003, -7.800550099999953],
              [110.671951, -7.796568099999945],
              [110.67640820000008, -7.790421299999934],
              [110.67293790000008, -7.786537099999975],
              [110.67043980000005, -7.786171799999977],
              [110.66918640000006, -7.786635399999966],
              [110.67029280000008, -7.789777],
              [110.66443660000004, -7.792647399999964],
              [110.65825, -7.804462899999976],
              [110.65616230000006, -7.804489399999966],
              [110.64700830000004, -7.795249499999954],
              [110.63817740000007, -7.800393699999972],
              [110.62864680000007, -7.800519399999928],
              [110.62526020000007, -7.803445],
              [110.62126240000003, -7.799586399999953],
              [110.61918720000006, -7.798975599999949],
              [110.61550890000007, -7.801870099999974],
              [110.60816, -7.79676],
              [110.60709, -7.798421699999949],
              [110.59867080000004, -7.800051499999938],
              [110.60028840000007, -7.806342599999937],
              [110.59433750000005, -7.806215699999939],
              [110.58575420000005, -7.808642199999952],
              [110.58794390000008, -7.805403],
              [110.5858, -7.802777599999956],
              [110.57763970000008, -7.806692399999974],
              [110.57612590000008, -7.80501],
              [110.57656320000007, -7.801563399999964],
              [110.58402950000004, -7.796665],
              [110.58482360000005, -7.790913199999977],
              [110.58349370000008, -7.790104299999939],
              [110.58252580000004, -7.791356899999926],
              [110.58111790000004, -7.789249],
              [110.57788310000007, -7.789557499999944],
              [110.56214550000004, -7.782177599999955],
              [110.55586950000009, -7.784057399999938],
              [110.55406190000008, -7.78691809999998],
              [110.55332150000004, -7.792459299999962],
              [110.55549150000007, -7.793525899999963],
              [110.554754, -7.795224399999938],
              [110.55130770000005, -7.794808699999976],
              [110.55059170000004, -7.792442499999936],
              [110.54691310000004, -7.791405699999927],
              [110.54015530000004, -7.795046599999978],
              [110.53966630000008, -7.798004699999979],
              [110.53641510000006, -7.797937399999967],
              [110.53743740000004, -7.794723499999975],
              [110.536377, -7.794028299999979],
              [110.53496790000008, -7.796567399999958],
              [110.530672, -7.798137],
              [110.52942090000005, -7.790751499999942],
              [110.52412650000008, -7.786552599999936],
              [110.52291640000004, -7.78313959999997],
              [110.51783050000006, -7.782363099999941],
              [110.51244350000007, -7.779113699999925],
              [110.50977560000007, -7.77056609999994],
              [110.49194340000008, -7.766898399999945],
              [110.49163310000006, -7.741376599999967],
              [110.46870420000005, -7.638313299999936],
              [110.46851350000009, -7.617782099999943],
              [110.46315770000007, -7.604233699999952],
              [110.45947260000008, -7.583815099999981],
              [110.46052550000007, -7.580613099999937],
              [110.45962520000006, -7.569681199999934],
              [110.45744320000006, -7.565381499999944],
              [110.456871, -7.559108699999967],
              [110.44608170000004, -7.541913299999976],
              [110.44936540000003, -7.544105299999956],
              [110.45664380000005, -7.541032499999972],
              [110.45858170000008, -7.54158]
            ]
          ]
        ]
      }
    },
    {
      "type": "Feature",
      "properties": {
        "ADM0_EN": "Indonesia",
        "date": "2019-12-20",
        "validOn": "2020-04-01",
        "PROVINCE": "Jawa Tengah",
        "Kabupaten": "Boyolali",
        "PRV2": "Jawa_Tengah",
        "layer": "Jawa_Tengah_ADMIN_BPS",
        "path": "D:/rudi/Jawa_Tengah_ADMIN_BPS.shp",
        "listkodim_Kodim": "Kodim 0724/Boyolali",
        "listkodim_Korem": "Korem 074/Warastratama"
      },
      "geometry": {
        "type": "MultiPolygon",
        "coordinates": [
          [
            [
              [110.74616240000006, -7.141352099999949],
              [110.74990080000003, -7.148394599999961],
              [110.74754330000007, -7.152835399999958],
              [110.743248, -7.155962399999964],
              [110.74377870000006, -7.163808599999925],
              [110.74720760000008, -7.166555399999936],
              [110.75625330000008, -7.169310799999948],
              [110.75875860000008, -7.171338299999945],
              [110.75995630000006, -7.17514749999998],
              [110.76287810000008, -7.176256099999932],
              [110.76520580000005, -7.174799299999961],
              [110.76943510000007, -7.177422799999931],
              [110.76644130000005, -7.180337899999927],
              [110.761479, -7.179367299999967],
              [110.759552, -7.182340099999976],
              [110.76023860000004, -7.186352199999931],
              [110.76247860000007, -7.187420199999963],
              [110.76610720000008, -7.184042899999952],
              [110.76915330000008, -7.183699399999966],
              [110.77042190000009, -7.186368699999946],
              [110.77765160000007, -7.18618209999994],
              [110.77644230000004, -7.190566699999977],
              [110.77838140000006, -7.19126979999993],
              [110.78076930000009, -7.188970599999948],
              [110.78521730000006, -7.19324249999994],
              [110.78133390000005, -7.20330139999993],
              [110.78031160000006, -7.213176699999963],
              [110.776886, -7.218986499999971],
              [110.777298, -7.222496],
              [110.773201, -7.223587],
              [110.77182010000007, -7.226517699999931],
              [110.77066040000005, -7.226188399999955],
              [110.771347, -7.236326199999951],
              [110.76659390000009, -7.244058099999961],
              [110.78041840000009, -7.24530649999997],
              [110.78880310000005, -7.24342009999998],
              [110.79357910000004, -7.240426499999955],
              [110.80802920000008, -7.228659599999958],
              [110.80879210000006, -7.223302299999943],
              [110.81163790000005, -7.219118099999946],
              [110.82419580000004, -7.212311299999953],
              [110.82747650000005, -7.202247099999965],
              [110.83265690000007, -7.198209299999974],
              [110.84461970000007, -7.200379799999951],
              [110.84703830000007, -7.202900399999976],
              [110.84999080000006, -7.202255199999968],
              [110.85862860000009, -7.212325199999952],
              [110.85782390000008, -7.215967399999954],
              [110.85478590000008, -7.21552029999998],
              [110.85205840000003, -7.21746539999998],
              [110.84661810000006, -7.214369199999965],
              [110.84303740000007, -7.21640089999994],
              [110.84316110000009, -7.21879279999996],
              [110.83864590000007, -7.220707399999981],
              [110.83351130000005, -7.230216],
              [110.82798770000005, -7.236433],
              [110.82837680000006, -7.250996599999951],
              [110.82513430000006, -7.249745799999971],
              [110.822525, -7.245479599999953],
              [110.82289120000007, -7.24754],
              [110.81797030000007, -7.246107099999961],
              [110.82210540000005, -7.249181299999975],
              [110.82070920000007, -7.250255099999947],
              [110.82160180000005, -7.252258299999937],
              [110.82319640000009, -7.251263599999959],
              [110.82498170000008, -7.252477599999963],
              [110.82056430000006, -7.255292399999973],
              [110.82312010000004, -7.255340499999932],
              [110.82264710000004, -7.25691889999996],
              [110.82472990000008, -7.258492],
              [110.82615660000005, -7.255448299999955],
              [110.82847590000006, -7.255183699999975],
              [110.82640840000005, -7.257612699999981],
              [110.82776640000009, -7.259358899999938],
              [110.82665250000008, -7.262543699999981],
              [110.82415010000005, -7.260435099999938],
              [110.82250980000003, -7.26144359999995],
              [110.82057190000006, -7.260307799999964],
              [110.82003020000008, -7.255033499999968],
              [110.817688, -7.251981699999931],
              [110.81449890000005, -7.252843299999938],
              [110.81688690000004, -7.255040099999974],
              [110.81558990000008, -7.257406699999933],
              [110.81102750000008, -7.257083399999942],
              [110.81185150000005, -7.255926599999952],
              [110.809906, -7.254793599999971],
              [110.80905910000007, -7.25153819999997],
              [110.807106, -7.256463499999938],
              [110.802391, -7.256176899999957],
              [110.799675, -7.253514699999926],
              [110.80024720000006, -7.256381],
              [110.797905, -7.25596239999993],
              [110.79715730000004, -7.25835079999996],
              [110.80016330000007, -7.258161499999972],
              [110.79708860000005, -7.261814099999981],
              [110.79865260000008, -7.263926499999968],
              [110.79302210000009, -7.264399499999968],
              [110.79330440000007, -7.261280499999941],
              [110.79045870000004, -7.263116799999978],
              [110.78804780000007, -7.258585899999957],
              [110.78704830000004, -7.259338799999966],
              [110.78894040000006, -7.264304599999946],
              [110.78816220000004, -7.266177099999936],
              [110.78257750000006, -7.262181299999952],
              [110.78086090000005, -7.263580299999944],
              [110.78106690000004, -7.261883199999943],
              [110.77922060000009, -7.262695299999962],
              [110.77838140000006, -7.260100399999942],
              [110.77350620000004, -7.26056],
              [110.77563480000003, -7.263814899999943],
              [110.77201840000004, -7.264822],
              [110.77099610000005, -7.263526399999932],
              [110.76972960000006, -7.266299199999935],
              [110.76754760000006, -7.264193],
              [110.76441960000005, -7.264393799999937],
              [110.76792910000006, -7.265981599999975],
              [110.76668550000005, -7.267777399999943],
              [110.76014710000004, -7.269969399999979],
              [110.77051540000008, -7.270138199999963],
              [110.77441410000006, -7.267494699999929],
              [110.78016660000009, -7.268314799999928],
              [110.78068540000004, -7.269819199999972],
              [110.77174380000008, -7.271760899999947],
              [110.77429960000006, -7.271663199999978],
              [110.77569580000005, -7.275158799999929],
              [110.77118680000007, -7.277573599999926],
              [110.76934050000006, -7.276524499999937],
              [110.77080530000006, -7.280273899999941],
              [110.76694490000006, -7.281961399999943],
              [110.77175140000008, -7.285914899999966],
              [110.76892090000007, -7.286699699999929],
              [110.76905820000007, -7.288694799999973],
              [110.77140040000006, -7.28893329999994],
              [110.77127770000004, -7.291085599999974],
              [110.76736050000005, -7.29685029999996],
              [110.76062010000004, -7.296603199999936],
              [110.76305970000004, -7.299079399999925],
              [110.76381710000004, -7.29696789999997],
              [110.76797570000008, -7.298456599999952],
              [110.77042390000008, -7.294961899999976],
              [110.77244570000005, -7.294691599999965],
              [110.77246860000008, -7.301773],
              [110.76823430000007, -7.305562499999951],
              [110.77165220000006, -7.303240799999969],
              [110.77524570000008, -7.303257899999949],
              [110.77381130000003, -7.301435],
              [110.77464290000006, -7.298406099999966],
              [110.77697750000004, -7.298379899999929],
              [110.77523040000005, -7.29703],
              [110.77599330000004, -7.295259899999962],
              [110.78167850000006, -7.295510499999978],
              [110.77791590000004, -7.2939],
              [110.78004460000005, -7.291412799999932],
              [110.77614590000007, -7.287509399999976],
              [110.77894590000005, -7.285722699999951],
              [110.77616120000005, -7.284144899999944],
              [110.77780270000005, -7.27987909999996],
              [110.78218840000005, -7.278213],
              [110.78529360000005, -7.284088099999963],
              [110.78475190000006, -7.279318799999942],
              [110.78611760000007, -7.277879199999973],
              [110.78446960000008, -7.276605599999925],
              [110.78655240000006, -7.275548899999933],
              [110.78638460000008, -7.272523899999953],
              [110.79193120000008, -7.270362399999954],
              [110.79356380000007, -7.27268689999994],
              [110.79576870000005, -7.272950199999968],
              [110.79309840000008, -7.277827199999933],
              [110.79427340000007, -7.284872],
              [110.79267880000003, -7.289430099999947],
              [110.79668430000004, -7.304372299999955],
              [110.79519650000009, -7.306941],
              [110.79701230000006, -7.307885099999964],
              [110.79813390000004, -7.312731699999972],
              [110.80146790000003, -7.317313199999944],
              [110.80323030000005, -7.327512199999944],
              [110.79799650000007, -7.341026799999952],
              [110.79667, -7.35098],
              [110.79063420000006, -7.354266099999961],
              [110.78887580000008, -7.361377599999969],
              [110.79230960000007, -7.362555699999973],
              [110.79256440000006, -7.365227699999934],
              [110.79453530000006, -7.364348399999926],
              [110.79519810000005, -7.366735199999937],
              [110.80234910000007, -7.368046899999968],
              [110.78900750000008, -7.377177399999937],
              [110.78103650000008, -7.386505299999953],
              [110.77876240000006, -7.386323199999936],
              [110.77836610000008, -7.388678],
              [110.77604680000007, -7.388389099999927],
              [110.77307130000008, -7.391992099999925],
              [110.77279660000005, -7.412762099999952],
              [110.77462310000004, -7.417455],
              [110.77285060000008, -7.418731799999932],
              [110.769575, -7.41770889999998],
              [110.76939820000007, -7.419058499999949],
              [110.77411840000008, -7.428408699999977],
              [110.782533, -7.432340599999975],
              [110.78125890000007, -7.435815599999955],
              [110.774498, -7.435757099999933],
              [110.77104550000007, -7.440578899999934],
              [110.77456660000007, -7.444791799999962],
              [110.779356, -7.447115199999928],
              [110.78076930000009, -7.452895099999978],
              [110.78491970000005, -7.454128699999956],
              [110.78923040000006, -7.458556599999952],
              [110.79233550000004, -7.457638199999963],
              [110.79358670000005, -7.460723399999949],
              [110.79682160000004, -7.461555],
              [110.79726410000006, -7.460083],
              [110.80005980000004, -7.460756299999957],
              [110.80156710000006, -7.459163199999978],
              [110.80462650000004, -7.459181299999955],
              [110.80644490000009, -7.491665399999931],
              [110.81569140000005, -7.523034799999948],
              [110.81365970000007, -7.526577399999951],
              [110.81044010000005, -7.526746199999934],
              [110.81101990000008, -7.528692699999965],
              [110.80793, -7.534484799999973],
              [110.806633, -7.532546499999967],
              [110.80309210000007, -7.531781399999943],
              [110.80066790000006, -7.533854799999972],
              [110.79624140000004, -7.533825399999955],
              [110.79138180000007, -7.527175899999975],
              [110.78101060000006, -7.523849],
              [110.77583150000004, -7.525848199999928],
              [110.76496770000006, -7.526703099999963],
              [110.74871880000006, -7.523317199999951],
              [110.74269170000008, -7.527380599999958],
              [110.730484, -7.528463299999942],
              [110.72687530000007, -7.52607009999997],
              [110.72422790000007, -7.527920699999981],
              [110.72407530000004, -7.53001729999994],
              [110.72007750000006, -7.531716299999971],
              [110.70950320000009, -7.532334299999945],
              [110.70835870000008, -7.540188299999954],
              [110.71259310000005, -7.541398],
              [110.71157870000008, -7.547888799999953],
              [110.72177890000006, -7.550193799999931],
              [110.72638120000005, -7.553830499999947],
              [110.72173790000005, -7.559598799999947],
              [110.72000120000007, -7.558913699999948],
              [110.71926120000006, -7.560091],
              [110.72092440000006, -7.566874],
              [110.71574160000006, -7.575409699999966],
              [110.71484210000006, -7.57394249999993],
              [110.71241470000007, -7.575894499999947],
              [110.71538410000005, -7.578603099999953],
              [110.712839, -7.584831099999974],
              [110.70231630000006, -7.59365889999998],
              [110.69384090000005, -7.591397099999938],
              [110.69047350000005, -7.588897799999927],
              [110.68821740000004, -7.589388399999962],
              [110.68904350000008, -7.58552039999995],
              [110.678374, -7.588431799999967],
              [110.66730580000007, -7.584134499999948],
              [110.66130140000007, -7.585561],
              [110.66045160000004, -7.588648699999965],
              [110.65904240000003, -7.588846799999942],
              [110.65722440000008, -7.586324799999943],
              [110.65430760000004, -7.587144799999976],
              [110.65040410000006, -7.585443899999973],
              [110.64947960000006, -7.587564899999961],
              [110.63960260000005, -7.585722],
              [110.61115270000005, -7.575969199999975],
              [110.59960170000005, -7.569507099999953],
              [110.59797530000009, -7.574475899999925],
              [110.60032270000005, -7.575727],
              [110.59968120000008, -7.583303],
              [110.59643550000004, -7.588192],
              [110.589859, -7.584616099999948],
              [110.58784140000006, -7.58654359999997],
              [110.58238220000004, -7.58773739999998],
              [110.57740090000004, -7.584550199999967],
              [110.57347210000006, -7.584125499999971],
              [110.57076710000007, -7.588423199999966],
              [110.56677670000005, -7.587909899999943],
              [110.56123680000007, -7.596280299999933],
              [110.55958430000004, -7.594966699999929],
              [110.55536070000005, -7.599109599999963],
              [110.55182730000007, -7.599917199999936],
              [110.55046990000005, -7.603232299999945],
              [110.54729490000005, -7.601315099999965],
              [110.54479680000009, -7.604737399999976],
              [110.55021260000007, -7.608966099999975],
              [110.542401, -7.61662739999997],
              [110.54454740000006, -7.625486799999976],
              [110.54076380000004, -7.628395099999977],
              [110.53606510000009, -7.626852299999939],
              [110.53404480000006, -7.628134399999965],
              [110.53963650000009, -7.634354],
              [110.53884, -7.63505],
              [110.53069740000007, -7.626321],
              [110.52248380000009, -7.621489],
              [110.51950330000005, -7.616281299999969],
              [110.51298450000007, -7.610762199999954],
              [110.51294820000004, -7.605975899999976],
              [110.52217860000007, -7.605782899999951],
              [110.522582, -7.603414899999962],
              [110.51438380000008, -7.60162669999994],
              [110.50700160000008, -7.59594409999994],
              [110.50832750000006, -7.59386939999996],
              [110.50664680000006, -7.590657599999929],
              [110.50009030000007, -7.586952],
              [110.499378, -7.587791599999946],
              [110.49703850000009, -7.584334199999944],
              [110.495422, -7.58487839999998],
              [110.49615540000008, -7.583791499999961],
              [110.49221820000008, -7.582266299999958],
              [110.48806010000004, -7.572111599999971],
              [110.47732330000008, -7.557596399999966],
              [110.47773930000005, -7.554889299999957],
              [110.46758440000008, -7.546748699999966],
              [110.45664380000005, -7.541032499999972],
              [110.44937280000005, -7.544100199999946],
              [110.43983460000004, -7.536878099999967],
              [110.42893980000008, -7.53191709999993],
              [110.42673490000004, -7.529259199999956],
              [110.40523530000007, -7.517093199999977],
              [110.38574930000004, -7.513338799999929],
              [110.38034550000003, -7.514160799999956],
              [110.38005670000007, -7.51174629999997],
              [110.38893890000008, -7.506919399999958],
              [110.39548490000004, -7.498728699999958],
              [110.40219880000006, -7.499002899999937],
              [110.40470720000008, -7.497679799999958],
              [110.40784450000007, -7.498932799999977],
              [110.41368870000008, -7.497202899999934],
              [110.42708590000007, -7.485429299999964],
              [110.43309780000004, -7.477898599999946],
              [110.43530280000004, -7.469425199999932],
              [110.43426510000006, -7.465040699999975],
              [110.43814850000007, -7.455245899999966],
              [110.44235230000004, -7.449888199999975],
              [110.44297030000007, -7.444252],
              [110.447547, -7.435960299999977],
              [110.44735720000006, -7.433379199999933],
              [110.45647430000008, -7.422580699999969],
              [110.45855050000006, -7.414406499999927],
              [110.46529380000004, -7.408204699999942],
              [110.47560880000009, -7.404447499999947],
              [110.47731520000008, -7.405499199999952],
              [110.48352210000007, -7.402409699999964],
              [110.48359760000005, -7.407386899999949],
              [110.49101260000003, -7.409376599999973],
              [110.50361110000006, -7.411332199999947],
              [110.50894090000008, -7.407241499999941],
              [110.51064640000004, -7.408759399999951],
              [110.50811560000005, -7.412044799999933],
              [110.51725540000007, -7.417031699999939],
              [110.51238430000006, -7.421922199999926],
              [110.51745840000007, -7.437901899999929],
              [110.52064220000005, -7.438377299999956],
              [110.53075410000008, -7.433299499999976],
              [110.53684440000006, -7.434616099999971],
              [110.54386290000008, -7.432951899999978],
              [110.54783020000008, -7.434724699999947],
              [110.547482, -7.438861799999927],
              [110.55370650000003, -7.441252099999929],
              [110.55468310000003, -7.443206699999962],
              [110.551568, -7.444571099999962],
              [110.55099990000008, -7.447725799999944],
              [110.55243420000005, -7.450148599999977],
              [110.555794, -7.451428799999974],
              [110.56049250000007, -7.451231499999949],
              [110.55815530000007, -7.441079],
              [110.55946830000005, -7.435315899999978],
              [110.558648, -7.431798799999967],
              [110.56232930000004, -7.430809299999964],
              [110.56515160000004, -7.425789699999939],
              [110.56893660000009, -7.42471409999996],
              [110.56991310000006, -7.426166299999977],
              [110.56777560000006, -7.432466399999953],
              [110.56749310000004, -7.439766599999928],
              [110.57080010000004, -7.440385499999934],
              [110.57374650000008, -7.43668729999996],
              [110.57275290000007, -7.430749599999956],
              [110.57576290000009, -7.431692399999974],
              [110.57302880000009, -7.423335899999927],
              [110.57813030000005, -7.423894799999971],
              [110.58237530000008, -7.429213399999981],
              [110.58600340000004, -7.441456499999958],
              [110.58945680000005, -7.442423699999949],
              [110.58910940000004, -7.44592229999995],
              [110.592234, -7.444843599999956],
              [110.599778, -7.447846099999936],
              [110.59748170000006, -7.454072699999926],
              [110.59416720000007, -7.450823899999932],
              [110.58483030000008, -7.448793799999976],
              [110.584887, -7.445595299999979],
              [110.58586040000006, -7.446036299999946],
              [110.58282380000009, -7.446790499999963],
              [110.58312170000005, -7.44512229999998],
              [110.580407, -7.445115],
              [110.58063510000005, -7.448847699999931],
              [110.57852140000006, -7.449535799999978],
              [110.58492110000009, -7.450603299999955],
              [110.58913510000008, -7.464817],
              [110.57784040000007, -7.461945699999944],
              [110.57896210000007, -7.465152799999942],
              [110.58214180000004, -7.466337],
              [110.58673750000008, -7.472216499999945],
              [110.58995040000008, -7.472604399999966],
              [110.59072110000005, -7.475562599999932],
              [110.59544460000006, -7.477052899999933],
              [110.59893240000008, -7.480170899999962],
              [110.59865930000007, -7.481198799999959],
              [110.59655740000005, -7.480351599999949],
              [110.59648530000004, -7.483118],
              [110.60178640000004, -7.48298479999994],
              [110.60183070000005, -7.490046399999926],
              [110.60852810000006, -7.487841099999969],
              [110.61254860000008, -7.489324],
              [110.61864920000005, -7.488306099999932],
              [110.621456, -7.491190599999925],
              [110.62793850000008, -7.491878899999961],
              [110.63338980000009, -7.490104799999926],
              [110.63915110000005, -7.495311399999935],
              [110.64825570000005, -7.49138679999993],
              [110.64875290000003, -7.492862899999977],
              [110.66024660000005, -7.496466299999952],
              [110.65843960000007, -7.488379399999928],
              [110.65472410000007, -7.486768199999972],
              [110.65415190000004, -7.484476099999938],
              [110.65524740000006, -7.480808299999978],
              [110.66133120000006, -7.475535399999956],
              [110.660963, -7.474433599999941],
              [110.64958190000004, -7.470654899999943],
              [110.64018670000007, -7.470328299999949],
              [110.63802340000007, -7.472001499999976],
              [110.629364, -7.464815099999953],
              [110.63269810000008, -7.457321599999943],
              [110.64466090000008, -7.452028699999971],
              [110.64848330000007, -7.44845429999998],
              [110.64440920000004, -7.446449299999927],
              [110.63805390000005, -7.451854199999957],
              [110.631134, -7.451377399999956],
              [110.62300870000007, -7.455045199999972],
              [110.62139130000008, -7.453461599999969],
              [110.62139130000008, -7.448147699999936],
              [110.61899170000004, -7.445737299999962],
              [110.62371050000007, -7.44543479999993],
              [110.62568160000006, -7.442103699999961],
              [110.63141680000007, -7.43909119999995],
              [110.63292610000008, -7.432870399999956],
              [110.63566450000008, -7.429988599999945],
              [110.63379910000003, -7.42599679999995],
              [110.63479960000006, -7.422490699999969],
              [110.63184040000004, -7.418352299999981],
              [110.63633730000004, -7.416361799999947],
              [110.63569090000004, -7.406351],
              [110.63756690000008, -7.406622299999981],
              [110.63812730000006, -7.40315419999996],
              [110.63462010000006, -7.400669099999959],
              [110.63472750000005, -7.389559199999951],
              [110.62883760000005, -7.386784099999943],
              [110.62934660000008, -7.384946699999944],
              [110.62554170000004, -7.382682799999941],
              [110.63174270000007, -7.373310799999956],
              [110.62899810000005, -7.369632599999932],
              [110.63598250000007, -7.36151719999998],
              [110.63612720000003, -7.352390899999932],
              [110.63928220000008, -7.350688599999955],
              [110.64087080000007, -7.344647399999928],
              [110.63995430000006, -7.338905699999941],
              [110.64657970000007, -7.332577499999957],
              [110.64326290000008, -7.330742599999951],
              [110.64172280000008, -7.325943199999926],
              [110.63581080000006, -7.328152599999953],
              [110.63107630000007, -7.327065199999936],
              [110.617452, -7.333485399999972],
              [110.61392540000008, -7.333905399999935],
              [110.60786, -7.33101],
              [110.61005980000004, -7.324561899999935],
              [110.60307080000007, -7.322586699999931],
              [110.59926610000008, -7.314920899999947],
              [110.59929590000007, -7.307096399999978],
              [110.603363, -7.300266199999953],
              [110.60149390000004, -7.291235399999948],
              [110.621675, -7.289278799999977],
              [110.61795, -7.28661],
              [110.62055970000006, -7.28513049999998],
              [110.62335970000004, -7.285680699999943],
              [110.62412260000008, -7.284234],
              [110.62464820000008, -7.278787899999941],
              [110.62233870000006, -7.277281599999981],
              [110.62102040000008, -7.268511],
              [110.62480730000004, -7.270693299999948],
              [110.63087910000007, -7.265693599999963],
              [110.63571270000006, -7.265198799999951],
              [110.63389430000007, -7.253922399999965],
              [110.62833420000004, -7.247451],
              [110.62416550000006, -7.234943899999962],
              [110.624076, -7.229794],
              [110.62741090000009, -7.219645],
              [110.64372250000008, -7.219012699999951],
              [110.64900970000008, -7.223437299999944],
              [110.65563960000009, -7.225915899999961],
              [110.66165920000009, -7.223813499999949],
              [110.66793060000003, -7.227505699999938],
              [110.66902160000006, -7.228826499999968],
              [110.66712190000004, -7.230296599999974],
              [110.66789250000005, -7.231522499999926],
              [110.67469020000004, -7.237635599999976],
              [110.68256380000008, -7.24103539999993],
              [110.69208560000004, -7.240427199999942],
              [110.69460630000009, -7.230680699999937],
              [110.69339750000006, -7.229478799999981],
              [110.69422910000009, -7.224518299999943],
              [110.70569610000007, -7.21584219999994],
              [110.70411680000007, -7.208401699999968],
              [110.69645690000004, -7.207637299999931],
              [110.69297790000007, -7.205422899999974],
              [110.69358830000004, -7.202584299999955],
              [110.68939970000008, -7.192171499999972],
              [110.690567, -7.188896599999964],
              [110.69704440000004, -7.18547719999998],
              [110.70408630000009, -7.185118199999977],
              [110.707634, -7.179466199999979],
              [110.72368620000009, -7.16502],
              [110.727829, -7.157229899999948],
              [110.72790530000009, -7.152789599999949],
              [110.73452, -7.143651],
              [110.74307250000004, -7.139347499999928],
              [110.74616240000006, -7.141352099999949]
            ],
            [
              [110.57246470000007, -7.443958099999975],
              [110.57226240000006, -7.442265599999928],
              [110.56497810000008, -7.442579899999942],
              [110.57120720000006, -7.445026799999937],
              [110.57246470000007, -7.443958099999975]
            ]
          ]
        ]
      }
    },
    {
      "type": "Feature",
      "properties": {
        "ADM0_EN": "Indonesia",
        "date": "2019-12-20",
        "validOn": "2020-04-01",
        "PROVINCE": "Jawa Tengah",
        "Kabupaten": "Kota Pekalongan",
        "PRV2": "Jawa_Tengah",
        "layer": "Jawa_Tengah_ADMIN_BPS",
        "path": "D:/rudi/Jawa_Tengah_ADMIN_BPS.shp",
        "listkodim_Kodim": "Kodim 0710/Pekalongan",
        "listkodim_Korem": "Korem 071/Wijayakusuma"
      },
      "geometry": {
        "type": "MultiPolygon",
        "coordinates": [
          [
            [
              [109.597019, -6.840952799999968],
              [109.62257, -6.84201],
              [109.62350470000007, -6.840991799999927],
              [109.6348, -6.84633],
              [109.65828, -6.85006],
              [109.65886120000005, -6.848947799999962],
              [109.67449170000003, -6.856462099999931],
              [109.68287, -6.85855],
              [109.69011940000007, -6.859217899999976],
              [109.69238140000004, -6.856638199999963],
              [109.69444790000006, -6.85925089999995],
              [109.71420790000008, -6.868008399999951],
              [109.71215820000003, -6.872498],
              [109.70933530000008, -6.872526599999958],
              [109.70713810000007, -6.877913399999954],
              [109.71141050000006, -6.883685499999956],
              [109.70326680000005, -6.899405499999943],
              [109.70542680000005, -6.90172739999997],
              [109.70529240000008, -6.904260099999931],
              [109.70227870000008, -6.905921699999965],
              [109.70089060000004, -6.909379399999978],
              [109.694664, -6.913263799999982],
              [109.69680570000008, -6.920375799999931],
              [109.69512980000007, -6.928540899999973],
              [109.68820990000006, -6.933226699999977],
              [109.68714520000009, -6.930867199999966],
              [109.68120160000007, -6.93109329999993],
              [109.68097480000006, -6.933300399999951],
              [109.67930880000006, -6.933668799999964],
              [109.68016330000006, -6.935200899999927],
              [109.67617040000005, -6.934152599999948],
              [109.67348480000004, -6.936244899999963],
              [109.67651370000004, -6.937177599999927],
              [109.67530820000007, -6.939643799999942],
              [109.67704780000008, -6.941592699999944],
              [109.67831490000009, -6.940294499999936],
              [109.68115370000004, -6.941461299999958],
              [109.67944870000008, -6.942671599999926],
              [109.68148310000004, -6.943993499999976],
              [109.68209470000005, -6.948101899999926],
              [109.68549840000009, -6.95359469999994],
              [109.68647150000004, -6.954109899999935],
              [109.68754070000006, -6.950730599999929],
              [109.69122920000007, -6.952899699999932],
              [109.69394540000008, -6.958393199999932],
              [109.692909, -6.960292099999947],
              [109.69871520000004, -6.965505099999973],
              [109.70204950000004, -6.96455119999996],
              [109.70451080000004, -6.971277699999973],
              [109.70325180000009, -6.973810899999933],
              [109.705419, -6.974937899999929],
              [109.70482220000008, -6.978133699999944],
              [109.70676890000004, -6.979673899999966],
              [109.70741670000007, -6.986497699999973],
              [109.71537970000008, -6.987967799999979],
              [109.71671320000007, -6.986222899999973],
              [109.72126250000008, -6.986526699999956],
              [109.73045980000006, -7.002567899999974],
              [109.73435970000008, -7.003830899999969],
              [109.73999870000006, -7.000623499999961],
              [109.74443550000007, -6.995386399999973],
              [109.74795560000007, -6.999433899999929],
              [109.74684170000006, -7.004896099999939],
              [109.74871090000005, -7.007280299999934],
              [109.74772670000004, -7.01166569999998],
              [109.75910540000007, -7.03169029999998],
              [109.75620780000008, -7.037159],
              [109.75312750000006, -7.038213799999937],
              [109.75525160000007, -7.041465699999947],
              [109.75161960000008, -7.043601099999933],
              [109.75307210000005, -7.04643649999997],
              [109.75522760000007, -7.046899899999971],
              [109.75367620000009, -7.054289199999971],
              [109.755833, -7.056054],
              [109.75350830000008, -7.058173799999963],
              [109.75583960000006, -7.058947499999931],
              [109.75863880000009, -7.063718399999971],
              [109.75627250000008, -7.064802399999962],
              [109.757992, -7.06594629999995],
              [109.75847640000006, -7.070337699999925],
              [109.75601980000005, -7.072374299999979],
              [109.75702680000006, -7.075671099999965],
              [109.75387590000008, -7.083893699999976],
              [109.75066390000006, -7.084015299999976],
              [109.75092330000007, -7.087335499999938],
              [109.75324440000009, -7.087864299999978],
              [109.75332660000004, -7.09004159999995],
              [109.74788670000004, -7.093302699999981],
              [109.74614720000005, -7.097037799999953],
              [109.73884590000006, -7.09968559999993],
              [109.73903660000008, -7.101677399999971],
              [109.74390410000007, -7.111640399999942],
              [109.75350950000006, -7.112597],
              [109.76252750000003, -7.116420199999936],
              [109.76680760000005, -7.114779],
              [109.77185060000005, -7.116462199999944],
              [109.77469640000004, -7.125387199999977],
              [109.77294160000008, -7.131722899999943],
              [109.77391050000006, -7.134011699999974],
              [109.77065280000005, -7.138968399999953],
              [109.77133180000004, -7.142501299999935],
              [109.77513130000006, -7.144990899999925],
              [109.77827460000009, -7.155229499999962],
              [109.78385930000007, -7.162570899999935],
              [109.78759, -7.166232499999978],
              [109.79421230000008, -7.167962499999931],
              [109.79806230000008, -7.17103979999996],
              [109.78972630000004, -7.176091099999951],
              [109.775177, -7.180069399999979],
              [109.76804350000003, -7.17995639999998],
              [109.76116950000005, -7.176775899999939],
              [109.75402830000007, -7.18051719999994],
              [109.752182, -7.179466599999955],
              [109.74555210000005, -7.182459699999981],
              [109.74430850000005, -7.189758299999937],
              [109.72640990000008, -7.201842299999953],
              [109.71407320000009, -7.198248799999931],
              [109.70801540000008, -7.199858199999937],
              [109.70355680000006, -7.195282799999973],
              [109.690033, -7.195055],
              [109.68969730000003, -7.192088599999977],
              [109.68308260000003, -7.185112],
              [109.68206030000005, -7.181163799999979],
              [109.68306730000006, -7.177494499999966],
              [109.68156430000005, -7.174579599999959],
              [109.68261350000006, -7.173525299999937],
              [109.67610940000009, -7.172453799999971],
              [109.67137920000005, -7.17737429999994],
              [109.66381840000008, -7.178456799999935],
              [109.65258030000007, -7.175236699999971],
              [109.64804340000006, -7.172041299999933],
              [109.643532, -7.173140399999966],
              [109.64129640000004, -7.176167899999939],
              [109.63480380000004, -7.177504499999941],
              [109.62902070000007, -7.187772699999925],
              [109.625, -7.189826899999957],
              [109.62342840000008, -7.19758029999997],
              [109.62004860000008, -7.200459399999943],
              [109.61666740000004, -7.201050399999929],
              [109.61127470000008, -7.210800099999972],
              [109.60751340000007, -7.211614599999962],
              [109.59679410000007, -7.20612],
              [109.59479520000008, -7.207981099999927],
              [109.590477, -7.206916299999932],
              [109.58799740000006, -7.212953499999969],
              [109.57871250000005, -7.221815099999958],
              [109.57435610000005, -7.222487399999977],
              [109.57147980000008, -7.2209],
              [109.56607060000005, -7.222676199999967],
              [109.56092840000008, -7.23051449999997],
              [109.55199430000005, -7.231547299999932],
              [109.53858950000006, -7.244429599999933],
              [109.53828430000004, -7.239399899999967],
              [109.53329470000006, -7.233499499999937],
              [109.53064730000006, -7.227139399999942],
              [109.53057860000007, -7.222475],
              [109.52437590000005, -7.220441299999948],
              [109.52137760000005, -7.216917499999965],
              [109.52173620000008, -7.211811],
              [109.51971440000005, -7.208339199999955],
              [109.52097320000007, -7.204635099999962],
              [109.52628330000005, -7.198976899999934],
              [109.52493290000007, -7.19481989999997],
              [109.52109530000007, -7.191929799999969],
              [109.52073670000004, -7.188774499999965],
              [109.518158, -7.188923799999941],
              [109.51890570000006, -7.185533],
              [109.516983, -7.185386599999958],
              [109.51736450000004, -7.182533199999966],
              [109.51409150000006, -7.180182899999977],
              [109.51077270000008, -7.171159199999977],
              [109.50557710000004, -7.168471299999965],
              [109.50437930000004, -7.155648199999973],
              [109.49737820000007, -7.141170199999976],
              [109.49783330000008, -7.138933599999973],
              [109.49343880000004, -7.134418399999959],
              [109.49320220000004, -7.129842199999928],
              [109.49069980000007, -7.128933899999936],
              [109.49266060000008, -7.127214899999956],
              [109.49118810000004, -7.120720299999959],
              [109.49576570000005, -7.113426599999968],
              [109.49429320000007, -7.109817],
              [109.50353240000004, -7.103633399999978],
              [109.50458550000008, -7.100592199999937],
              [109.50236510000008, -7.094936299999972],
              [109.49948120000005, -7.092483499999958],
              [109.49939730000006, -7.086557399999947],
              [109.49575040000008, -7.08279269999997],
              [109.49706270000007, -7.074254],
              [109.49614720000005, -7.067781899999943],
              [109.49288940000008, -7.065253199999972],
              [109.48836520000003, -7.056251],
              [109.49071510000005, -7.048555299999975],
              [109.48460390000008, -7.043461799999932],
              [109.48679350000003, -7.039011899999934],
              [109.48382570000007, -7.028504299999952],
              [109.48786170000005, -7.022706899999946],
              [109.49343110000007, -7.018804],
              [109.49353030000009, -7.012339099999963],
              [109.49743080000007, -7.009540499999957],
              [109.49677110000005, -7.006377799999939],
              [109.49880220000006, -6.999999899999978],
              [109.49527740000008, -6.989908199999945],
              [109.49749760000009, -6.987225],
              [109.49548340000007, -6.984475499999974],
              [109.49848940000004, -6.982713699999977],
              [109.49835210000003, -6.964405],
              [109.50734710000006, -6.957572899999946],
              [109.51257320000008, -6.947446799999966],
              [109.51995850000009, -6.948195899999973],
              [109.52112580000005, -6.943206699999962],
              [109.53078460000006, -6.940686599999935],
              [109.53096010000007, -6.938193699999943],
              [109.53450410000005, -6.938345499999969],
              [109.53487170000005, -6.932785699999954],
              [109.54540290000006, -6.929882499999962],
              [109.54905150000008, -6.92621],
              [109.55027520000004, -6.928485399999943],
              [109.55227360000004, -6.928784699999937],
              [109.55339820000006, -6.923329799999976],
              [109.55560310000004, -6.922469099999944],
              [109.55812070000007, -6.924569099999928],
              [109.56190230000004, -6.922447699999964],
              [109.56341550000008, -6.91841119999998],
              [109.56141670000005, -6.913093499999945],
              [109.56486510000008, -6.90671059999994],
              [109.56281280000007, -6.900052],
              [109.56594090000004, -6.898629199999959],
              [109.56562020000007, -6.896144],
              [109.56757040000008, -6.894354799999974],
              [109.56588170000003, -6.892225899999971],
              [109.56875820000005, -6.890697199999977],
              [109.56678, -6.889389599999959],
              [109.56807640000005, -6.888746699999956],
              [109.56802880000004, -6.885730799999976],
              [109.56577140000007, -6.88617],
              [109.56616210000004, -6.88475219999998],
              [109.56900790000009, -6.882051399999966],
              [109.57606510000005, -6.882586899999978],
              [109.57605750000005, -6.878138499999977],
              [109.582016, -6.876716099999953],
              [109.58007050000003, -6.874920299999928],
              [109.58061980000008, -6.873704399999951],
              [109.58344270000003, -6.872432699999933],
              [109.58340460000005, -6.870222],
              [109.585762, -6.868770099999949],
              [109.58345030000004, -6.867578499999979],
              [109.58614440000008, -6.864266799999939],
              [109.58404540000004, -6.862800099999959],
              [109.58465230000007, -6.861805],
              [109.58721160000005, -6.863978799999927],
              [109.58853910000005, -6.862609299999974],
              [109.58624210000005, -6.860671699999955],
              [109.58852390000004, -6.858848],
              [109.58420720000004, -6.859536699999978],
              [109.58369560000006, -6.858485199999961],
              [109.58667930000007, -6.856731199999956],
              [109.58354190000006, -6.856507299999976],
              [109.58511350000003, -6.854938],
              [109.58364870000008, -6.853584699999942],
              [109.58398440000008, -6.850073299999963],
              [109.58890540000004, -6.850139099999978],
              [109.59045570000006, -6.847462099999973],
              [109.59361880000006, -6.850150399999961],
              [109.59208680000006, -6.845091799999977],
              [109.59508380000005, -6.846425099999976],
              [109.59919610000009, -6.844989299999952],
              [109.59639110000006, -6.84268179999998],
              [109.597019, -6.840952799999968]
            ]
          ]
        ]
      }
    },
    {
      "type": "Feature",
      "properties": {
        "ADM0_EN": "Indonesia",
        "date": "2019-12-20",
        "validOn": "2020-04-01",
        "PROVINCE": "Jawa Tengah",
        "Kabupaten": "Wonogiri",
        "PRV2": "Jawa_Tengah",
        "layer": "Jawa_Tengah_ADMIN_BPS",
        "path": "D:/rudi/Jawa_Tengah_ADMIN_BPS.shp",
        "listkodim_Kodim": "Kodim 0728/Wonogiri",
        "listkodim_Korem": "Korem 074/Warastratama"
      },
      "geometry": {
        "type": "MultiPolygon",
        "coordinates": [
          [
            [
              [111.18203590000007, -7.712367499999971],
              [111.18867490000008, -7.713503299999957],
              [111.19154360000005, -7.712441399999932],
              [111.20124820000007, -7.72106169999995],
              [111.20824430000005, -7.721287699999948],
              [111.21414950000008, -7.723412],
              [111.21551510000006, -7.728367299999945],
              [111.213623, -7.733051699999976],
              [111.21572870000006, -7.737803],
              [111.22266390000004, -7.739761299999941],
              [111.22737880000005, -7.74503459999994],
              [111.23325350000005, -7.746757],
              [111.238472, -7.750941699999942],
              [111.24402620000006, -7.741394499999956],
              [111.24908450000004, -7.741957199999945],
              [111.25213620000005, -7.746804199999929],
              [111.25981140000005, -7.746648299999947],
              [111.26025390000007, -7.744365199999947],
              [111.26667020000008, -7.743446799999958],
              [111.26712030000004, -7.741420199999936],
              [111.27074430000005, -7.739772799999969],
              [111.27252960000004, -7.740718299999969],
              [111.27125750000005, -7.737089699999956],
              [111.27454370000004, -7.734913799999958],
              [111.28330230000006, -7.738294599999961],
              [111.28707880000007, -7.743069099999957],
              [111.29008480000005, -7.742880799999966],
              [111.28907780000009, -7.75],
              [111.286377, -7.751877699999966],
              [111.28531650000008, -7.754906099999971],
              [111.29071810000005, -7.754935699999976],
              [111.29353330000004, -7.757160099999965],
              [111.29355620000007, -7.760667799999965],
              [111.28786470000006, -7.770162099999936],
              [111.28324890000005, -7.781903199999931],
              [111.28333280000004, -7.787148399999978],
              [111.28133390000005, -7.788720099999978],
              [111.28344720000007, -7.788371499999926],
              [111.28544610000006, -7.79401919999998],
              [111.28992460000006, -7.794013],
              [111.29860690000004, -7.801251799999932],
              [111.30070490000008, -7.811205399999949],
              [111.30458830000003, -7.814165099999968],
              [111.304306, -7.818929599999933],
              [111.30686190000006, -7.823061399999972],
              [111.30413820000007, -7.830441499999949],
              [111.30578610000003, -7.841066299999966],
              [111.31443020000006, -7.843137699999943],
              [111.31835180000007, -7.847723899999949],
              [111.31930540000008, -7.854368199999954],
              [111.30747990000003, -7.858724099999961],
              [111.299675, -7.859858],
              [111.29779050000008, -7.862027099999978],
              [111.29665370000004, -7.870398499999965],
              [111.29911040000007, -7.878962499999943],
              [111.29257960000007, -7.888183599999934],
              [111.28811640000004, -7.900365799999975],
              [111.28753680000005, -7.906652099999974],
              [111.27324670000007, -7.924651599999947],
              [111.27459710000005, -7.932310099999938],
              [111.27209470000008, -7.940289899999925],
              [111.26816560000009, -7.944622],
              [111.25779720000008, -7.94874429999993],
              [111.245346, -7.948563499999977],
              [111.235733, -7.944606699999952],
              [111.227005, -7.933208],
              [111.21685030000003, -7.926117399999953],
              [111.21505740000003, -7.926818299999979],
              [111.21162410000005, -7.936693199999979],
              [111.19633480000005, -7.939774],
              [111.19218440000009, -7.939289499999973],
              [111.19305420000006, -7.932572299999947],
              [111.18822480000006, -7.922595],
              [111.18324280000007, -7.918823699999962],
              [111.17895510000005, -7.921806799999956],
              [111.16893770000007, -7.921465399999931],
              [111.16474910000005, -7.92401689999997],
              [111.16325380000006, -7.922462899999971],
              [111.157547, -7.92206189999996],
              [111.15602110000009, -7.923640699999964],
              [111.15487670000005, -7.922502],
              [111.14922330000007, -7.930229199999928],
              [111.14415740000004, -7.934154499999977],
              [111.14326480000005, -7.942581599999926],
              [111.14886470000005, -7.950806599999964],
              [111.14942170000006, -7.954588399999977],
              [111.14598080000007, -7.957778899999937],
              [111.14762880000006, -7.960481099999981],
              [111.146431, -7.966988499999957],
              [111.144104, -7.966702899999973],
              [111.14210510000004, -7.969410399999958],
              [111.13811490000006, -7.969434699999965],
              [111.132988, -7.973814899999979],
              [111.13025660000005, -7.972091099999943],
              [111.12382420000006, -7.972124599999972],
              [111.12915040000007, -7.985432099999969],
              [111.128891, -7.991497],
              [111.13197330000008, -7.996461799999963],
              [111.13030240000006, -8.007087699999943],
              [111.13521580000008, -8.013096799999971],
              [111.13625340000004, -8.018264699999975],
              [111.136173, -8.023561099999938],
              [111.12632750000006, -8.037467899999967],
              [111.12718960000007, -8.064241399999958],
              [111.12501950000006, -8.064828899999952],
              [111.12248610000006, -8.06019109999994],
              [111.11351010000004, -8.056740699999978],
              [111.09643550000004, -8.06096649999995],
              [111.09604640000003, -8.06445789999998],
              [111.09310910000005, -8.065256099999942],
              [111.09211730000004, -8.061131399999965],
              [111.08896640000006, -8.060370399999954],
              [111.09051510000006, -8.051351499999953],
              [111.08951570000005, -8.048411299999941],
              [111.09098820000008, -8.046658499999978],
              [111.09025570000006, -8.041900599999963],
              [111.09169010000005, -8.040377599999943],
              [111.09284210000004, -8.030677799999978],
              [111.07704160000009, -8.02472679999994],
              [111.07101440000008, -8.029376],
              [111.07156370000007, -8.030388799999969],
              [111.06742860000008, -8.035047499999962],
              [111.06912990000006, -8.046108199999935],
              [111.06681820000006, -8.056092199999966],
              [111.07138820000006, -8.061447099999953],
              [111.07173160000008, -8.064026799999965],
              [111.06586460000005, -8.063253399999951],
              [111.06428530000005, -8.067703199999926],
              [111.05619810000007, -8.068458499999963],
              [111.05538180000008, -8.072462],
              [111.05290980000007, -8.071844099999964],
              [111.05075070000004, -8.074684099999956],
              [111.04061890000008, -8.076045],
              [111.03556820000006, -8.080668399999979],
              [111.025711, -8.080615],
              [111.02250670000006, -8.077312499999948],
              [111.01577760000004, -8.075865699999952],
              [111.01501460000009, -8.077882699999975],
              [111.01324460000006, -8.076841299999955],
              [111.00220490000004, -8.07759],
              [111, -8.080327],
              [110.99322510000007, -8.082275399999958],
              [110.98261260000004, -8.073312699999974],
              [110.97534180000008, -8.07337659999996],
              [110.95994910000007, -8.06379039999996],
              [110.95272830000005, -8.062685899999963],
              [110.95159150000006, -8.070361099999957],
              [110.94683840000005, -8.073719],
              [110.94203180000005, -8.083588599999928],
              [110.94280240000006, -8.087515799999949],
              [110.93775180000006, -8.09088509999998],
              [110.93203730000005, -8.10088339999993],
              [110.92596440000005, -8.105810099999928],
              [110.921179, -8.117871499999978],
              [110.90847010000005, -8.125],
              [110.91019440000008, -8.134176199999956],
              [110.90244290000004, -8.154010699999958],
              [110.90266420000006, -8.161304499999972],
              [110.89974980000005, -8.166385599999956],
              [110.90181730000006, -8.170718199999953],
              [110.89873510000007, -8.178621299999975],
              [110.90119930000009, -8.182812699999943],
              [110.89947510000007, -8.187145199999975],
              [110.90393070000005, -8.190729099999942],
              [110.90517430000006, -8.197824499999967],
              [110.90892030000003, -8.206082299999935],
              [110.90855410000006, -8.210772499999962],
              [110.89886, -8.21186],
              [110.88622, -8.20969],
              [110.88212, -8.2116],
              [110.87235, -8.20574],
              [110.85329, -8.20616],
              [110.84714, -8.20381],
              [110.84238, -8.20544],
              [110.84161, -8.2034],
              [110.83746, -8.20619],
              [110.8365, -8.20287],
              [110.8317, -8.20311],
              [110.82899120000008, -8.200031799999977],
              [110.82881930000008, -8.196573199999932],
              [110.83462520000006, -8.189264299999934],
              [110.83255, -8.180794699999979],
              [110.83407590000007, -8.175103099999944],
              [110.82636260000004, -8.16978359999996],
              [110.82308960000006, -8.161266299999966],
              [110.81840520000009, -8.15857879999993],
              [110.81641390000004, -8.154137599999956],
              [110.81813810000006, -8.144239399999947],
              [110.81199650000008, -8.147090899999966],
              [110.80985260000006, -8.155369699999937],
              [110.79930110000004, -8.16255469999993],
              [110.79202270000008, -8.159777599999927],
              [110.78748320000005, -8.154048899999964],
              [110.78564450000005, -8.148877099999936],
              [110.78549960000004, -8.139707499999929],
              [110.78776550000003, -8.128459899999939],
              [110.789772, -8.125804899999935],
              [110.78916930000008, -8.114723199999958],
              [110.78707120000007, -8.101463299999978],
              [110.77954860000006, -8.08495709999994],
              [110.77851870000006, -8.067645],
              [110.77191160000007, -8.05816649999997],
              [110.76655580000005, -8.044120799999973],
              [110.75425120000006, -8.025950399999942],
              [110.75602720000006, -8.014791499999944],
              [110.76174930000008, -8.003481799999975],
              [110.76078030000008, -7.991148399999929],
              [110.76602170000007, -7.990042699999947],
              [110.76843260000004, -7.979480699999954],
              [110.76841740000003, -7.955127699999935],
              [110.77170560000008, -7.945043099999964],
              [110.77016450000008, -7.942324599999949],
              [110.77199550000006, -7.927414399999975],
              [110.76929480000007, -7.915918],
              [110.77104950000006, -7.902040899999974],
              [110.77760310000008, -7.892311499999948],
              [110.77567290000007, -7.885351599999979],
              [110.77831270000007, -7.87738939999997],
              [110.78362270000008, -7.873360099999957],
              [110.78256220000009, -7.862922599999933],
              [110.78408330000008, -7.85785409999994],
              [110.78610230000004, -7.857677399999943],
              [110.78823850000003, -7.85397949999998],
              [110.78769680000005, -7.850929199999939],
              [110.78297420000007, -7.851316899999972],
              [110.78453830000007, -7.847318199999961],
              [110.78253940000008, -7.846491299999968],
              [110.782959, -7.830156799999941],
              [110.78472140000008, -7.826713499999926],
              [110.78606620000005, -7.815017499999954],
              [110.78283270000009, -7.80996],
              [110.78292670000008, -7.805484599999943],
              [110.78525040000005, -7.799900699999966],
              [110.78801810000004, -7.797483199999931],
              [110.79361580000005, -7.796298899999954],
              [110.79394530000008, -7.794884199999956],
              [110.797142, -7.79609389999996],
              [110.79858970000004, -7.794440699999939],
              [110.80073820000007, -7.794999899999937],
              [110.801033, -7.792601099999956],
              [110.80429840000005, -7.791296899999963],
              [110.81047060000009, -7.791389399999957],
              [110.81913360000004, -7.794665799999962],
              [110.82581280000005, -7.794622],
              [110.82772570000009, -7.797034099999962],
              [110.83241590000006, -7.795394899999962],
              [110.83783720000008, -7.79757879999994],
              [110.83973250000008, -7.801281],
              [110.84074160000006, -7.799645199999929],
              [110.84172060000009, -7.800406399999929],
              [110.84065250000003, -7.804457099999979],
              [110.84605410000006, -7.813320099999942],
              [110.84922790000007, -7.814922799999977],
              [110.85362180000004, -7.814030199999934],
              [110.85665890000007, -7.811872899999969],
              [110.85604540000008, -7.801706499999966],
              [110.859787, -7.795166499999937],
              [110.85490420000008, -7.785028899999929],
              [110.85774990000004, -7.780505599999969],
              [110.85800270000004, -7.770615899999939],
              [110.85977020000007, -7.766612],
              [110.86266890000007, -7.765500699999961],
              [110.86024580000009, -7.759172099999944],
              [110.86285380000004, -7.757390499999929],
              [110.86344440000005, -7.753279499999962],
              [110.86553120000008, -7.754084899999953],
              [110.87234380000007, -7.749691599999949],
              [110.878177, -7.751815599999929],
              [110.876401, -7.747688599999947],
              [110.87768570000009, -7.746304],
              [110.88280490000005, -7.749618],
              [110.88397220000007, -7.755215599999929],
              [110.88722680000006, -7.75201119999997],
              [110.89501730000006, -7.750649899999928],
              [110.90399060000004, -7.752708499999926],
              [110.90603540000006, -7.755545899999959],
              [110.91035810000005, -7.755690799999968],
              [110.91236880000008, -7.758996499999967],
              [110.91646570000006, -7.760611499999925],
              [110.91844940000004, -7.765191499999958],
              [110.92351050000008, -7.770474599999943],
              [110.92959970000004, -7.77158529999997],
              [110.93171360000008, -7.777125399999932],
              [110.93486780000006, -7.777196799999956],
              [110.93527220000004, -7.780097399999931],
              [110.936404, -7.780072099999927],
              [110.940628, -7.768033],
              [110.93992070000007, -7.747263],
              [110.94117610000006, -7.740252799999951],
              [110.95937110000006, -7.733873499999959],
              [110.96157840000006, -7.737432899999931],
              [110.96670330000006, -7.738573799999926],
              [110.97058010000006, -7.744632299999978],
              [110.96967320000005, -7.74821849999995],
              [110.96484960000004, -7.750783499999955],
              [110.97171830000008, -7.751123699999937],
              [110.97455320000006, -7.753034699999944],
              [110.97382440000007, -7.757070499999941],
              [110.97155330000004, -7.759017],
              [110.971786, -7.76304],
              [110.96616150000006, -7.766218399999957],
              [110.96821760000006, -7.771329499999979],
              [110.96855140000008, -7.768374799999947],
              [110.980052, -7.761822299999949],
              [110.98560230000004, -7.761476899999934],
              [110.98636350000004, -7.763777399999981],
              [110.98870980000004, -7.763652799999932],
              [110.989346, -7.767120499999976],
              [110.99522480000007, -7.764111],
              [110.99922180000004, -7.767085499999951],
              [111.00406570000007, -7.763664199999937],
              [111.00654270000007, -7.764497099999971],
              [111.00901790000006, -7.762294699999927],
              [111.00922390000005, -7.763324199999943],
              [111.01700940000006, -7.759862699999928],
              [111.02127060000004, -7.763197199999979],
              [111.03082540000008, -7.76315059999996],
              [111.03461350000003, -7.771405699999946],
              [111.03763460000005, -7.771943299999975],
              [111.03735840000007, -7.775325099999975],
              [111.03948180000003, -7.775859099999934],
              [111.045658, -7.782987399999968],
              [111.05166710000009, -7.777282299999968],
              [111.04800920000008, -7.767721299999948],
              [111.05047040000005, -7.759300799999949],
              [111.05580210000005, -7.75923279999995],
              [111.05941010000004, -7.756671399999959],
              [111.06369870000009, -7.756781899999964],
              [111.06386570000006, -7.755547],
              [111.07055660000009, -7.757055699999967],
              [111.07265620000004, -7.752185299999951],
              [111.07962530000009, -7.748360899999966],
              [111.09381870000004, -7.751588799999979],
              [111.10171510000004, -7.745909199999971],
              [111.10945890000005, -7.73743909999996],
              [111.11068720000009, -7.737467699999968],
              [111.11140440000008, -7.742672899999945],
              [111.10883330000007, -7.746017],
              [111.11128230000008, -7.748390599999937],
              [111.11945340000005, -7.743662799999981],
              [111.12141420000006, -7.741380699999979],
              [111.12078860000008, -7.738869099999931],
              [111.12310030000003, -7.73756979999996],
              [111.12293240000008, -7.734914299999957],
              [111.12927380000008, -7.726783699999942],
              [111.13800430000003, -7.719906199999969],
              [111.15347290000005, -7.71448179999993],
              [111.16253660000007, -7.713349299999948],
              [111.16671750000006, -7.716542699999934],
              [111.17614670000006, -7.713933699999927],
              [111.17750550000005, -7.71579829999996],
              [111.17916870000005, -7.71314],
              [111.18203590000007, -7.712367499999971]
            ]
          ]
        ]
      }
    },
    {
      "type": "Feature",
      "properties": {
        "ADM0_EN": "Indonesia",
        "date": "2019-12-20",
        "validOn": "2020-04-01",
        "PROVINCE": "Jawa Tengah",
        "Kabupaten": "Brebes",
        "PRV2": "Jawa_Tengah",
        "layer": "Jawa_Tengah_ADMIN_BPS",
        "path": "D:/rudi/Jawa_Tengah_ADMIN_BPS.shp",
        "listkodim_Kodim": "Kodim 0713/Brebes",
        "listkodim_Korem": "Korem 071/Wijayakusuma"
      },
      "geometry": {
        "type": "MultiPolygon",
        "coordinates": [
          [
            [
              [109.07024370000005, -6.765799299999969],
              [109.06683430000004, -6.766118399999925],
              [109.06579830000004, -6.768516799999929],
              [109.06703430000005, -6.77118669999993],
              [109.06437030000006, -6.773783499999979],
              [109.067231, -6.782188499999961],
              [109.06656620000007, -6.784807],
              [109.06811550000003, -6.785735599999953],
              [109.07256140000004, -6.775805199999979],
              [109.07675160000008, -6.772079499999961],
              [109.07530580000008, -6.784282099999928],
              [109.07621480000006, -6.783263499999975],
              [109.07841460000009, -6.785440899999969],
              [109.07528580000007, -6.792473],
              [109.07595460000005, -6.794896599999959],
              [109.08042250000005, -6.798383699999931],
              [109.07055530000008, -6.798893299999975],
              [109.06741060000007, -6.800769099999968],
              [109.06669530000005, -6.802853499999969],
              [109.069907, -6.810496199999932],
              [109.07442840000004, -6.809455199999945],
              [109.09201920000004, -6.831824399999959],
              [109.10226960000006, -6.839863799999932],
              [109.08197790000008, -6.858761299999969],
              [109.08131410000004, -6.870938199999955],
              [109.07565310000007, -6.875803899999937],
              [109.07506740000008, -6.881278599999973],
              [109.07756810000006, -6.887392499999976],
              [109.07347870000007, -6.892178499999943],
              [109.07303620000005, -6.898280599999964],
              [109.07558440000008, -6.905469299999936],
              [109.07489280000004, -6.911249899999973],
              [109.07665490000005, -6.919016799999952],
              [109.07921480000005, -6.919042899999965],
              [109.08196370000007, -6.927628699999957],
              [109.08151250000009, -6.931311099999959],
              [109.07747650000005, -6.937918599999932],
              [109.077652, -6.945166499999971],
              [109.07547, -6.953892199999927],
              [109.07685090000007, -6.962040399999978],
              [109.07042310000008, -6.971995099999958],
              [109.07474610000008, -6.994048599999928],
              [109.06651690000007, -6.993780399999935],
              [109.06881720000007, -6.991296699999964],
              [109.068152, -6.983147899999949],
              [109.06932660000007, -6.982977],
              [109.06967880000008, -6.977656199999956],
              [109.06879320000007, -6.974112599999955],
              [109.06609620000006, -6.973219299999926],
              [109.06338440000007, -6.97411859999994],
              [109.06320120000004, -6.976797199999965],
              [109.05552680000005, -6.977292899999952],
              [109.05326850000006, -6.975477199999943],
              [109.04811040000004, -6.978450499999951],
              [109.04838560000007, -6.980921199999955],
              [109.04517810000004, -6.987442899999962],
              [109.03265540000007, -6.984365099999934],
              [109.02724760000007, -6.985697399999935],
              [109.02611120000006, -6.988518899999974],
              [109.02803130000007, -6.993848299999968],
              [109.03496510000008, -7.001313599999946],
              [109.02744620000004, -6.99931],
              [109.02639770000008, -7.00569239999993],
              [109.019043, -7.023956699999928],
              [109.02607730000005, -7.037285199999928],
              [109.02459720000007, -7.044647599999962],
              [109.02215580000006, -7.044017199999928],
              [109.01684570000003, -7.048496199999931],
              [109.01335150000006, -7.044750199999953],
              [109.01096350000006, -7.045386699999938],
              [109.00399020000003, -7.04123009999995],
              [109.00166320000005, -7.043947599999967],
              [109.00057980000008, -7.048996899999963],
              [108.99511720000004, -7.050911799999938],
              [108.98765570000006, -7.060508699999957],
              [108.98422240000008, -7.061542899999949],
              [108.96927650000003, -7.060370399999954],
              [108.96690020000005, -7.066929399999935],
              [108.97713470000008, -7.075024499999927],
              [108.978592, -7.078870199999926],
              [108.97783660000005, -7.083907499999953],
              [108.98358160000004, -7.086749],
              [108.983635, -7.092592199999956],
              [108.98588570000004, -7.097065899999961],
              [108.98491120000006, -7.098980499999925],
              [108.98189550000006, -7.099840099999938],
              [108.98032380000006, -7.103644299999928],
              [108.98462680000006, -7.105342299999961],
              [108.98449710000006, -7.111028099999942],
              [108.98393250000004, -7.112273099999925],
              [108.980484, -7.110976599999958],
              [108.97949220000004, -7.111990899999967],
              [108.98010920000007, -7.118759199999943],
              [108.97728730000006, -7.121305399999926],
              [108.96782690000003, -7.121428399999957],
              [108.96756750000009, -7.126373199999932],
              [108.95553590000009, -7.122281499999929],
              [108.95226290000005, -7.12396229999996],
              [108.95160680000004, -7.127309299999979],
              [108.96056370000008, -7.141023099999927],
              [108.96236420000008, -7.147243399999979],
              [108.96598820000008, -7.150835399999949],
              [108.97225190000006, -7.148076899999978],
              [108.97452550000008, -7.140358399999968],
              [108.97862250000009, -7.135114099999953],
              [108.98374940000008, -7.13213959999996],
              [108.98999790000005, -7.132078599999943],
              [109.00051880000007, -7.141800299999943],
              [109.00901030000006, -7.139523899999972],
              [109.02510840000008, -7.143103499999938],
              [109.03689580000008, -7.140621099999976],
              [109.04266360000008, -7.143954699999938],
              [109.04662110000004, -7.150133799999935],
              [109.05234530000007, -7.150782],
              [109.05743410000008, -7.149708199999964],
              [109.05953980000004, -7.14634129999996],
              [109.060463, -7.141435599999966],
              [109.05736540000004, -7.136373],
              [109.05995180000008, -7.129650499999968],
              [109.06958, -7.12639],
              [109.07396, -7.11446],
              [109.07326820000009, -7.124830699999961],
              [109.082428, -7.135199],
              [109.08400730000005, -7.148522799999967],
              [109.08099370000008, -7.155732599999965],
              [109.06558990000008, -7.170527899999968],
              [109.05569460000004, -7.185371299999929],
              [109.05794530000009, -7.191836799999976],
              [109.06498990000006, -7.196752699999934],
              [109.07739690000005, -7.200866499999961],
              [109.07856450000008, -7.212042199999928],
              [109.08027240000007, -7.214994799999943],
              [109.094149, -7.214980399999945],
              [109.10671440000004, -7.212710099999981],
              [109.11032510000007, -7.215053699999942],
              [109.11123780000008, -7.213219099999947],
              [109.11356360000008, -7.213329699999974],
              [109.12042530000008, -7.222411],
              [109.125254, -7.224719],
              [109.132087, -7.231498599999952],
              [109.13584330000003, -7.232722599999931],
              [109.13886010000004, -7.238694199999941],
              [109.14938590000008, -7.246057199999939],
              [109.15610280000004, -7.246481599999981],
              [109.15744280000007, -7.244366699999944],
              [109.16841780000004, -7.239736899999969],
              [109.17549190000005, -7.239810299999931],
              [109.17480220000004, -7.249414399999978],
              [109.170952, -7.250268199999937],
              [109.16601430000009, -7.248872199999937],
              [109.16566360000007, -7.255446199999938],
              [109.162366, -7.262058199999956],
              [109.16674, -7.26738],
              [109.16565710000003, -7.270681299999978],
              [109.16373450000003, -7.271290199999953],
              [109.15724180000007, -7.267498399999965],
              [109.14696510000005, -7.266515199999958],
              [109.14328010000008, -7.268058199999928],
              [109.13528, -7.267876],
              [109.13036110000007, -7.27650929999993],
              [109.12485810000004, -7.272892599999977],
              [109.11712380000006, -7.275064499999928],
              [109.11637820000004, -7.277449],
              [109.11766110000008, -7.278556299999934],
              [109.12575410000005, -7.278589899999929],
              [109.12702710000008, -7.28208479999995],
              [109.10568090000004, -7.287296599999934],
              [109.10597170000005, -7.289701499999978],
              [109.11348560000005, -7.291836199999977],
              [109.113959, -7.294740399999966],
              [109.10774940000005, -7.296319],
              [109.10456390000007, -7.302465099999949],
              [109.08389090000009, -7.30466],
              [109.07585910000006, -7.313998599999934],
              [109.06878670000003, -7.332227599999953],
              [109.06450660000007, -7.338573399999973],
              [109.057251, -7.34000919999994],
              [109.04740910000004, -7.338789399999939],
              [109.03622720000004, -7.351494499999944],
              [109.034607, -7.351615],
              [109.030571, -7.34883439999993],
              [109.03653720000005, -7.343180599999926],
              [109.02813720000006, -7.326225699999952],
              [109.02590180000004, -7.32661],
              [109.02431490000004, -7.331794199999933],
              [109.01715090000005, -7.335092],
              [109.00794220000006, -7.33367869999995],
              [109.00354770000007, -7.335072499999967],
              [109.00046920000005, -7.333515399999953],
              [108.98477940000004, -7.334496399999978],
              [108.98268890000008, -7.333267599999942],
              [108.97563170000006, -7.334855499999946],
              [108.97201540000009, -7.332425499999943],
              [108.96912390000006, -7.333335299999931],
              [108.96709440000006, -7.332210499999974],
              [108.962204, -7.334203599999967],
              [108.958046, -7.331205799999964],
              [108.95308690000007, -7.331952899999976],
              [108.950676, -7.330133399999966],
              [108.95228580000008, -7.325945299999944],
              [108.94934090000004, -7.324695499999962],
              [108.95159150000006, -7.318126599999971],
              [108.94985960000008, -7.315285599999982],
              [108.94287110000005, -7.317585399999928],
              [108.93957520000004, -7.315619399999946],
              [108.93441010000004, -7.318887199999949],
              [108.92851260000003, -7.317948699999931],
              [108.92108160000004, -7.31187529999994],
              [108.91821290000007, -7.304494799999929],
              [108.91400310000006, -7.302895899999953],
              [108.91246030000008, -7.290666],
              [108.90721130000009, -7.28754559999993],
              [108.89465340000004, -7.284546299999931],
              [108.89220430000006, -7.282578899999976],
              [108.89299020000004, -7.275813],
              [108.88484960000005, -7.275399099999959],
              [108.88285830000007, -7.272625799999958],
              [108.866951, -7.272478],
              [108.86241150000006, -7.268405299999927],
              [108.86216740000003, -7.264037],
              [108.85633670000004, -7.260864],
              [108.85282140000004, -7.253025499999978],
              [108.85642250000006, -7.250723299999947],
              [108.85787970000007, -7.246659699999952],
              [108.86315160000004, -7.246235799999965],
              [108.86460120000004, -7.243123],
              [108.85462190000004, -7.240914299999929],
              [108.85081480000008, -7.238176299999964],
              [108.83985140000004, -7.236802],
              [108.83161930000006, -7.232397899999967],
              [108.82476050000008, -7.23496],
              [108.82392130000005, -7.232892399999969],
              [108.81915290000006, -7.231830499999944],
              [108.81832130000004, -7.229840199999956],
              [108.82094580000006, -7.22684849999996],
              [108.821373, -7.222487399999977],
              [108.81983950000006, -7.215799299999958],
              [108.81684110000003, -7.211187799999948],
              [108.81378940000008, -7.210893099999964],
              [108.811081, -7.204550599999948],
              [108.80281070000007, -7.206107499999973],
              [108.79930880000006, -7.21049679999993],
              [108.79041290000004, -7.213421299999936],
              [108.789444, -7.210119599999928],
              [108.78230290000005, -7.208234699999934],
              [108.77830510000007, -7.205038],
              [108.77416990000006, -7.198515799999939],
              [108.76329830000009, -7.199481399999968],
              [108.755488, -7.19477489999997],
              [108.75271880000008, -7.195323199999962],
              [108.75004360000008, -7.188177],
              [108.74881240000008, -7.194062499999973],
              [108.74355320000006, -7.197782],
              [108.73492440000007, -7.194744499999956],
              [108.72392280000008, -7.193709299999966],
              [108.72129060000009, -7.189770599999974],
              [108.72149090000005, -7.181053499999962],
              [108.71849670000006, -7.178581899999926],
              [108.71576650000009, -7.172535699999969],
              [108.71047890000006, -7.16961589999994],
              [108.70602570000005, -7.163806799999975],
              [108.70218540000008, -7.16662649999995],
              [108.698251, -7.16638839999996],
              [108.69405390000009, -7.159957099999929],
              [108.69340690000007, -7.152484899999934],
              [108.69819790000008, -7.150365099999931],
              [108.70642860000004, -7.143088699999964],
              [108.71450810000005, -7.133983],
              [108.71613320000006, -7.128285299999959],
              [108.722168, -7.125555899999938],
              [108.724022, -7.122351099999946],
              [108.723418, -7.118677299999945],
              [108.72570810000008, -7.115593399999966],
              [108.73278050000005, -7.113913],
              [108.74111940000006, -7.114635799999974],
              [108.74686440000005, -7.111613199999965],
              [108.75314330000003, -7.114918599999953],
              [108.76754770000008, -7.113247299999955],
              [108.77091220000005, -7.111848699999939],
              [108.77593240000004, -7.098028599999964],
              [108.77829750000006, -7.095253899999932],
              [108.77427680000005, -7.088465099999951],
              [108.77438360000008, -7.083459299999959],
              [108.77793120000007, -7.076184199999943],
              [108.78417590000004, -7.069527],
              [108.78304290000005, -7.064466399999958],
              [108.78517920000007, -7.057958],
              [108.77996070000006, -7.046252599999946],
              [108.77651220000007, -7.043847899999946],
              [108.77473450000008, -7.034764699999926],
              [108.778122, -7.032939399999975],
              [108.77907570000008, -7.026816699999927],
              [108.78742990000006, -7.026588299999958],
              [108.79068, -7.024861699999974],
              [108.78905490000005, -7.015056499999957],
              [108.79046630000005, -7.012614199999973],
              [108.78646090000007, -7.006964599999947],
              [108.784317, -7.007295299999953],
              [108.78140260000004, -7.004001499999958],
              [108.78321080000006, -7.000000399999976],
              [108.78068550000006, -6.998794],
              [108.77815250000003, -6.993358499999943],
              [108.77407080000006, -6.992231799999956],
              [108.76935580000008, -6.993262699999946],
              [108.75985720000006, -6.987307],
              [108.75882720000004, -6.984315799999933],
              [108.76106270000008, -6.978856],
              [108.76041420000007, -6.973536899999942],
              [108.76280980000007, -6.97127],
              [108.75984190000008, -6.968385599999976],
              [108.76268010000007, -6.962619699999948],
              [108.76231390000004, -6.961369399999967],
              [108.75978390000006, -6.963576699999976],
              [108.75709540000008, -6.958152699999971],
              [108.75785070000006, -6.957242399999927],
              [108.75950630000006, -6.958511699999974],
              [108.75874330000005, -6.953179299999931],
              [108.76124570000007, -6.953744299999926],
              [108.76250460000006, -6.951884199999938],
              [108.76071930000006, -6.950601499999948],
              [108.761055, -6.947102],
              [108.76410920000006, -6.93918629999996],
              [108.75998990000005, -6.939023599999928],
              [108.76242980000006, -6.936955099999977],
              [108.76223860000005, -6.934701299999972],
              [108.75845030000005, -6.933492599999965],
              [108.75743870000008, -6.929386499999964],
              [108.75520330000006, -6.928449099999966],
              [108.75289160000005, -6.920200299999976],
              [108.75560760000008, -6.915747099999976],
              [108.76107030000009, -6.911602399999936],
              [108.75814830000007, -6.906774399999961],
              [108.75869760000006, -6.905399699999975],
              [108.76702120000004, -6.901461499999925],
              [108.76544960000007, -6.898160399999938],
              [108.76173020000004, -6.897798399999942],
              [108.76194, -6.895542499999976],
              [108.76487280000003, -6.89454319999993],
              [108.77020510000006, -6.896143599999959],
              [108.77166750000004, -6.894313699999941],
              [108.770546, -6.889481899999964],
              [108.77185060000005, -6.883645899999976],
              [108.78002170000008, -6.88381279999993],
              [108.77805380000007, -6.877987299999972],
              [108.77867130000004, -6.874854499999969],
              [108.78364770000007, -6.879673899999943],
              [108.78790290000006, -6.877696399999934],
              [108.79254250000008, -6.88045569999997],
              [108.79406660000006, -6.874939299999937],
              [108.797966, -6.872716799999978],
              [108.79779820000005, -6.868526799999927],
              [108.80250550000005, -6.868024699999978],
              [108.80323030000005, -6.863738],
              [108.80864720000005, -6.856250199999977],
              [108.818094, -6.836125799999934],
              [108.82475280000006, -6.832315799999947],
              [108.82547770000008, -6.803207699999973],
              [108.826706, -6.801583199999925],
              [108.83106230000004, -6.802312299999926],
              [108.83264930000007, -6.800917099999936],
              [108.83160410000005, -6.796679299999937],
              [108.82736980000004, -6.793364799999949],
              [108.82834630000008, -6.787553599999967],
              [108.83111580000008, -6.785003099999926],
              [108.82686620000004, -6.769854799999962],
              [108.82968910000005, -6.761633299999971],
              [108.83381950000006, -6.758009499999957],
              [108.83398, -6.76015],
              [108.83034260000005, -6.764068699999939],
              [108.82955740000006, -6.767637799999932],
              [108.83341210000003, -6.775061799999946],
              [108.83940830000006, -6.778773699999931],
              [108.84333440000006, -6.776703599999962],
              [108.84706, -6.7791],
              [108.84447660000006, -6.781414899999959],
              [108.84362, -6.788125],
              [108.85197190000008, -6.795834499999955],
              [108.85318540000009, -6.79954639999994],
              [108.861109, -6.799760599999956],
              [108.86438, -6.80135],
              [108.86736, -6.80638],
              [108.87000240000003, -6.807885],
              [108.87366, -6.80643],
              [108.89598610000007, -6.813938399999927],
              [108.913055, -6.816607199999964],
              [108.92919, -6.8252],
              [108.93194080000006, -6.823713399999974],
              [108.946753, -6.824873399999944],
              [108.95698010000007, -6.820656799999938],
              [108.96640270000006, -6.813632599999949],
              [108.96939950000007, -6.808342099999948],
              [108.96874, -6.80546],
              [108.98357290000007, -6.805702099999962],
              [108.99372, -6.80203],
              [108.99496, -6.79808],
              [108.99697, -6.79731],
              [109.00054, -6.79944],
              [109.00198, -6.79736],
              [109.00652, -6.79722],
              [109.00816, -6.79393],
              [109.01216, -6.79241],
              [109.0139, -6.78518],
              [109.01598, -6.78385],
              [109.01913, -6.78511],
              [109.02329, -6.78086],
              [109.02374, -6.78341],
              [109.02792, -6.78577],
              [109.02654, -6.78412],
              [109.03024, -6.78165],
              [109.02881620000005, -6.779329299999972],
              [109.03646, -6.77974],
              [109.03952, -6.78168],
              [109.04211, -6.77797],
              [109.04613, -6.78316],
              [109.05221, -6.78065],
              [109.059262, -6.773219],
              [109.05870910000004, -6.763341799999978],
              [109.06789790000005, -6.754771],
              [109.06896840000007, -6.757664599999941],
              [109.06798110000005, -6.760881499999925],
              [109.07024370000005, -6.765799299999969]
            ]
          ]
        ]
      }
    },
    {
      "type": "Feature",
      "properties": {
        "ADM0_EN": "Indonesia",
        "date": "2019-12-20",
        "validOn": "2020-04-01",
        "PROVINCE": "Jawa Tengah",
        "Kabupaten": "Pati",
        "PRV2": "Jawa_Tengah",
        "layer": "Jawa_Tengah_ADMIN_BPS",
        "path": "D:/rudi/Jawa_Tengah_ADMIN_BPS.shp",
        "listkodim_Kodim": "Kodim 0718/Pati",
        "listkodim_Korem": "Korem 073/Makutarama"
      },
      "geometry": {
        "type": "MultiPolygon",
        "coordinates": [
          [
            [
              [110.97776890000006, -6.409086],
              [111.04620220000004, -6.426146699999947],
              [111.04739190000004, -6.428906899999959],
              [111.04389410000005, -6.431548099999929],
              [111.04498870000003, -6.44553929999995],
              [111.04896, -6.45983],
              [111.054175, -6.49151349999994],
              [111.06352850000007, -6.519521499999939],
              [111.07866060000003, -6.547822],
              [111.08234, -6.55963],
              [111.09882720000007, -6.594342099999949],
              [111.1283, -6.63962],
              [111.14385290000007, -6.653303899999969],
              [111.15646170000008, -6.657827199999929],
              [111.18293850000003, -6.66282769999998],
              [111.18630010000004, -6.664680099999941],
              [111.18493270000005, -6.668128699999954],
              [111.18807760000004, -6.666429899999969],
              [111.19286510000006, -6.666448],
              [111.20585690000007, -6.67347929999994],
              [111.21466570000007, -6.681386299999929],
              [111.22933510000007, -6.686342699999955],
              [111.23408210000008, -6.686335499999927],
              [111.23488270000007, -6.699121899999966],
              [111.23657290000006, -6.698329699999931],
              [111.23826030000004, -6.70019149999996],
              [111.23662930000006, -6.702883199999974],
              [111.23891460000004, -6.702969199999927],
              [111.23895340000007, -6.708118799999966],
              [111.24187260000008, -6.708867399999974],
              [111.23912090000005, -6.709424299999966],
              [111.23902030000005, -6.712905],
              [111.24243590000009, -6.715052599999979],
              [111.24058040000006, -6.714494099999968],
              [111.24049160000004, -6.717889499999956],
              [111.23834270000009, -6.719983099999979],
              [111.23928940000008, -6.722112799999934],
              [111.23596970000006, -6.72580679999993],
              [111.23844880000007, -6.733584499999949],
              [111.23641, -6.736388099999942],
              [111.23750860000007, -6.738696899999979],
              [111.23344210000005, -6.742318499999953],
              [111.23396850000006, -6.744913399999973],
              [111.23548680000005, -6.745449399999927],
              [111.23705080000008, -6.743611199999975],
              [111.23821050000004, -6.745216699999958],
              [111.23872370000004, -6.749662399999977],
              [111.23444680000006, -6.75209579999995],
              [111.23733520000008, -6.755594699999961],
              [111.23684690000005, -6.759556299999929],
              [111.23796080000005, -6.75782959999998],
              [111.24017330000004, -6.758272599999941],
              [111.24681090000007, -6.764011799999935],
              [111.24533650000006, -6.771455099999969],
              [111.24617770000009, -6.774310599999978],
              [111.24332480000004, -6.77701049999996],
              [111.24825280000005, -6.780072699999948],
              [111.24730390000008, -6.782082499999945],
              [111.24896, -6.783445799999981],
              [111.24734920000009, -6.786382299999957],
              [111.24893190000006, -6.788083099999938],
              [111.244667, -6.793473199999937],
              [111.24489590000007, -6.796692299999961],
              [111.24713140000006, -6.799925799999926],
              [111.25101890000008, -6.801881899999955],
              [111.25077230000005, -6.808001],
              [111.25452960000007, -6.80787719999995],
              [111.256691, -6.811574399999927],
              [111.25869530000006, -6.811782899999969],
              [111.26415310000004, -6.820113499999934],
              [111.26537320000006, -6.824687399999959],
              [111.26835970000008, -6.824201799999969],
              [111.26876070000009, -6.828112099999942],
              [111.27081810000004, -6.828595399999926],
              [111.26811220000008, -6.832888099999934],
              [111.26355740000008, -6.832680699999969],
              [111.26164240000008, -6.835069099999941],
              [111.25850680000008, -6.834750099999951],
              [111.25592950000004, -6.836876199999949],
              [111.25688170000006, -6.838998299999957],
              [111.25953190000007, -6.839243199999942],
              [111.26010130000009, -6.843434799999955],
              [111.26274290000003, -6.844149699999946],
              [111.26401520000007, -6.847218899999973],
              [111.26264190000006, -6.851867699999957],
              [111.26430510000006, -6.853993899999978],
              [111.25774380000007, -6.853825499999971],
              [111.24915310000006, -6.861291399999971],
              [111.24478250000004, -6.862682499999949],
              [111.24219260000007, -6.86165989999995],
              [111.23990920000006, -6.858126899999945],
              [111.23881410000007, -6.850552599999958],
              [111.22996230000007, -6.849637399999949],
              [111.22486220000008, -6.846145199999967],
              [111.22276720000008, -6.848050499999943],
              [111.22396090000007, -6.854519799999935],
              [111.22251130000006, -6.856105299999967],
              [111.22365570000005, -6.864285],
              [111.22213740000007, -6.870951599999955],
              [111.21672820000003, -6.873121199999957],
              [111.21508020000005, -6.870492399999932],
              [111.21218110000007, -6.869578799999942],
              [111.20822140000007, -6.872147499999926],
              [111.208992, -6.874115],
              [111.20332420000005, -6.879980499999931],
              [111.20079040000007, -6.88958359999998],
              [111.20124810000004, -6.894027199999925],
              [111.19831850000008, -6.89833109999995],
              [111.18997950000005, -6.89849369999996],
              [111.18724820000006, -6.896697],
              [111.18692780000003, -6.898836099999926],
              [111.18333430000007, -6.898584299999925],
              [111.17626950000005, -6.905538],
              [111.15335080000006, -6.909838599999944],
              [111.14234160000007, -6.90126319999996],
              [111.14034270000008, -6.903384199999948],
              [111.14373460000007, -6.911027499999932],
              [111.14244080000009, -6.915702299999964],
              [111.13774880000005, -6.920690699999966],
              [111.13260770000005, -6.920414499999936],
              [111.125, -6.913475499999947],
              [111.12109370000007, -6.912976699999945],
              [111.11544040000007, -6.915926],
              [111.11464410000008, -6.913927],
              [111.11099890000008, -6.912635299999977],
              [111.11076090000006, -6.915919],
              [111.104857, -6.919279099999926],
              [111.10149480000007, -6.927494],
              [111.09855650000009, -6.928912099999934],
              [111.09668410000006, -6.933215399999938],
              [111.09257360000004, -6.934192099999962],
              [111.09039390000004, -6.937142899999969],
              [111.08370680000007, -6.937782099999936],
              [111.07793750000008, -6.942360099999973],
              [111.07943930000005, -6.945928399999957],
              [111.08419480000003, -6.948293399999955],
              [111.08504160000007, -6.950236099999927],
              [111.08909540000008, -6.948834399999953],
              [111.09215110000008, -6.950274399999955],
              [111.09119970000006, -6.953872699999977],
              [111.08204650000005, -6.959290899999928],
              [111.07551340000003, -6.961260599999946],
              [111.06944330000005, -6.968953699999929],
              [111.05015560000004, -6.966855499999951],
              [111.03278380000006, -6.972347199999945],
              [111.02474970000009, -6.969220099999973],
              [111.01567080000007, -6.96856779999996],
              [110.98462680000006, -6.970800899999972],
              [110.97018630000008, -6.964387099999954],
              [110.96970680000004, -6.968114299999968],
              [110.96516560000003, -6.965717699999971],
              [110.96219390000005, -6.970375799999943],
              [110.95343250000008, -6.970537899999954],
              [110.94954010000004, -6.967354399999977],
              [110.94798410000004, -6.968606299999976],
              [110.94926060000006, -6.971038299999975],
              [110.94717820000005, -6.971532699999955],
              [110.94675110000009, -6.974773],
              [110.94546240000005, -6.974904599999945],
              [110.93603920000004, -6.97216839999993],
              [110.933152, -6.974062599999968],
              [110.93048640000006, -6.971740199999942],
              [110.92061610000007, -6.969645499999956],
              [110.92050930000005, -6.967430099999945],
              [110.91625210000007, -6.966187499999933],
              [110.91652680000004, -6.963004099999978],
              [110.91509250000007, -6.961588399999926],
              [110.90639490000007, -6.976067],
              [110.90546420000004, -6.983735399999944],
              [110.90069580000005, -6.988046599999961],
              [110.88698280000006, -6.98481449999997],
              [110.88479610000007, -6.978664],
              [110.88576240000003, -6.969131799999957],
              [110.875824, -6.972552299999961],
              [110.87258910000008, -6.975615499999947],
              [110.866951, -6.976049899999964],
              [110.86516570000003, -6.979810199999974],
              [110.86050410000007, -6.982115699999952],
              [110.85576630000008, -6.987382899999943],
              [110.850853, -6.999098799999956],
              [110.84751890000007, -6.99759],
              [110.84581760000009, -6.990601],
              [110.83995050000004, -6.993281799999977],
              [110.83472440000008, -6.991253799999981],
              [110.83426670000006, -6.993660399999953],
              [110.83072660000005, -6.995713199999955],
              [110.82720950000004, -7.001222599999949],
              [110.82431790000004, -7.001462899999979],
              [110.81983190000005, -6.995999799999936],
              [110.81753540000005, -6.99697969999994],
              [110.81459810000007, -7.003532399999926],
              [110.81040190000004, -6.999120699999935],
              [110.80831150000006, -6.99241109999997],
              [110.80466460000008, -6.990559099999928],
              [110.803566, -6.987945499999967],
              [110.80390930000004, -6.979570899999942],
              [110.81022080000008, -6.975787599999933],
              [110.81037260000005, -6.967553099999975],
              [110.80718310000009, -6.960281599999973],
              [110.80729270000006, -6.955477199999962],
              [110.80345990000006, -6.955424899999969],
              [110.80479410000004, -6.954419599999937],
              [110.804829, -6.949809899999934],
              [110.81013320000005, -6.952149899999938],
              [110.80936630000008, -6.946355599999947],
              [110.81153870000009, -6.94482279999994],
              [110.81143490000005, -6.939958599999954],
              [110.81368850000007, -6.940515699999935],
              [110.81664890000008, -6.938636799999927],
              [110.82311360000006, -6.94042079999997],
              [110.82292380000007, -6.944289699999956],
              [110.82455810000005, -6.945674199999928],
              [110.83933710000008, -6.942986299999973],
              [110.83774, -6.93783],
              [110.84412380000003, -6.935930699999972],
              [110.84820560000009, -6.930972599999961],
              [110.84510190000009, -6.920349499999929],
              [110.85553880000003, -6.903284199999973],
              [110.85318640000008, -6.900983799999949],
              [110.85285070000003, -6.89773109999993],
              [110.86160120000005, -6.897843199999954],
              [110.86471330000006, -6.892120399999953],
              [110.87377340000006, -6.894374899999946],
              [110.88274050000007, -6.892922799999951],
              [110.87810670000005, -6.867396],
              [110.88280130000004, -6.866297499999973],
              [110.893198, -6.867544799999962],
              [110.92058560000004, -6.86703579999994],
              [110.92053840000005, -6.865269499999954],
              [110.92103960000009, -6.866865699999948],
              [110.937398, -6.855223199999955],
              [110.96249410000007, -6.844029599999942],
              [110.97661270000009, -6.832583],
              [110.97424310000008, -6.823547299999973],
              [110.97431950000004, -6.804718899999955],
              [110.97054290000005, -6.802734799999939],
              [110.97111510000008, -6.792403699999966],
              [110.96785730000005, -6.782113599999946],
              [110.96422910000007, -6.776656599999967],
              [110.96545410000004, -6.773660599999971],
              [110.96292470000009, -6.762540599999966],
              [110.96547320000008, -6.756856299999981],
              [110.96073910000007, -6.755002],
              [110.94512940000004, -6.755901799999947],
              [110.944664, -6.752148099999943],
              [110.94103920000003, -6.749894499999925],
              [110.93881220000009, -6.740648699999952],
              [110.93280540000006, -6.738320599999952],
              [110.92580440000006, -6.738680299999942],
              [110.928443, -6.735523099999966],
              [110.92465960000004, -6.733299699999975],
              [110.92589570000007, -6.716716699999949],
              [110.92799380000008, -6.715071599999931],
              [110.93288580000007, -6.722835099999941],
              [110.93504440000004, -6.721577199999956],
              [110.93408220000003, -6.719255899999951],
              [110.93519760000004, -6.714230499999928],
              [110.93801410000009, -6.709824499999968],
              [110.93371760000008, -6.706417399999964],
              [110.93465240000006, -6.698257099999978],
              [110.93051150000008, -6.694186699999932],
              [110.92980350000005, -6.695475899999963],
              [110.92803190000006, -6.693917299999953],
              [110.92761230000008, -6.690231299999937],
              [110.92519380000005, -6.686970199999962],
              [110.92594910000008, -6.684739099999945],
              [110.92407230000003, -6.683012],
              [110.92400360000005, -6.678272199999981],
              [110.91992180000005, -6.672511099999952],
              [110.91428370000006, -6.668472699999938],
              [110.90913390000009, -6.659540199999981],
              [110.90544130000006, -6.644557],
              [110.89780430000008, -6.639021899999932],
              [110.89357820000004, -6.640011699999945],
              [110.90029930000009, -6.632795899999962],
              [110.89645350000006, -6.632434599999954],
              [110.89681440000004, -6.631112799999926],
              [110.90281310000006, -6.627755499999978],
              [110.90328980000004, -6.619113399999947],
              [110.90787510000007, -6.61412189999993],
              [110.90801240000008, -6.606406199999981],
              [110.91200260000005, -6.600664599999959],
              [110.90977480000004, -6.591133099999979],
              [110.91214750000006, -6.576906199999939],
              [110.90956120000004, -6.571528899999976],
              [110.91070560000009, -6.568239199999937],
              [110.90855410000006, -6.557163699999933],
              [110.91336820000004, -6.542091299999981],
              [110.91770940000004, -6.540370899999971],
              [110.91741940000009, -6.535979699999928],
              [110.91390230000007, -6.528551099999959],
              [110.90856930000007, -6.525245199999972],
              [110.91025540000004, -6.522472799999946],
              [110.90880590000006, -6.520572699999946],
              [110.911026, -6.518046399999946],
              [110.90988970000006, -6.512139799999943],
              [110.91106970000004, -6.512767199999928],
              [110.91327460000008, -6.506014599999958],
              [110.91246030000008, -6.5],
              [110.91465360000007, -6.496171799999956],
              [110.92942050000005, -6.49583389999998],
              [110.93458820000006, -6.490935199999967],
              [110.93762680000009, -6.483441399999947],
              [110.94362640000008, -6.486488299999962],
              [110.94625090000005, -6.483152299999972],
              [110.94961550000005, -6.481920699999932],
              [110.95040890000007, -6.479244699999981],
              [110.95488740000008, -6.475291699999957],
              [110.95372010000006, -6.473436299999946],
              [110.95779420000008, -6.470619699999929],
              [110.95616150000006, -6.46977279999993],
              [110.95693970000008, -6.467492099999959],
              [110.961914, -6.467042399999968],
              [110.96596530000005, -6.462211099999934],
              [110.96705630000008, -6.463964399999952],
              [110.969223, -6.463079],
              [110.96875, -6.460909799999968],
              [110.97068790000009, -6.460096799999974],
              [110.96978760000007, -6.457963899999925],
              [110.97372440000004, -6.456102399999963],
              [110.97126770000006, -6.45237869999994],
              [110.97238160000006, -6.446820199999934],
              [110.97361750000005, -6.446463499999936],
              [110.97203830000007, -6.443452799999932],
              [110.97681430000006, -6.43627639999994],
              [110.97177120000003, -6.433137899999963],
              [110.97412110000005, -6.430981599999939],
              [110.97190090000004, -6.430326899999955],
              [110.97610470000006, -6.423839099999952],
              [110.97505630000006, -6.410037799999941],
              [110.97776890000006, -6.409086]
            ]
          ]
        ]
      }
    },
    {
      "type": "Feature",
      "properties": {
        "ADM0_EN": "Indonesia",
        "date": "2019-12-20",
        "validOn": "2020-04-01",
        "PROVINCE": "Jawa Tengah",
        "Kabupaten": "Purbalingga",
        "PRV2": "Jawa_Tengah",
        "layer": "Jawa_Tengah_ADMIN_BPS",
        "path": "D:/rudi/Jawa_Tengah_ADMIN_BPS.shp",
        "listkodim_Kodim": "Kodim 0702/Purbalingga",
        "listkodim_Korem": "Korem 071/Wijayakusuma"
      },
      "geometry": {
        "type": "MultiPolygon",
        "coordinates": [
          [
            [
              [109.44493870000008, -7.162982899999975],
              [109.45166780000005, -7.165425299999981],
              [109.45526130000007, -7.173586799999953],
              [109.461853, -7.180081299999927],
              [109.46212770000005, -7.181823699999939],
              [109.45889280000006, -7.184499699999947],
              [109.46012880000006, -7.187312099999929],
              [109.457489, -7.190616099999943],
              [109.45712280000004, -7.196175499999981],
              [109.46239470000006, -7.204179699999941],
              [109.46941380000004, -7.209875099999977],
              [109.47832490000008, -7.220579099999952],
              [109.48263550000007, -7.222825],
              [109.49157720000005, -7.222026299999925],
              [109.49793250000005, -7.231002299999943],
              [109.50257110000007, -7.234124599999973],
              [109.50669860000005, -7.239604399999962],
              [109.51194, -7.23542539999994],
              [109.520401, -7.235891799999933],
              [109.52784730000008, -7.233817099999953],
              [109.53228, -7.23074],
              [109.53834530000006, -7.23983469999996],
              [109.53836060000003, -7.244241199999976],
              [109.54986220000006, -7.255457399999955],
              [109.57073210000004, -7.266249599999981],
              [109.57504810000006, -7.273060099999952],
              [109.57608030000006, -7.27929249999994],
              [109.58451840000004, -7.29319849999996],
              [109.58180240000007, -7.295316199999945],
              [109.579422, -7.294662399999936],
              [109.57565310000007, -7.296305099999927],
              [109.57499690000009, -7.299892899999975],
              [109.56983190000005, -7.299430799999925],
              [109.56734470000004, -7.300706799999944],
              [109.56664280000007, -7.304106199999978],
              [109.56867220000004, -7.313907599999936],
              [109.56708530000009, -7.316207399999939],
              [109.562439, -7.317915399999947],
              [109.56409460000003, -7.319492299999979],
              [109.56552130000006, -7.317989799999964],
              [109.56460570000007, -7.322077699999966],
              [109.56594090000004, -7.324687899999958],
              [109.56528480000009, -7.328021499999977],
              [109.56296540000005, -7.328331899999966],
              [109.56256110000004, -7.332292499999937],
              [109.55045, -7.331127199999969],
              [109.545723, -7.327119299999936],
              [109.54058840000005, -7.325433699999962],
              [109.53462990000008, -7.328343799999971],
              [109.52825930000006, -7.323597899999982],
              [109.52603150000004, -7.324469499999964],
              [109.51866910000007, -7.343847699999969],
              [109.53411870000008, -7.357468099999949],
              [109.53603370000008, -7.378044099999954],
              [109.54149630000006, -7.390896299999952],
              [109.54813390000004, -7.396540099999982],
              [109.54906470000009, -7.40059279999997],
              [109.54650120000008, -7.404921],
              [109.54364780000009, -7.403219699999966],
              [109.54187010000004, -7.407118299999979],
              [109.53694150000007, -7.405936699999927],
              [109.53636930000005, -7.408335199999954],
              [109.53259280000009, -7.406971399999975],
              [109.531662, -7.408921699999951],
              [109.51659390000009, -7.412680099999932],
              [109.51371010000008, -7.411022099999968],
              [109.509018, -7.412050199999953],
              [109.50566870000006, -7.409918699999935],
              [109.50372320000008, -7.410999699999934],
              [109.50846860000007, -7.419765],
              [109.50591280000003, -7.423130499999957],
              [109.5084, -7.439431099999979],
              [109.50775150000004, -7.448028099999931],
              [109.50653840000007, -7.447593599999948],
              [109.50561520000008, -7.449943],
              [109.50337220000006, -7.448300299999971],
              [109.49962620000008, -7.449474799999962],
              [109.49694820000008, -7.446758699999975],
              [109.49329380000006, -7.449028399999975],
              [109.48903660000008, -7.442344599999956],
              [109.48774720000006, -7.442187299999944],
              [109.486145, -7.445303399999943],
              [109.48228460000007, -7.441250699999955],
              [109.48087310000005, -7.441368099999977],
              [109.48141480000004, -7.444644399999959],
              [109.47944640000009, -7.445709199999953],
              [109.47657010000006, -7.445542799999942],
              [109.47499850000008, -7.441982199999927],
              [109.47261810000003, -7.442065199999945],
              [109.473053, -7.448357],
              [109.46973420000006, -7.448862],
              [109.46523290000005, -7.446050599999978],
              [109.46190640000009, -7.447365199999979],
              [109.461258, -7.450947699999972],
              [109.45869450000004, -7.452754899999945],
              [109.45466610000005, -7.452043],
              [109.45281980000004, -7.447064799999964],
              [109.45003510000004, -7.446662899999978],
              [109.44693760000007, -7.450061699999935],
              [109.44865420000008, -7.453206],
              [109.44737250000009, -7.455615499999965],
              [109.44071960000008, -7.45375439999998],
              [109.43972780000007, -7.448516299999937],
              [109.43592830000006, -7.45106839999994],
              [109.437584, -7.453639499999952],
              [109.43367770000003, -7.457647299999962],
              [109.43019110000006, -7.459527899999955],
              [109.42766570000003, -7.454920299999969],
              [109.42641450000008, -7.455003199999965],
              [109.42541510000007, -7.455960199999936],
              [109.42748260000008, -7.457859499999927],
              [109.42694860000006, -7.459137899999973],
              [109.42274480000009, -7.459152199999949],
              [109.424408, -7.467718099999956],
              [109.41855620000007, -7.471574699999962],
              [109.41986090000006, -7.476063199999942],
              [109.41873170000008, -7.478908],
              [109.41148380000004, -7.477375499999937],
              [109.41284940000008, -7.470766499999968],
              [109.40806, -7.471276799999941],
              [109.40161140000004, -7.467258399999935],
              [109.40063480000003, -7.467692299999953],
              [109.403595, -7.473202199999946],
              [109.40242770000003, -7.475884899999926],
              [109.39406, -7.474377499999946],
              [109.38612370000004, -7.477631],
              [109.38091280000003, -7.48282],
              [109.37309270000009, -7.477946199999963],
              [109.37191010000004, -7.484683],
              [109.36466220000005, -7.487212099999965],
              [109.35833740000004, -7.485534599999937],
              [109.35543830000006, -7.482566799999972],
              [109.35361480000006, -7.485517],
              [109.35084540000008, -7.481121499999972],
              [109.34645850000004, -7.483961499999964],
              [109.34517670000008, -7.478168399999959],
              [109.34129340000004, -7.480910199999926],
              [109.34210970000004, -7.484521799999925],
              [109.33832550000005, -7.486940799999957],
              [109.337883, -7.493276099999946],
              [109.33406830000007, -7.48524279999998],
              [109.32188420000006, -7.483091799999954],
              [109.32054140000008, -7.48105709999993],
              [109.321045, -7.473717199999953],
              [109.32730870000006, -7.47136009999997],
              [109.32547, -7.465239],
              [109.32659150000006, -7.462517199999979],
              [109.33116920000003, -7.460711899999978],
              [109.3293, -7.465943799999934],
              [109.33057410000004, -7.46890639999998],
              [109.33175660000006, -7.468648899999948],
              [109.33625030000007, -7.463230599999974],
              [109.33520510000005, -7.461032799999941],
              [109.33723450000008, -7.460385699999961],
              [109.33441160000007, -7.45861089999994],
              [109.336258, -7.457351199999948],
              [109.34021960000007, -7.458196],
              [109.34121710000005, -7.456483799999944],
              [109.34097520000006, -7.449762899999939],
              [109.33836170000006, -7.448414399999933],
              [109.33868780000006, -7.446630699999957],
              [109.33377080000008, -7.445938599999977],
              [109.33149720000006, -7.443406],
              [109.33122290000006, -7.441561399999955],
              [109.33299550000004, -7.441382499999975],
              [109.33187870000006, -7.437539499999957],
              [109.33436590000008, -7.437949599999968],
              [109.33509830000008, -7.435152499999958],
              [109.33309940000004, -7.429561599999943],
              [109.32316590000005, -7.425011099999949],
              [109.32064060000005, -7.419064499999934],
              [109.32138060000005, -7.415332299999932],
              [109.31931310000004, -7.409477199999969],
              [109.31259920000008, -7.40930979999996],
              [109.31092840000008, -7.400168399999927],
              [109.30471810000006, -7.38851829999993],
              [109.30591180000005, -7.382863],
              [109.30129240000008, -7.381672799999933],
              [109.30127720000007, -7.37587689999998],
              [109.298172, -7.37214849999998],
              [109.294632, -7.361841199999958],
              [109.29034430000007, -7.356915899999933],
              [109.28722380000005, -7.347699599999942],
              [109.281807, -7.341326599999945],
              [109.27852630000007, -7.331105199999968],
              [109.26928710000004, -7.318212499999959],
              [109.26451880000008, -7.304635499999961],
              [109.25680550000004, -7.290945],
              [109.25599670000008, -7.282792499999971],
              [109.24966430000006, -7.27369589999995],
              [109.24427040000006, -7.271403199999952],
              [109.23555, -7.254624299999932],
              [109.223671, -7.246292099999948],
              [109.22528840000007, -7.239510499999938],
              [109.23224640000007, -7.236982299999966],
              [109.23780060000007, -7.231694599999969],
              [109.26408230000004, -7.222891599999969],
              [109.27543640000005, -7.222152199999925],
              [109.27871710000005, -7.219853799999953],
              [109.28435520000005, -7.220533299999943],
              [109.29321290000007, -7.215570399999933],
              [109.316597, -7.214136599999961],
              [109.32010650000007, -7.212452799999937],
              [109.328476, -7.213132799999926],
              [109.35492710000005, -7.201163199999939],
              [109.36967470000008, -7.195961399999931],
              [109.37274170000006, -7.196457299999963],
              [109.37747190000005, -7.191548799999964],
              [109.381218, -7.190411],
              [109.38999940000008, -7.192856699999936],
              [109.39174650000007, -7.19787969999993],
              [109.39621740000007, -7.197235099999943],
              [109.40264130000008, -7.198649799999941],
              [109.40515140000008, -7.200926699999968],
              [109.40886690000008, -7.200519499999928],
              [109.41725160000004, -7.195579499999951],
              [109.42470550000007, -7.186882899999944],
              [109.42852020000004, -7.186648799999944],
              [109.42867280000007, -7.184273699999949],
              [109.437973, -7.175320099999965],
              [109.43582920000006, -7.16965],
              [109.44010160000005, -7.165680799999961],
              [109.43910980000004, -7.163301899999965],
              [109.44302370000008, -7.161196699999948],
              [109.44493870000008, -7.162982899999975]
            ]
          ]
        ]
      }
    },
    {
      "type": "Feature",
      "properties": {
        "ADM0_EN": "Indonesia",
        "date": "2019-12-20",
        "validOn": "2020-04-01",
        "PROVINCE": "Jawa Tengah",
        "Kabupaten": "Kudus",
        "PRV2": "Jawa_Tengah",
        "layer": "Jawa_Tengah_ADMIN_BPS",
        "path": "D:/rudi/Jawa_Tengah_ADMIN_BPS.shp",
        "listkodim_Kodim": "Kodim 0722/Kudus",
        "listkodim_Korem": "Korem 073/Makutarama"
      },
      "geometry": {
        "type": "MultiPolygon",
        "coordinates": [
          [
            [
              [110.88029990000007, -6.618803199999945],
              [110.88233370000006, -6.625581699999941],
              [110.88413630000008, -6.626183],
              [110.88509820000007, -6.624140299999965],
              [110.88395710000009, -6.621736599999963],
              [110.88569970000009, -6.621436499999959],
              [110.891528, -6.623480799999925],
              [110.89597510000004, -6.621679099999938],
              [110.89591440000004, -6.624322899999981],
              [110.90248110000005, -6.625000499999942],
              [110.90271760000007, -6.627615899999967],
              [110.89615310000005, -6.632254299999943],
              [110.90017920000008, -6.632255099999952],
              [110.899578, -6.633937399999979],
              [110.89357820000004, -6.640011699999945],
              [110.89782680000008, -6.638434099999927],
              [110.90544130000006, -6.644557],
              [110.90750890000004, -6.656333399999937],
              [110.91428370000006, -6.668472699999938],
              [110.92299650000007, -6.676878899999963],
              [110.92392730000006, -6.682229],
              [110.92602540000007, -6.684937899999966],
              [110.92511750000006, -6.687116099999969],
              [110.92883390000009, -6.69547579999994],
              [110.93077850000009, -6.694465099999945],
              [110.93281270000006, -6.69772],
              [110.93448730000006, -6.697442099999932],
              [110.933957, -6.706661099999963],
              [110.93807240000007, -6.710674],
              [110.93503690000006, -6.714326],
              [110.93403190000004, -6.719299],
              [110.935203, -6.721213599999942],
              [110.93189240000004, -6.723514099999932],
              [110.92871410000004, -6.715304499999945],
              [110.92613280000006, -6.71641569999997],
              [110.92450370000006, -6.732324799999958],
              [110.92855990000004, -6.73603],
              [110.92579, -6.738681299999939],
              [110.93191430000007, -6.737980299999947],
              [110.93865420000009, -6.740070899999978],
              [110.94074250000006, -6.749136399999941],
              [110.944664, -6.752148099999943],
              [110.94478610000004, -6.755363399999965],
              [110.946228, -6.756031499999949],
              [110.96093750000006, -6.755093099999954],
              [110.96547320000008, -6.756856299999981],
              [110.96289830000006, -6.762856499999941],
              [110.96544650000004, -6.772810899999968],
              [110.96424720000005, -6.77605959999994],
              [110.96493470000007, -6.779352],
              [110.96839140000009, -6.783429599999977],
              [110.97122190000005, -6.792864799999961],
              [110.97049710000005, -6.802231699999936],
              [110.97426470000005, -6.804058099999963],
              [110.97415160000008, -6.822800599999937],
              [110.97678430000008, -6.833520599999929],
              [110.96249410000007, -6.844029599999942],
              [110.937398, -6.855223199999955],
              [110.92398390000005, -6.864816],
              [110.92111550000004, -6.866462499999955],
              [110.92053840000005, -6.865269499999954],
              [110.920985, -6.866886199999954],
              [110.893198, -6.867544799999962],
              [110.88074750000004, -6.866297],
              [110.87810670000005, -6.867396],
              [110.88274050000007, -6.892922799999951],
              [110.87377340000006, -6.894374899999946],
              [110.86471330000006, -6.892120399999953],
              [110.86160120000005, -6.897843199999954],
              [110.85285070000003, -6.89773109999993],
              [110.85279380000009, -6.900198599999953],
              [110.85531830000008, -6.902779],
              [110.84515040000008, -6.920141799999953],
              [110.84820560000009, -6.930972599999961],
              [110.84479520000008, -6.935513499999956],
              [110.83763120000003, -6.93712759999994],
              [110.83942, -6.9422],
              [110.83824730000003, -6.943099299999972],
              [110.83260540000003, -6.94264359999994],
              [110.831424, -6.945025399999963],
              [110.82592390000008, -6.945894799999962],
              [110.82292380000007, -6.944289699999956],
              [110.82345840000005, -6.940529099999935],
              [110.81691010000009, -6.938267599999961],
              [110.81369350000006, -6.940516899999977],
              [110.81143490000005, -6.939958599999954],
              [110.81230640000007, -6.941591],
              [110.80961570000005, -6.947127099999932],
              [110.81013320000005, -6.952149899999938],
              [110.804829, -6.949809899999934],
              [110.80479410000004, -6.954419599999937],
              [110.80345990000006, -6.955424899999969],
              [110.80659180000004, -6.955426199999977],
              [110.81037260000005, -6.967553099999975],
              [110.81036970000008, -6.974897399999975],
              [110.80817810000008, -6.978123599999947],
              [110.80390930000004, -6.979570899999942],
              [110.80346590000005, -6.972335199999975],
              [110.79605870000006, -6.96169139999995],
              [110.79241940000009, -6.958002099999931],
              [110.78732170000006, -6.956389699999932],
              [110.78258410000007, -6.949859699999934],
              [110.77944940000003, -6.948985099999959],
              [110.77391520000003, -6.951181399999939],
              [110.77758960000006, -6.949662599999954],
              [110.77202370000003, -6.945124199999952],
              [110.77456610000007, -6.944218299999932],
              [110.779074, -6.94624639999995],
              [110.78074580000003, -6.944387199999937],
              [110.779009, -6.941407799999979],
              [110.78001790000008, -6.940362799999946],
              [110.78460630000006, -6.942164899999966],
              [110.78259210000004, -6.938521],
              [110.786067, -6.936722599999939],
              [110.77716060000006, -6.933347699999956],
              [110.78215020000005, -6.928027099999952],
              [110.78288270000007, -6.922541099999933],
              [110.78674320000005, -6.915222099999937],
              [110.78585050000004, -6.911642499999971],
              [110.79166050000003, -6.908188499999937],
              [110.79538730000007, -6.899220899999932],
              [110.80053710000004, -6.899096],
              [110.80738090000006, -6.894112299999961],
              [110.808803, -6.890649499999938],
              [110.80776730000008, -6.886621],
              [110.80889890000009, -6.880260499999963],
              [110.81384250000008, -6.877407],
              [110.81429620000006, -6.87461129999997],
              [110.81849420000009, -6.87009009999997],
              [110.82614760000007, -6.866433599999937],
              [110.82454430000007, -6.863184899999965],
              [110.82668460000008, -6.860348699999975],
              [110.83269110000003, -6.859775199999945],
              [110.83273320000006, -6.857020399999953],
              [110.83738260000007, -6.85504839999993],
              [110.83894850000007, -6.847319099999936],
              [110.83413550000006, -6.846659699999975],
              [110.83269650000005, -6.844274399999961],
              [110.83002240000008, -6.844725799999935],
              [110.82631860000004, -6.848548199999925],
              [110.82081140000008, -6.849704299999928],
              [110.81510650000007, -6.842125499999952],
              [110.81314690000005, -6.835707],
              [110.799836, -6.838261199999977],
              [110.79923610000009, -6.832046799999944],
              [110.79299690000005, -6.824021899999934],
              [110.79103740000005, -6.818316399999958],
              [110.78657970000006, -6.815462],
              [110.78340880000007, -6.80691429999996],
              [110.777932, -6.802291],
              [110.76991080000005, -6.801603099999966],
              [110.759152, -6.791549199999963],
              [110.762046, -6.784339599999953],
              [110.76360540000007, -6.784765499999935],
              [110.76795, -6.769471799999963],
              [110.77830190000009, -6.76214559999994],
              [110.78049460000005, -6.762182499999938],
              [110.78150940000006, -6.759929199999931],
              [110.78414410000005, -6.760953899999947],
              [110.78779980000007, -6.756269199999963],
              [110.79030960000006, -6.756693599999949],
              [110.79232630000007, -6.753107],
              [110.79626460000009, -6.755387299999938],
              [110.79759220000005, -6.758369899999934],
              [110.80692590000007, -6.751504699999941],
              [110.81444550000003, -6.749215099999958],
              [110.81974730000007, -6.75051689999998],
              [110.82827760000004, -6.755569],
              [110.83007810000004, -6.754820299999949],
              [110.83050540000005, -6.750467699999945],
              [110.83690470000005, -6.738101299999926],
              [110.83130650000004, -6.736478799999929],
              [110.82924460000004, -6.738435699999968],
              [110.82533260000008, -6.73633],
              [110.82395840000004, -6.730572],
              [110.82714840000006, -6.721285799999976],
              [110.82315830000005, -6.715966699999967],
              [110.82043460000006, -6.708663],
              [110.82466890000006, -6.704261299999928],
              [110.83865360000004, -6.703161199999954],
              [110.83895870000003, -6.699780899999951],
              [110.83599850000007, -6.69676869999995],
              [110.83670080000007, -6.692134099999976],
              [110.83372360000004, -6.689570499999945],
              [110.83632890000007, -6.683005199999968],
              [110.83869170000008, -6.680945899999926],
              [110.843277, -6.668122299999936],
              [110.85092930000008, -6.664317599999947],
              [110.84912870000005, -6.657787299999939],
              [110.84669230000009, -6.655741699999965],
              [110.847023, -6.652355199999931],
              [110.85110470000006, -6.648961499999928],
              [110.85606740000009, -6.649128399999938],
              [110.85919280000007, -6.647026299999936],
              [110.85943970000005, -6.624013499999933],
              [110.86088210000008, -6.623232799999926],
              [110.86292420000007, -6.626898599999947],
              [110.86448670000004, -6.626298199999951],
              [110.86635030000008, -6.623294399999963],
              [110.87248010000008, -6.620772399999964],
              [110.87121870000004, -6.61914969999998],
              [110.87254090000005, -6.618188699999962],
              [110.87683850000008, -6.618354099999976],
              [110.87362310000009, -6.615785499999959],
              [110.87933150000003, -6.616027299999928],
              [110.88029990000007, -6.618803199999945]
            ]
          ]
        ]
      }
    },
    {
      "type": "Feature",
      "properties": {
        "ADM0_EN": "Indonesia",
        "date": "2019-12-20",
        "validOn": "2020-04-01",
        "PROVINCE": "Daerah Istimewa Yogyakarta",
        "Kabupaten": "Bantul",
        "PRV2": "Daerah_Istimewa_Yogyakarta",
        "layer": "Daerah_Istimewa_Yogyakarta_ADMIN_BPS",
        "path": "D:/rudi/Daerah_Istimewa_Yogyakarta_ADMIN_BPS.shp",
        "listkodim_Kodim": "Kodim 0729/Bantul",
        "listkodim_Korem": "Korem 072/Pamungkas"
      },
      "geometry": {
        "type": "MultiPolygon",
        "coordinates": [
          [
            [
              [110.35102480000006, -7.780357799999933],
              [110.34957950000006, -7.79490039999996],
              [110.34833270000007, -7.79505649999993],
              [110.34740210000007, -7.802139499999953],
              [110.34462380000008, -7.806877899999961],
              [110.34580970000007, -7.812452499999949],
              [110.35204770000007, -7.814809299999979],
              [110.35139060000006, -7.82512509999998],
              [110.358284, -7.826110299999925],
              [110.36104770000009, -7.82415009999994],
              [110.36182590000004, -7.825860099999943],
              [110.36716350000006, -7.825575799999967],
              [110.36830090000007, -7.827065399999981],
              [110.36948180000007, -7.824833],
              [110.37444960000005, -7.824355299999979],
              [110.37587380000008, -7.826843699999927],
              [110.37492490000005, -7.830280199999947],
              [110.37748060000007, -7.831813599999975],
              [110.38090530000005, -7.828598199999931],
              [110.38572660000005, -7.830354399999976],
              [110.386817, -7.833527499999946],
              [110.38428270000009, -7.834580599999981],
              [110.38765870000009, -7.834722499999941],
              [110.38759240000007, -7.839891699999953],
              [110.38919930000009, -7.840109599999948],
              [110.39076050000006, -7.835966199999973],
              [110.395425, -7.83674039999994],
              [110.39364780000005, -7.82708649999995],
              [110.39919010000006, -7.827724499999931],
              [110.39703170000007, -7.831348099999957],
              [110.39787060000003, -7.833369699999935],
              [110.40156280000008, -7.831653599999981],
              [110.40292510000006, -7.832939899999928],
              [110.40507480000008, -7.830533399999979],
              [110.40479370000008, -7.823554599999966],
              [110.40145020000006, -7.822715199999948],
              [110.40341310000008, -7.821691499999929],
              [110.40176370000006, -7.818314199999975],
              [110.40225580000003, -7.802633599999979],
              [110.39851060000007, -7.802267699999959],
              [110.39590770000007, -7.794532599999968],
              [110.39712940000004, -7.787214899999981],
              [110.39908420000006, -7.785844199999929],
              [110.40065140000007, -7.792212199999938],
              [110.40167380000008, -7.78749739999995],
              [110.40565130000005, -7.787019899999962],
              [110.40636230000007, -7.785136399999942],
              [110.40679620000009, -7.78787],
              [110.40842110000006, -7.788796699999978],
              [110.40965230000006, -7.787277599999925],
              [110.411295, -7.789647599999967],
              [110.41282930000006, -7.783301399999971],
              [110.41623790000006, -7.783340299999963],
              [110.41649520000004, -7.786550099999943],
              [110.42127650000003, -7.787172399999974],
              [110.42049420000006, -7.791947299999947],
              [110.42285480000004, -7.796782099999973],
              [110.42103440000005, -7.806757299999958],
              [110.42131810000006, -7.816178299999933],
              [110.42292640000005, -7.818004499999972],
              [110.42184450000008, -7.821500799999967],
              [110.42514230000006, -7.822843899999953],
              [110.42819640000005, -7.82179629999996],
              [110.42702830000007, -7.828873099999953],
              [110.43076130000009, -7.831992399999933],
              [110.42994570000008, -7.837450399999966],
              [110.43501770000006, -7.836723099999972],
              [110.43388870000007, -7.834667099999933],
              [110.436797, -7.82871259999996],
              [110.44087610000008, -7.827389099999948],
              [110.44472220000006, -7.828550499999949],
              [110.44379330000004, -7.823929899999939],
              [110.452638, -7.824598099999946],
              [110.45335560000007, -7.820824399999935],
              [110.46017770000009, -7.819644899999957],
              [110.46128390000007, -7.822377899999935],
              [110.46535990000007, -7.822026899999969],
              [110.46769460000007, -7.827942099999973],
              [110.47064630000006, -7.822815399999968],
              [110.47601070000007, -7.823724299999981],
              [110.476734, -7.825480599999935],
              [110.47695120000009, -7.824038299999927],
              [110.47936620000007, -7.824900699999944],
              [110.48130910000003, -7.81748529999993],
              [110.48503230000006, -7.818321199999957],
              [110.48577760000006, -7.821075699999938],
              [110.492316, -7.82279989999995],
              [110.50166960000007, -7.82232259999995],
              [110.50504430000007, -7.823542099999941],
              [110.508681, -7.821872],
              [110.51144580000005, -7.82904069999995],
              [110.51495610000006, -7.828548399999931],
              [110.51490490000003, -7.829978199999971],
              [110.52129830000007, -7.832239799999968],
              [110.51993060000007, -7.835726799999975],
              [110.51633290000007, -7.837627099999963],
              [110.49674830000004, -7.838093399999934],
              [110.49450490000004, -7.839391499999977],
              [110.48902080000005, -7.837466599999971],
              [110.48714790000008, -7.840011899999979],
              [110.48349390000004, -7.840620899999976],
              [110.47386930000005, -7.85434209999994],
              [110.472771, -7.861120699999958],
              [110.47056640000005, -7.861696399999971],
              [110.46754460000005, -7.866708399999936],
              [110.46793310000004, -7.870108],
              [110.47371670000007, -7.875208499999928],
              [110.47061160000004, -7.876890799999956],
              [110.47673770000006, -7.890122099999928],
              [110.484024, -7.888691],
              [110.49247660000009, -7.891595699999925],
              [110.49478150000004, -7.890970699999968],
              [110.49821710000003, -7.900268099999948],
              [110.49632560000003, -7.914101799999969],
              [110.49165530000005, -7.926096499999971],
              [110.49356590000008, -7.931861199999958],
              [110.49213380000003, -7.939000599999929],
              [110.488649, -7.93924],
              [110.48959350000007, -7.942372299999931],
              [110.48838810000007, -7.94486569999998],
              [110.48195650000008, -7.942118599999958],
              [110.476242, -7.94297169999993],
              [110.47811890000008, -7.949888699999974],
              [110.472589, -7.953847699999926],
              [110.47590660000009, -7.965172399999972],
              [110.47263350000009, -7.967005399999948],
              [110.47756970000006, -7.970952199999942],
              [110.47534960000007, -7.971933],
              [110.46974960000006, -7.969847799999968],
              [110.46775070000007, -7.971233],
              [110.46379110000004, -7.968834499999957],
              [110.46347830000008, -7.967503199999953],
              [110.46775070000007, -7.966558099999929],
              [110.47063460000004, -7.962454899999955],
              [110.46488810000005, -7.959421499999962],
              [110.46505620000005, -7.957081099999925],
              [110.46715080000007, -7.955984099999966],
              [110.46584220000005, -7.954398499999968],
              [110.45684710000006, -7.958038699999975],
              [110.45743570000008, -7.965308799999946],
              [110.45505540000005, -7.967419799999959],
              [110.45076850000004, -7.96152079999996],
              [110.45120330000009, -7.956008],
              [110.45488, -7.95163789999998],
              [110.45180250000004, -7.947392499999978],
              [110.44899780000009, -7.94705579999993],
              [110.44361570000007, -7.951325399999973],
              [110.44470230000007, -7.957622199999946],
              [110.44350450000007, -7.966790799999956],
              [110.43641670000005, -7.966781799999978],
              [110.43298190000007, -7.964388699999972],
              [110.42842290000004, -7.970206099999928],
              [110.42204470000007, -7.973505299999943],
              [110.41364250000004, -7.971405499999946],
              [110.408664, -7.971969899999976],
              [110.40277520000006, -7.968868099999952],
              [110.39642, -7.96979609999994],
              [110.39847050000009, -7.976532899999938],
              [110.39749410000007, -7.980221699999959],
              [110.38428760000005, -7.982242099999951],
              [110.37708540000006, -7.980404799999974],
              [110.36757920000008, -7.973368799999946],
              [110.36628420000005, -7.980121899999972],
              [110.36358730000006, -7.98300839999996],
              [110.35862930000008, -7.981664399999943],
              [110.350343, -7.975093499999957],
              [110.35490780000003, -7.980755599999952],
              [110.35015920000006, -7.988671599999975],
              [110.35230590000003, -7.989887599999975],
              [110.35475440000005, -7.987660499999947],
              [110.35500490000004, -7.992022399999939],
              [110.35178630000007, -7.995234],
              [110.34001520000004, -7.994733799999949],
              [110.33461360000007, -7.996768399999951],
              [110.33121850000003, -7.99894089999998],
              [110.32959350000004, -8.003858099999945],
              [110.329782, -8.009123299999942],
              [110.33339840000008, -8.018083699999977],
              [110.33665160000004, -8.020957],
              [110.33940240000004, -8.027120099999934],
              [110.338209, -8.027606],
              [110.30613, -8.017418],
              [110.27296010000003, -8.009005499999944],
              [110.20395330000008, -7.983122699999967],
              [110.20956990000008, -7.982309799999939],
              [110.21472690000007, -7.978641099999948],
              [110.22455370000006, -7.968048],
              [110.22653210000004, -7.963414299999954],
              [110.23090710000008, -7.960280099999977],
              [110.24784930000004, -7.928123099999937],
              [110.25709020000005, -7.923400399999935],
              [110.26374440000006, -7.928216799999973],
              [110.269528, -7.927809199999956],
              [110.27334170000006, -7.91273579999995],
              [110.27433610000008, -7.900490199999979],
              [110.27269810000007, -7.891058499999929],
              [110.25989140000007, -7.872982599999943],
              [110.25715240000005, -7.866517199999976],
              [110.23758450000008, -7.852923199999964],
              [110.23274730000009, -7.845526599999971],
              [110.22565970000005, -7.841992699999935],
              [110.22142650000006, -7.837642199999948],
              [110.22169350000007, -7.835331399999973],
              [110.22607280000005, -7.834194599999933],
              [110.23128380000009, -7.829357899999934],
              [110.23370240000008, -7.823400799999945],
              [110.23458590000007, -7.812817099999961],
              [110.24025450000005, -7.806562],
              [110.24413020000009, -7.804891599999962],
              [110.24727890000008, -7.805717899999934],
              [110.25053020000007, -7.803617699999961],
              [110.25372040000008, -7.796849],
              [110.25741240000008, -7.797345099999973],
              [110.25592790000007, -7.799982899999975],
              [110.25691710000007, -7.800265399999944],
              [110.26347950000007, -7.794526099999928],
              [110.26758410000008, -7.795706299999949],
              [110.26959390000007, -7.793451],
              [110.27337650000004, -7.793391699999972],
              [110.27905680000003, -7.785597199999927],
              [110.28599650000007, -7.785241499999927],
              [110.28642770000005, -7.784014099999979],
              [110.28881450000006, -7.784874099999968],
              [110.28654630000005, -7.78742589999996],
              [110.289996, -7.788672299999973],
              [110.29079110000004, -7.79300319999993],
              [110.28950380000003, -7.797845399999972],
              [110.28684150000004, -7.80010679999998],
              [110.28699920000008, -7.802476599999977],
              [110.282017, -7.80625189999995],
              [110.28384240000008, -7.808128299999964],
              [110.28245720000007, -7.816462699999931],
              [110.285165, -7.817853899999932],
              [110.28762230000007, -7.82194149999998],
              [110.28839790000006, -7.833395799999948],
              [110.29292210000006, -7.833819699999935],
              [110.29469970000008, -7.831028699999933],
              [110.29849480000007, -7.832255599999939],
              [110.29759840000008, -7.827202099999965],
              [110.30252410000008, -7.827210299999933],
              [110.30347940000007, -7.825237699999946],
              [110.30642860000006, -7.828333499999928],
              [110.30688210000005, -7.822555699999953],
              [110.31135630000006, -7.818103599999972],
              [110.316429, -7.823712499999942],
              [110.31698330000006, -7.819887699999981],
              [110.31437890000007, -7.817996199999925],
              [110.31465870000005, -7.811254899999938],
              [110.31610350000005, -7.81068769999996],
              [110.31477880000006, -7.808914],
              [110.31627950000006, -7.80596079999998],
              [110.31910080000006, -7.807261399999959],
              [110.32076030000007, -7.804373699999928],
              [110.32507410000005, -7.805718399999932],
              [110.32816410000004, -7.804851699999972],
              [110.32994710000008, -7.806495499999926],
              [110.33338330000004, -7.79789349999993],
              [110.33711720000008, -7.797695799999929],
              [110.33901260000005, -7.792483499999946],
              [110.34402950000003, -7.791217099999926],
              [110.35024190000007, -7.768249699999956],
              [110.35102480000006, -7.780357799999933]
            ]
          ]
        ]
      }
    },
    {
      "type": "Feature",
      "properties": {
        "ADM0_EN": "Indonesia",
        "date": "2019-12-20",
        "validOn": "2020-04-01",
        "PROVINCE": "Jawa Tengah",
        "Kabupaten": "Grobogan",
        "PRV2": "Jawa_Tengah",
        "layer": "Jawa_Tengah_ADMIN_BPS",
        "path": "D:/rudi/Jawa_Tengah_ADMIN_BPS.shp",
        "listkodim_Kodim": "Kodim 0717/Grobogan",
        "listkodim_Korem": "Korem 073/Makutarama"
      },
      "geometry": {
        "type": "MultiPolygon",
        "coordinates": [
          [
            [
              [110.59224980000005, -7.203065399999957],
              [110.59178320000007, -7.200666199999944],
              [110.59282, -7.20229],
              [110.59224980000005, -7.203065399999957]
            ]
          ],
          [
            [
              [111.11464410000008, -6.913927],
              [111.11588310000008, -6.91483889999995],
              [111.11302950000004, -6.923531499999967],
              [111.113121, -6.940294199999926],
              [111.10654450000004, -6.962053699999956],
              [111.11120090000009, -6.977515099999948],
              [111.114036, -6.978652199999942],
              [111.12210080000006, -6.976562499999943],
              [111.13335770000003, -6.977392499999951],
              [111.14007570000007, -6.981140099999948],
              [111.14656830000007, -6.980669499999976],
              [111.154808, -6.983628299999964],
              [111.16127010000008, -6.980848299999934],
              [111.16768650000006, -6.982861],
              [111.17137150000008, -6.985499299999958],
              [111.17366030000005, -6.991140299999927],
              [111.18767540000005, -6.997695399999941],
              [111.19181820000006, -7.004290099999935],
              [111.196907, -7.007012799999927],
              [111.20166780000005, -7.017956199999958],
              [111.207756, -7.021258299999943],
              [111.20812220000005, -7.019924099999969],
              [111.21283720000008, -7.020652299999938],
              [111.21802520000006, -7.030528],
              [111.21665950000005, -7.046093],
              [111.21877290000003, -7.049884299999974],
              [111.21762850000005, -7.055501],
              [111.21563720000006, -7.057245699999953],
              [111.21527860000003, -7.06389379999996],
              [111.21739960000008, -7.07020179999995],
              [111.21562780000005, -7.076305299999945],
              [111.21375, -7.07711],
              [111.22112270000008, -7.085288],
              [111.22339630000005, -7.103551399999958],
              [111.23202510000004, -7.119765699999959],
              [111.23469540000008, -7.131362899999942],
              [111.237648, -7.137220299999967],
              [111.24040990000009, -7.138828699999976],
              [111.24153140000004, -7.16519969999996],
              [111.24314120000008, -7.169360099999949],
              [111.24615480000006, -7.170374799999934],
              [111.246521, -7.172788599999933],
              [111.24509430000006, -7.177644699999973],
              [111.24654390000006, -7.181066499999929],
              [111.24518590000008, -7.186613499999964],
              [111.24597170000004, -7.190896],
              [111.24335480000008, -7.202057799999977],
              [111.24414820000004, -7.206921099999931],
              [111.24237060000007, -7.209690099999932],
              [111.23941980000006, -7.226774],
              [111.23681610000006, -7.230724399999929],
              [111.23786180000008, -7.241020499999934],
              [111.23435130000007, -7.244025099999931],
              [111.22719630000006, -7.24389119999995],
              [111.21514280000008, -7.246906499999966],
              [111.20084380000009, -7.244825299999945],
              [111.19742580000008, -7.247418299999936],
              [111.198967, -7.248839299999929],
              [111.19965360000003, -7.254953399999977],
              [111.19377130000004, -7.256253199999946],
              [111.18878940000008, -7.259497099999976],
              [111.18249510000004, -7.25952719999998],
              [111.17769620000007, -7.264311299999974],
              [111.17507930000005, -7.262742],
              [111.16887660000003, -7.263375699999926],
              [111.16697690000007, -7.260554799999966],
              [111.16316980000005, -7.260412599999938],
              [111.15963750000009, -7.257956499999977],
              [111.15037530000006, -7.260070799999937],
              [111.149292, -7.263887899999929],
              [111.14648440000008, -7.264521099999968],
              [111.14403530000004, -7.26191179999995],
              [111.13600160000004, -7.261765899999943],
              [111.13298030000004, -7.259226299999966],
              [111.12712860000005, -7.257787699999938],
              [111.12586970000007, -7.251235],
              [111.123436, -7.248821699999951],
              [111.11216740000003, -7.24917789999995],
              [111.10247040000007, -7.24736779999995],
              [111.09530640000008, -7.252455199999929],
              [111.09179690000008, -7.252933],
              [111.089035, -7.251102399999979],
              [111.08559420000006, -7.254525199999932],
              [111.08081050000004, -7.254283899999962],
              [111.07869380000005, -7.258052699999951],
              [111.07986450000004, -7.26132819999998],
              [111.07486730000005, -7.262598],
              [111.07241820000007, -7.266943399999946],
              [111.06493380000006, -7.267380199999934],
              [111.058206, -7.270408599999939],
              [111.04490660000005, -7.266134199999954],
              [111.04148860000004, -7.266973],
              [111.03266140000005, -7.264407099999971],
              [111.03311920000004, -7.257889199999966],
              [111.02949520000004, -7.256869699999982],
              [111.02338410000004, -7.25816059999994],
              [111.02099530000004, -7.260640199999955],
              [111.01838680000009, -7.258987899999966],
              [111.013031, -7.26216119999998],
              [111.00749970000004, -7.260947699999974],
              [111.00507360000006, -7.266337399999941],
              [110.99678040000003, -7.267364],
              [110.99521640000006, -7.273437899999976],
              [110.98642730000006, -7.274418799999978],
              [110.98508450000008, -7.276529299999936],
              [110.981575, -7.277307],
              [110.96410370000007, -7.276037199999962],
              [110.95600890000009, -7.282576099999972],
              [110.94837190000004, -7.28143689999996],
              [110.94498440000007, -7.277204],
              [110.93632510000003, -7.277615499999968],
              [110.93194580000005, -7.276108199999953],
              [110.92863460000007, -7.277401899999973],
              [110.925209, -7.275075899999933],
              [110.92224120000009, -7.269586499999946],
              [110.92040250000008, -7.279762699999935],
              [110.91765590000006, -7.281952399999966],
              [110.91053770000008, -7.28106159999993],
              [110.90483090000004, -7.28314679999994],
              [110.90083310000006, -7.282065399999965],
              [110.90089420000004, -7.276036699999963],
              [110.88880160000008, -7.272737],
              [110.87876130000006, -7.274222799999961],
              [110.87699890000005, -7.277292699999975],
              [110.87027740000008, -7.27337069999993],
              [110.87080380000003, -7.268486499999938],
              [110.86749270000007, -7.265151],
              [110.85779570000005, -7.271109099999933],
              [110.85256960000004, -7.269965099999979],
              [110.85327150000006, -7.268135],
              [110.84789280000007, -7.269362399999977],
              [110.84700780000009, -7.268767299999979],
              [110.84864040000008, -7.267491799999959],
              [110.85305790000007, -7.266171899999961],
              [110.84534450000007, -7.267588099999955],
              [110.84413150000006, -7.262692399999935],
              [110.83678440000006, -7.258314599999949],
              [110.83495330000005, -7.252507699999967],
              [110.83115390000006, -7.250953199999969],
              [110.83002470000008, -7.248408299999937],
              [110.828186, -7.248551299999974],
              [110.82810970000008, -7.236200799999949],
              [110.83361050000008, -7.230077199999926],
              [110.83824160000006, -7.221112199999936],
              [110.842308, -7.219095699999968],
              [110.84303740000007, -7.21640089999994],
              [110.84591060000008, -7.214438799999925],
              [110.85205840000003, -7.21746539999998],
              [110.85478590000008, -7.21552029999998],
              [110.85865860000007, -7.215319399999942],
              [110.85768650000006, -7.210318499999971],
              [110.84925080000005, -7.201468],
              [110.84583280000004, -7.202770699999974],
              [110.845314, -7.200745099999949],
              [110.83265690000007, -7.198209299999974],
              [110.82747650000005, -7.202247099999965],
              [110.82419580000004, -7.212311299999953],
              [110.81203460000006, -7.21873039999997],
              [110.808876, -7.223137399999928],
              [110.80733490000006, -7.229263699999933],
              [110.79415890000007, -7.240016],
              [110.78880310000005, -7.24342009999998],
              [110.78119660000004, -7.245213499999977],
              [110.76679230000008, -7.244444299999941],
              [110.77191930000004, -7.235430199999939],
              [110.77034430000003, -7.226688199999955],
              [110.77289580000007, -7.223773899999969],
              [110.777298, -7.222496],
              [110.77670290000009, -7.219442799999968],
              [110.78041840000009, -7.212765699999977],
              [110.78115840000004, -7.203586099999939],
              [110.78550720000004, -7.193872899999974],
              [110.78076930000009, -7.188970599999948],
              [110.77858730000008, -7.191267499999981],
              [110.77637480000004, -7.19097469999997],
              [110.77765160000007, -7.18618209999994],
              [110.77043850000007, -7.186440699999935],
              [110.76795220000008, -7.183691],
              [110.76285550000006, -7.187138199999936],
              [110.76023860000004, -7.186352199999931],
              [110.759552, -7.182340099999976],
              [110.76090240000008, -7.179819099999975],
              [110.76644130000005, -7.180337899999927],
              [110.76943510000007, -7.177422799999931],
              [110.76408120000008, -7.17434309999993],
              [110.76463430000007, -7.175432899999976],
              [110.76321, -7.175891699999966],
              [110.760425, -7.175427199999945],
              [110.75782780000009, -7.170360499999958],
              [110.74429320000007, -7.164461099999926],
              [110.74366760000004, -7.155446],
              [110.74754330000007, -7.152835399999958],
              [110.74806210000008, -7.149703],
              [110.749949, -7.148791],
              [110.74567410000009, -7.140473799999938],
              [110.742363, -7.139133399999935],
              [110.74118040000008, -7.141149],
              [110.73519130000005, -7.142972],
              [110.72763820000006, -7.153499599999975],
              [110.72786710000008, -7.157052],
              [110.72368620000009, -7.16502],
              [110.708168, -7.178855399999975],
              [110.70447540000004, -7.184410499999956],
              [110.70212550000008, -7.185791499999937],
              [110.69704440000004, -7.18547719999998],
              [110.690567, -7.188896599999964],
              [110.68926240000008, -7.191984099999956],
              [110.69098660000009, -7.193323599999928],
              [110.69128420000004, -7.198155399999962],
              [110.69339740000004, -7.201953199999934],
              [110.69280240000006, -7.205030399999941],
              [110.69728850000007, -7.207746499999928],
              [110.70407870000008, -7.208379699999966],
              [110.70498660000004, -7.20920179999996],
              [110.70359040000005, -7.212056599999926],
              [110.70542140000003, -7.212849099999971],
              [110.70580290000004, -7.215580399999965],
              [110.69451140000007, -7.224000399999966],
              [110.69250720000008, -7.240418799999929],
              [110.68296810000004, -7.241555699999935],
              [110.67469020000004, -7.237635599999976],
              [110.66723630000007, -7.231246399999975],
              [110.66793060000003, -7.227505699999938],
              [110.66249850000008, -7.223973699999931],
              [110.65499880000004, -7.225891099999956],
              [110.648529, -7.223240799999928],
              [110.64407350000005, -7.219048499999928],
              [110.62765580000007, -7.219371699999954],
              [110.62640380000005, -7.217543099999943],
              [110.62052920000008, -7.21692319999994],
              [110.61686710000004, -7.217917399999976],
              [110.61218, -7.21266],
              [110.61270350000007, -7.198834399999953],
              [110.60641, -7.19489],
              [110.60115, -7.19496],
              [110.60154, -7.19958],
              [110.60019, -7.19993],
              [110.58972450000005, -7.197526699999969],
              [110.58900080000006, -7.200796299999979],
              [110.58559660000009, -7.200741],
              [110.58406210000004, -7.202777],
              [110.57994840000003, -7.200217699999939],
              [110.57847650000008, -7.196687699999927],
              [110.57672420000006, -7.199267599999928],
              [110.57618650000006, -7.194632],
              [110.57042690000009, -7.18895619999995],
              [110.56907650000005, -7.189295699999946],
              [110.57012180000004, -7.192227799999955],
              [110.56901550000003, -7.194325899999967],
              [110.56659380000008, -7.19087959999996],
              [110.56453590000007, -7.19148279999996],
              [110.562767, -7.188155199999926],
              [110.56166840000009, -7.191841599999975],
              [110.55965420000007, -7.192671699999948],
              [110.55550770000008, -7.187167699999975],
              [110.55420940000005, -7.18910859999994],
              [110.55662540000009, -7.190229399999964],
              [110.55467230000005, -7.190133099999969],
              [110.55371860000008, -7.193914399999926],
              [110.551712, -7.192758499999968],
              [110.54670710000005, -7.19517419999994],
              [110.54606630000006, -7.194114599999978],
              [110.54415130000007, -7.188931],
              [110.54592470000006, -7.185745699999927],
              [110.54376220000006, -7.184921199999962],
              [110.54529980000007, -7.18384],
              [110.54466120000006, -7.18212479999994],
              [110.54155180000004, -7.181375599999967],
              [110.54196620000005, -7.177212299999951],
              [110.54741780000006, -7.168219799999974],
              [110.553998, -7.167435799999964],
              [110.55402570000007, -7.159605299999953],
              [110.558182, -7.151749499999937],
              [110.55744510000005, -7.146703599999967],
              [110.56087650000006, -7.143381],
              [110.55903520000004, -7.139997899999969],
              [110.58721920000005, -7.128820399999938],
              [110.59385680000008, -7.122365899999977],
              [110.59433750000005, -7.119117299999971],
              [110.59236140000007, -7.115046],
              [110.58495330000005, -7.11448379999996],
              [110.57914730000005, -7.111724399999957],
              [110.57305910000008, -7.10038609999998],
              [110.56478120000008, -7.09578369999997],
              [110.56514740000006, -7.093688499999928],
              [110.56245420000005, -7.094421799999964],
              [110.56193540000004, -7.091078699999969],
              [110.563321, -7.091267599999981],
              [110.56322650000004, -7.087749299999928],
              [110.56523280000005, -7.086920499999962],
              [110.56822350000004, -7.079593599999953],
              [110.56807990000004, -7.076173],
              [110.57096630000007, -7.075687],
              [110.57667540000006, -7.070240499999954],
              [110.57946010000006, -7.069570499999941],
              [110.58525850000007, -7.070062599999972],
              [110.58490750000004, -7.071272299999976],
              [110.58676910000008, -7.070917599999973],
              [110.58754730000004, -7.072845899999948],
              [110.59123230000006, -7.070788399999969],
              [110.59176640000004, -7.067904],
              [110.59407040000008, -7.067187299999944],
              [110.59506220000009, -7.055835199999933],
              [110.59912110000005, -7.04922629999993],
              [110.60433960000006, -7.046463],
              [110.61952520000006, -7.02114679999994],
              [110.61413670000007, -7.020131],
              [110.62239390000008, -7.010952799999927],
              [110.62367150000006, -7.006125899999972],
              [110.62165460000006, -7.000983],
              [110.62424, -6.99418019999996],
              [110.62197310000005, -6.992412],
              [110.62277540000008, -6.990246299999967],
              [110.62047670000004, -6.986745],
              [110.62151110000008, -6.986312599999962],
              [110.61908370000003, -6.984607199999971],
              [110.62000270000004, -6.98211],
              [110.62207030000008, -6.981363299999941],
              [110.63089940000003, -6.984232199999951],
              [110.63093540000006, -6.979107599999963],
              [110.63392640000006, -6.979378699999927],
              [110.63777160000006, -6.976409399999966],
              [110.64494320000006, -6.978825499999971],
              [110.65005490000004, -6.974497799999938],
              [110.65435790000004, -6.973760099999936],
              [110.67174530000005, -6.976106099999981],
              [110.66935730000006, -6.979303799999968],
              [110.67113490000008, -6.98062989999994],
              [110.66826630000008, -6.983126599999935],
              [110.675293, -6.987321799999961],
              [110.67786410000008, -6.986774399999945],
              [110.67675780000008, -6.991211399999941],
              [110.68032070000004, -6.996384099999943],
              [110.67912290000004, -7.000000399999976],
              [110.67330930000008, -7.005528399999946],
              [110.673233, -7.008194899999978],
              [110.67655790000003, -7.011496899999941],
              [110.67996220000003, -7.011713499999928],
              [110.68096160000005, -7.013967],
              [110.68806460000008, -7.014271699999938],
              [110.69046020000008, -7.016826099999946],
              [110.69087980000006, -7.021622199999968],
              [110.68965150000008, -7.025197],
              [110.681633, -7.032963699999925],
              [110.68350980000008, -7.034618799999976],
              [110.68223570000004, -7.035537699999963],
              [110.68063350000006, -7.03415149999995],
              [110.67868810000004, -7.038294699999938],
              [110.67646790000003, -7.03720809999993],
              [110.67444610000007, -7.038674299999968],
              [110.67449950000008, -7.041351299999974],
              [110.67089840000006, -7.042382199999963],
              [110.66925050000009, -7.046814899999958],
              [110.67054750000005, -7.048831],
              [110.66827390000009, -7.049976799999968],
              [110.66946410000008, -7.054338899999948],
              [110.67367170000006, -7.050040199999955],
              [110.67704040000007, -7.050775399999964],
              [110.67843570000008, -7.048066099999971],
              [110.677742, -7.045762499999967],
              [110.68994140000007, -7.032156899999961],
              [110.69317630000006, -7.033728099999962],
              [110.69453430000004, -7.031238099999939],
              [110.69136050000009, -7.030042199999968],
              [110.69211030000008, -7.024954099999945],
              [110.69861610000004, -7.025907699999948],
              [110.69942680000008, -7.021519599999976],
              [110.69339750000006, -7.019057699999962],
              [110.72972870000007, -7.032894099999965],
              [110.76259610000005, -7.021504799999946],
              [110.75785830000007, -7.018915199999981],
              [110.76065830000005, -7.016691699999967],
              [110.76466370000009, -7.017630099999963],
              [110.76539610000009, -7.014514399999939],
              [110.76836390000005, -7.014147699999967],
              [110.76887510000006, -7.010550499999965],
              [110.76454930000006, -7.005880299999944],
              [110.76448060000007, -7.003603899999973],
              [110.77145380000007, -7.004642],
              [110.77569580000005, -7.001930699999946],
              [110.77396390000007, -6.99897569999996],
              [110.76503750000006, -7.000477799999942],
              [110.763382, -6.999069199999951],
              [110.768425, -6.995841499999926],
              [110.76720430000006, -6.990523799999949],
              [110.77265170000004, -6.99031489999993],
              [110.76741790000005, -6.983979199999965],
              [110.76171880000004, -6.984766499999978],
              [110.761612, -6.980718099999933],
              [110.76854710000003, -6.980073],
              [110.774215, -6.975361],
              [110.76906490000005, -6.972220099999959],
              [110.77118440000004, -6.969268099999965],
              [110.77034770000006, -6.967791199999965],
              [110.76552770000006, -6.969381299999952],
              [110.76330390000004, -6.968132199999957],
              [110.76990690000008, -6.962672299999952],
              [110.77343980000006, -6.965408899999943],
              [110.776374, -6.964140399999962],
              [110.77348260000008, -6.951923199999953],
              [110.77853390000007, -6.948899299999937],
              [110.78451520000004, -6.95089489999998],
              [110.78718170000008, -6.955941299999949],
              [110.79241940000009, -6.958002099999931],
              [110.79855340000006, -6.964399299999968],
              [110.80346590000005, -6.972335199999975],
              [110.80377960000004, -6.988998899999956],
              [110.80818940000006, -6.99229],
              [110.81089780000008, -7.000000399999976],
              [110.81480410000006, -7.00363109999995],
              [110.81775670000007, -6.996725499999968],
              [110.81928250000004, -6.996126599999968],
              [110.82431790000004, -7.001462899999979],
              [110.826767, -7.001508199999932],
              [110.83532710000009, -6.991093099999944],
              [110.84056850000007, -6.99337289999994],
              [110.84581760000009, -6.990601],
              [110.84751890000007, -6.99759],
              [110.85150910000004, -6.998808399999973],
              [110.85576630000008, -6.987382899999943],
              [110.86050410000007, -6.982115699999952],
              [110.86561390000008, -6.979230499999971],
              [110.86753080000005, -6.975432399999931],
              [110.87258910000008, -6.975615499999947],
              [110.875, -6.972906099999932],
              [110.88515040000004, -6.969358199999931],
              [110.88461660000007, -6.980140499999948],
              [110.88664240000008, -6.983930599999951],
              [110.90040590000007, -6.988307],
              [110.90538720000006, -6.98386389999996],
              [110.90647890000008, -6.975778599999956],
              [110.91540530000009, -6.961621699999966],
              [110.91568750000005, -6.965593299999966],
              [110.92033390000006, -6.96736],
              [110.92061610000007, -6.969645499999956],
              [110.92392730000006, -6.969640699999957],
              [110.92587280000004, -6.972131699999977],
              [110.93008720000006, -6.971697399999925],
              [110.93437810000006, -6.974162399999955],
              [110.93709420000005, -6.972467699999982],
              [110.94546240000005, -6.974904599999945],
              [110.94753660000003, -6.971379199999944],
              [110.94982390000007, -6.970680199999947],
              [110.94895120000007, -6.96724039999998],
              [110.95302350000009, -6.97047729999997],
              [110.96219390000005, -6.970375799999943],
              [110.96516560000003, -6.965717699999971],
              [110.96936640000007, -6.968021499999963],
              [110.96972530000005, -6.964489399999934],
              [110.97783660000005, -6.967023799999936],
              [110.98036960000007, -6.970110399999953],
              [110.98548120000004, -6.970938399999966],
              [111.01566920000005, -6.96856809999997],
              [111.02474970000009, -6.969220099999973],
              [111.03189850000007, -6.972347199999945],
              [111.05067440000005, -6.967012899999929],
              [111.06944330000005, -6.968953699999929],
              [111.07481380000007, -6.961947399999929],
              [111.08997240000008, -6.954712299999926],
              [111.09261870000006, -6.950799],
              [111.08865230000004, -6.948847699999931],
              [111.08471090000006, -6.949852899999939],
              [111.07844720000008, -6.945267699999931],
              [111.07862520000003, -6.942042799999967],
              [111.08370680000007, -6.937782099999936],
              [111.09039390000004, -6.937142899999969],
              [111.09221020000007, -6.934464499999933],
              [111.09668410000006, -6.933215399999938],
              [111.09896850000007, -6.928417199999956],
              [111.10149480000007, -6.927494],
              [111.10072520000006, -6.926542299999937],
              [111.104857, -6.919279099999926],
              [111.11007980000005, -6.91673609999998],
              [111.11066, -6.91343],
              [111.11464410000008, -6.913927]
            ]
          ]
        ]
      }
    },
    {
      "type": "Feature",
      "properties": {
        "ADM0_EN": "Indonesia",
        "date": "2019-12-20",
        "validOn": "2020-04-01",
        "PROVINCE": "Jawa Tengah",
        "Kabupaten": "Kebumen",
        "PRV2": "Jawa_Tengah",
        "layer": "Jawa_Tengah_ADMIN_BPS",
        "path": "D:/rudi/Jawa_Tengah_ADMIN_BPS.shp",
        "listkodim_Kodim": "Kodim 0709/Kebumen",
        "listkodim_Korem": "Korem 072/Pamungkas"
      },
      "geometry": {
        "type": "MultiPolygon",
        "coordinates": [
          [
            [
              [109.81203150000005, -7.61213319999996],
              [109.811003, -7.623324699999955],
              [109.81359910000003, -7.624497],
              [109.81474430000009, -7.631291499999975],
              [109.80989830000004, -7.63380479999995],
              [109.80770980000005, -7.63285929999995],
              [109.80377250000004, -7.642868899999939],
              [109.79967940000006, -7.64391569999998],
              [109.79842090000005, -7.646797099999958],
              [109.79814510000006, -7.648596099999963],
              [109.80301660000003, -7.654687],
              [109.80207060000004, -7.662662],
              [109.80787660000004, -7.67021079999995],
              [109.80493160000009, -7.688375899999926],
              [109.80661010000006, -7.689374399999963],
              [109.80382540000005, -7.690342399999963],
              [109.798089, -7.698785599999951],
              [109.80015260000005, -7.706407899999931],
              [109.80296330000004, -7.709144599999945],
              [109.80520530000007, -7.707816299999934],
              [109.80898240000005, -7.710653299999933],
              [109.81121940000008, -7.710369899999932],
              [109.81251450000008, -7.712358499999937],
              [109.83033760000006, -7.715740199999971],
              [109.82824710000006, -7.718351299999938],
              [109.831253, -7.72653],
              [109.83220230000006, -7.737719799999979],
              [109.83024880000005, -7.73980679999994],
              [109.83229960000006, -7.74163539999995],
              [109.83159860000006, -7.752736299999981],
              [109.83356530000009, -7.756887199999937],
              [109.83542720000008, -7.773282299999948],
              [109.83859460000008, -7.773261699999978],
              [109.83402530000006, -7.793417899999952],
              [109.82939450000003, -7.803721799999948],
              [109.83295310000005, -7.804363599999931],
              [109.82884980000006, -7.823113899999953],
              [109.81963870000004, -7.830032699999947],
              [109.68753, -7.79698],
              [109.61428, -7.78309],
              [109.62363, -7.7841],
              [109.625, -7.78248],
              [109.62114, -7.78126],
              [109.59502, -7.77686],
              [109.60879560000006, -7.780123899999978],
              [109.61017690000006, -7.781152],
              [109.60876050000007, -7.781919199999948],
              [109.569935, -7.77328],
              [109.49868, -7.76205],
              [109.46721, -7.75864],
              [109.46577, -7.76259],
              [109.46104, -7.7627],
              [109.45743, -7.76518],
              [109.45474, -7.76523],
              [109.45347, -7.76331],
              [109.451, -7.76673],
              [109.44952, -7.76526],
              [109.44373, -7.76791],
              [109.43974, -7.76638],
              [109.43668, -7.76824],
              [109.43662, -7.77316],
              [109.43331, -7.7759],
              [109.43127, -7.77263],
              [109.42153, -7.77056],
              [109.41702, -7.77105],
              [109.41206, -7.77638],
              [109.41048, -7.77501],
              [109.41278, -7.77031],
              [109.40917, -7.76585],
              [109.39971, -7.76255],
              [109.39816, -7.76353],
              [109.39695, -7.75717],
              [109.39503, -7.75766],
              [109.39182, -7.75477],
              [109.38868, -7.75615],
              [109.38725, -7.75449],
              [109.38629, -7.75099],
              [109.38827, -7.743],
              [109.38756, -7.73689],
              [109.39108, -7.73307],
              [109.3916, -7.7292],
              [109.39374, -7.72805],
              [109.39195, -7.7257],
              [109.39421850000008, -7.721252899999968],
              [109.38796240000005, -7.719617299999925],
              [109.38758090000005, -7.714119899999957],
              [109.39058690000007, -7.70210069999996],
              [109.39524840000007, -7.698649399999965],
              [109.39546210000009, -7.696451599999932],
              [109.38788610000006, -7.687800399999958],
              [109.38590240000008, -7.687878599999976],
              [109.38476560000004, -7.69091549999996],
              [109.37983710000009, -7.687169499999925],
              [109.38711550000005, -7.680992499999945],
              [109.38694, -7.672794799999963],
              [109.39147950000006, -7.672496299999978],
              [109.39189910000005, -7.670677099999978],
              [109.38933560000004, -7.668615799999941],
              [109.38597110000006, -7.670736699999964],
              [109.38330840000003, -7.666182],
              [109.383667, -7.663727199999926],
              [109.38946240000007, -7.658126699999968],
              [109.38436890000008, -7.654786099999967],
              [109.38385010000007, -7.652410399999951],
              [109.39011390000007, -7.649582299999963],
              [109.38899660000004, -7.645848799999953],
              [109.39206, -7.644328899999948],
              [109.39207580000004, -7.647170199999948],
              [109.397377, -7.648690199999976],
              [109.40299070000009, -7.646566499999949],
              [109.40375520000003, -7.651422399999944],
              [109.40476770000004, -7.648198899999954],
              [109.40676170000006, -7.65116409999996],
              [109.40785690000007, -7.649159699999927],
              [109.41447390000008, -7.648125099999959],
              [109.41944410000008, -7.638373699999931],
              [109.42382810000004, -7.637196],
              [109.42499540000006, -7.634031199999981],
              [109.42696550000005, -7.633208699999955],
              [109.43446030000007, -7.635745],
              [109.44006350000006, -7.63055079999998],
              [109.44059750000008, -7.626078099999972],
              [109.44566690000005, -7.621070199999963],
              [109.44387210000008, -7.615313799999967],
              [109.44115670000008, -7.612988899999948],
              [109.44130550000006, -7.607837],
              [109.43757630000005, -7.60418169999997],
              [109.43761450000005, -7.601034099999936],
              [109.43254850000005, -7.598742899999934],
              [109.43000790000008, -7.594105699999943],
              [109.42701720000008, -7.593557299999929],
              [109.42525480000006, -7.588958199999979],
              [109.42312620000007, -7.588955799999951],
              [109.42035680000004, -7.585930299999973],
              [109.42105870000006, -7.578542699999957],
              [109.41569520000007, -7.570673899999974],
              [109.41607670000008, -7.563039699999933],
              [109.420723, -7.558028599999943],
              [109.42816170000003, -7.556206199999963],
              [109.43150330000009, -7.552067199999954],
              [109.43302160000007, -7.549262],
              [109.43206030000005, -7.541927799999939],
              [109.43392950000003, -7.539],
              [109.43417340000008, -7.530662199999938],
              [109.43663790000005, -7.527574499999957],
              [109.45601660000005, -7.523130399999957],
              [109.46225740000006, -7.519381],
              [109.46510320000004, -7.519709499999976],
              [109.46804810000003, -7.522433199999966],
              [109.48181920000007, -7.517865099999938],
              [109.48480990000007, -7.51121089999998],
              [109.49085370000006, -7.510084899999981],
              [109.49733740000005, -7.503727399999946],
              [109.49965670000006, -7.510187599999938],
              [109.507782, -7.508692199999928],
              [109.518339, -7.510863599999936],
              [109.525177, -7.515419399999928],
              [109.53730780000006, -7.515608699999973],
              [109.54514310000008, -7.522700699999973],
              [109.54983520000008, -7.513253199999951],
              [109.55178070000005, -7.511395399999969],
              [109.55557250000004, -7.511616199999935],
              [109.55853270000006, -7.509895299999926],
              [109.56909940000008, -7.509962499999972],
              [109.57210540000005, -7.51324169999998],
              [109.58245850000009, -7.513270299999931],
              [109.58759310000005, -7.51524969999997],
              [109.58917240000005, -7.513496299999929],
              [109.59298710000007, -7.513411499999961],
              [109.60212710000008, -7.506154],
              [109.61318210000007, -7.504241399999955],
              [109.61525730000005, -7.500590799999941],
              [109.61515810000009, -7.496612],
              [109.61889650000006, -7.492052499999943],
              [109.63306430000006, -7.481577399999935],
              [109.63756560000007, -7.481167299999981],
              [109.64261630000004, -7.485210399999971],
              [109.64746860000008, -7.494881599999928],
              [109.65477750000008, -7.495949699999926],
              [109.66432950000006, -7.492786299999977],
              [109.672287, -7.500837799999942],
              [109.67253110000007, -7.50299739999997],
              [109.68157960000008, -7.501966899999957],
              [109.68402860000003, -7.503393099999926],
              [109.68772890000008, -7.502062799999976],
              [109.68927770000005, -7.496728899999937],
              [109.69851690000007, -7.495790899999974],
              [109.71112060000007, -7.482925399999942],
              [109.715271, -7.482068],
              [109.71939090000006, -7.478104099999939],
              [109.72529610000004, -7.476058],
              [109.73291020000005, -7.478372099999945],
              [109.73594670000006, -7.474663699999951],
              [109.73275760000007, -7.471814599999959],
              [109.73279570000005, -7.469723199999976],
              [109.73471360000008, -7.470811599999934],
              [109.73764560000006, -7.468742599999928],
              [109.74100310000006, -7.468762099999935],
              [109.74217940000005, -7.46558669999996],
              [109.75070950000008, -7.457782],
              [109.75605180000008, -7.468055599999957],
              [109.75856220000009, -7.468499899999927],
              [109.760761, -7.478152499999965],
              [109.761116, -7.488379599999973],
              [109.75887180000007, -7.489524099999926],
              [109.75763220000005, -7.494028],
              [109.768219, -7.506082],
              [109.76709750000003, -7.510118399999953],
              [109.77415470000005, -7.516923399999939],
              [109.77223970000006, -7.518714899999964],
              [109.76730350000008, -7.518206099999929],
              [109.76093290000006, -7.523440299999947],
              [109.75195310000004, -7.523662499999944],
              [109.750267, -7.528228199999944],
              [109.74163820000007, -7.530392599999971],
              [109.73825840000006, -7.534966399999973],
              [109.73934940000004, -7.54269069999998],
              [109.73769380000005, -7.543886199999974],
              [109.74213970000005, -7.550837799999954],
              [109.74069770000006, -7.554538899999955],
              [109.741905, -7.560549599999945],
              [109.74118040000008, -7.573976899999934],
              [109.74718210000009, -7.576798499999938],
              [109.75027510000007, -7.582195399999932],
              [109.75070190000008, -7.580121],
              [109.75228120000008, -7.582068399999969],
              [109.75729880000006, -7.596518],
              [109.76418840000008, -7.602847399999973],
              [109.76990370000004, -7.603299099999958],
              [109.77272880000004, -7.605089699999951],
              [109.77794650000004, -7.604729599999928],
              [109.78629670000004, -7.611303],
              [109.78739110000004, -7.608580099999926],
              [109.799942, -7.612352299999941],
              [109.80563360000008, -7.60681429999994],
              [109.80822760000007, -7.606926399999963],
              [109.81113430000005, -7.599643199999946],
              [109.81444550000003, -7.599023299999942],
              [109.814874, -7.600691899999958],
              [109.81185910000005, -7.605048599999975],
              [109.81203150000005, -7.61213319999996]
            ],
            [
              [109.81203150000005, -7.61213319999996],
              [109.81191870000004, -7.61197459999994],
              [109.81187780000005, -7.612215099999958],
              [109.81203150000005, -7.61213319999996]
            ]
          ]
        ]
      }
    },
    {
      "type": "Feature",
      "properties": {
        "ADM0_EN": "Indonesia",
        "date": "2019-12-20",
        "validOn": "2020-04-01",
        "PROVINCE": "Jawa Tengah",
        "Kabupaten": "Hutan",
        "PRV2": "Jawa_Tengah",
        "layer": "Jawa_Tengah_ADMIN_BPS",
        "path": "D:/rudi/Jawa_Tengah_ADMIN_BPS.shp",
        "listkodim_Kodim": "Hutan",
        "listkodim_Korem": "Hutan"
      },
      "geometry": {
        "type": "MultiPolygon",
        "coordinates": [
          [
            [
              [110.34105850000009, -7.148030399999925],
              [110.34348290000008, -7.148266099999944],
              [110.34381950000005, -7.145181199999968],
              [110.34501540000008, -7.145083299999953],
              [110.34707030000004, -7.148304399999972],
              [110.34853520000007, -7.147875],
              [110.34828720000007, -7.153511599999945],
              [110.35115210000004, -7.155127899999968],
              [110.35030920000008, -7.157803099999967],
              [110.35188210000007, -7.158193199999971],
              [110.369433, -7.148049799999967],
              [110.37161750000007, -7.148298699999941],
              [110.37160090000003, -7.152457599999934],
              [110.37720240000004, -7.149661599999945],
              [110.37726220000008, -7.152246299999945],
              [110.37924040000007, -7.151415],
              [110.38381160000006, -7.156876899999929],
              [110.38654240000005, -7.156581599999981],
              [110.39061620000007, -7.163446199999953],
              [110.39781610000006, -7.163379199999952],
              [110.39841830000006, -7.166760099999976],
              [110.39076180000006, -7.167704699999945],
              [110.38151890000006, -7.172832899999946],
              [110.36357530000004, -7.17436779999997],
              [110.35754910000009, -7.18007259999996],
              [110.36320620000004, -7.187295],
              [110.35351, -7.18637],
              [110.34857060000007, -7.18344019999995],
              [110.34084010000004, -7.199913099999947],
              [110.34255930000006, -7.18793],
              [110.33759450000008, -7.184266799999932],
              [110.33124120000008, -7.184342099999981],
              [110.33270480000004, -7.182694499999968],
              [110.32196930000003, -7.181748199999959],
              [110.32440680000008, -7.180355799999973],
              [110.32358210000007, -7.179508599999963],
              [110.31807570000007, -7.179775399999926],
              [110.32383640000006, -7.178312499999947],
              [110.32445260000009, -7.174422],
              [110.32994410000003, -7.170377599999938],
              [110.33148540000008, -7.17273],
              [110.33529880000009, -7.173385499999938],
              [110.34001690000008, -7.171975],
              [110.34403780000008, -7.165071499999954],
              [110.34297470000007, -7.162194499999941],
              [110.33908210000004, -7.159313299999951],
              [110.33107, -7.15734],
              [110.32799210000007, -7.152059399999928],
              [110.33195480000006, -7.153603],
              [110.33572030000005, -7.152201199999979],
              [110.33942190000005, -7.148225899999943],
              [110.33939, -7.14523],
              [110.34105850000009, -7.148030399999925]
            ]
          ]
        ]
      }
    },
    {
      "type": "Feature",
      "properties": {
        "ADM0_EN": "Indonesia",
        "date": "2019-12-20",
        "validOn": "2020-04-01",
        "PROVINCE": "Jawa Tengah",
        "Kabupaten": "Wadung Kedungombo",
        "PRV2": "Jawa_Tengah",
        "layer": "Jawa_Tengah_ADMIN_BPS",
        "path": "D:/rudi/Jawa_Tengah_ADMIN_BPS.shp",
        "listkodim_Kodim": "Wadung Kedungombo",
        "listkodim_Korem": "Wadung Kedungombo"
      },
      "geometry": {
        "type": "MultiPolygon",
        "coordinates": [
          [
            [
              [110.82794190000004, -7.247489899999948],
              [110.83141330000007, -7.25142139999997],
              [110.83412930000009, -7.252223499999957],
              [110.83759310000005, -7.259096599999964],
              [110.84369660000004, -7.263230299999975],
              [110.84516910000008, -7.267472199999929],
              [110.85242460000006, -7.265994499999977],
              [110.846962, -7.268665799999951],
              [110.84866330000006, -7.269834],
              [110.85313410000003, -7.267968199999927],
              [110.85272210000005, -7.270668],
              [110.85067750000007, -7.270506399999931],
              [110.84951780000006, -7.272297799999933],
              [110.84397120000006, -7.269912199999965],
              [110.84284210000004, -7.274267699999939],
              [110.84429170000004, -7.275616199999945],
              [110.84323880000005, -7.275784499999929],
              [110.84191890000005, -7.274125099999935],
              [110.84190370000005, -7.26840489999995],
              [110.83996580000007, -7.266881],
              [110.83688350000006, -7.267765],
              [110.83688350000006, -7.264978799999938],
              [110.83404540000004, -7.263898799999936],
              [110.83237460000004, -7.265220599999964],
              [110.83311460000004, -7.267110299999956],
              [110.83061220000008, -7.268169799999953],
              [110.83084870000005, -7.269848799999977],
              [110.83490750000004, -7.276466399999947],
              [110.82879640000004, -7.272693599999968],
              [110.82982630000004, -7.276660899999968],
              [110.83259580000004, -7.278106699999967],
              [110.83418270000004, -7.282335299999943],
              [110.83728790000004, -7.280835599999932],
              [110.835556, -7.28250259999993],
              [110.83635710000004, -7.284026099999949],
              [110.83323670000004, -7.284289299999955],
              [110.83308410000006, -7.286509],
              [110.83905030000005, -7.286124699999959],
              [110.83958430000007, -7.283247899999935],
              [110.84028630000006, -7.287674399999958],
              [110.84418490000007, -7.285674499999971],
              [110.84239960000008, -7.287444599999958],
              [110.84275050000008, -7.290604599999938],
              [110.839241, -7.290354199999967],
              [110.841713, -7.293139899999971],
              [110.84037020000005, -7.293502299999943],
              [110.84461970000007, -7.297176799999932],
              [110.84264370000005, -7.298351699999955],
              [110.84178160000005, -7.296307099999979],
              [110.83905030000005, -7.296257],
              [110.83718870000007, -7.293816099999958],
              [110.83758550000005, -7.291688399999941],
              [110.83564760000007, -7.290986],
              [110.83486180000006, -7.292245399999956],
              [110.83665470000005, -7.292837599999928],
              [110.83696750000007, -7.294835499999976],
              [110.83507540000005, -7.295915599999944],
              [110.835556, -7.297438099999965],
              [110.83236690000007, -7.297376099999951],
              [110.83223720000007, -7.294554199999936],
              [110.83072660000005, -7.29535],
              [110.83151250000009, -7.296541699999977],
              [110.82859040000005, -7.295709599999952],
              [110.83040620000008, -7.294331499999942],
              [110.82682040000009, -7.293238599999938],
              [110.82480620000007, -7.29341839999995],
              [110.82672880000007, -7.294939],
              [110.82550050000009, -7.297261699999979],
              [110.82850650000006, -7.296563599999956],
              [110.83053590000009, -7.298812799999951],
              [110.83192440000005, -7.298223],
              [110.83000180000005, -7.300197599999933],
              [110.83264160000004, -7.300675399999932],
              [110.83312220000005, -7.302271799999971],
              [110.83744810000007, -7.299570499999959],
              [110.835907, -7.30271],
              [110.84066010000004, -7.301200799999947],
              [110.84732050000008, -7.303823899999941],
              [110.841507, -7.303409099999953],
              [110.84117890000005, -7.304681699999946],
              [110.83786770000006, -7.304780899999969],
              [110.83847050000008, -7.306565299999932],
              [110.83659360000007, -7.305472299999963],
              [110.82940670000005, -7.306158099999948],
              [110.83629610000008, -7.307706799999949],
              [110.83825680000007, -7.31028509999993],
              [110.83648680000005, -7.311179099999947],
              [110.83715060000009, -7.31278889999993],
              [110.83901980000007, -7.311857199999963],
              [110.83886720000004, -7.309616499999947],
              [110.84092710000004, -7.31002849999993],
              [110.84048460000008, -7.312060799999927],
              [110.84250640000005, -7.308907899999951],
              [110.84308620000007, -7.311264],
              [110.84649660000008, -7.30892659999995],
              [110.84812160000007, -7.310407599999962],
              [110.85036470000006, -7.30888079999994],
              [110.84889220000008, -7.310522],
              [110.85729980000008, -7.31144519999998],
              [110.84219360000009, -7.312850899999944],
              [110.84158330000008, -7.314770199999941],
              [110.84427640000007, -7.316308],
              [110.86078640000005, -7.315836899999965],
              [110.85394290000005, -7.317253599999958],
              [110.854599, -7.318138099999942],
              [110.85301970000006, -7.316625099999953],
              [110.85057830000005, -7.317040899999938],
              [110.85253140000009, -7.317458099999953],
              [110.85243230000009, -7.318765099999951],
              [110.85040280000004, -7.319030299999952],
              [110.84942630000006, -7.317188699999974],
              [110.84716030000004, -7.319339699999944],
              [110.84263610000005, -7.318466199999932],
              [110.83939360000005, -7.320212799999979],
              [110.83952330000005, -7.321860299999969],
              [110.84440610000007, -7.322936499999969],
              [110.83668520000003, -7.322908799999936],
              [110.83853150000004, -7.32675219999993],
              [110.84137730000003, -7.326005],
              [110.84040830000004, -7.327615199999968],
              [110.84275820000005, -7.329082899999946],
              [110.839592, -7.329899799999964],
              [110.840538, -7.331039399999952],
              [110.84548950000004, -7.331568699999934],
              [110.84211730000004, -7.333591899999931],
              [110.83824160000006, -7.331872399999952],
              [110.83780670000004, -7.33812329999995],
              [110.83483890000008, -7.340042099999948],
              [110.834671, -7.343618799999945],
              [110.83305360000008, -7.34466649999996],
              [110.83474730000006, -7.341917499999965],
              [110.83148960000005, -7.340028299999972],
              [110.83370210000004, -7.34017369999998],
              [110.83579250000008, -7.335915499999942],
              [110.83488470000009, -7.334212299999933],
              [110.83783720000008, -7.330195899999978],
              [110.83444210000005, -7.329414299999939],
              [110.83541110000004, -7.327718699999934],
              [110.83348850000004, -7.32891989999996],
              [110.83418270000004, -7.327814099999955],
              [110.83193970000008, -7.327190899999948],
              [110.83581540000006, -7.324596399999962],
              [110.83143620000004, -7.324029399999972],
              [110.82694240000006, -7.327689599999928],
              [110.83197780000006, -7.322942699999942],
              [110.83044430000007, -7.321646699999974],
              [110.823494, -7.323857799999928],
              [110.82033540000003, -7.323534],
              [110.82010650000007, -7.32226419999995],
              [110.82456970000004, -7.322145399999954],
              [110.82425690000008, -7.321130199999971],
              [110.83525080000004, -7.322235099999943],
              [110.839386, -7.318735599999968],
              [110.83982080000004, -7.317740399999934],
              [110.83769230000007, -7.317226399999981],
              [110.83923340000007, -7.315083],
              [110.83757020000007, -7.316516399999955],
              [110.83602910000008, -7.315358099999969],
              [110.83723450000008, -7.314131699999962],
              [110.83120880000007, -7.31470859999996],
              [110.82991030000005, -7.312300199999981],
              [110.82981110000009, -7.313342099999943],
              [110.82796480000007, -7.311813799999925],
              [110.82331080000006, -7.311911499999951],
              [110.82501220000006, -7.310678499999938],
              [110.82322690000007, -7.309734799999944],
              [110.82258610000008, -7.311707899999931],
              [110.82157220000005, -7.311861699999952],
              [110.82209780000005, -7.309830599999941],
              [110.81891630000007, -7.312028399999974],
              [110.82141880000006, -7.308484499999963],
              [110.82056430000006, -7.307746899999927],
              [110.82547760000006, -7.306152299999951],
              [110.82206730000007, -7.303839699999969],
              [110.81985470000006, -7.307271399999934],
              [110.81896210000008, -7.303216899999939],
              [110.81459050000007, -7.314187499999946],
              [110.81498720000008, -7.312128499999972],
              [110.81158450000004, -7.312987799999974],
              [110.81498720000008, -7.309934099999964],
              [110.81434630000007, -7.308840699999962],
              [110.80942530000004, -7.309270399999946],
              [110.81442260000006, -7.307722499999954],
              [110.81529240000003, -7.302702899999929],
              [110.81081390000008, -7.302950399999929],
              [110.80781550000006, -7.306254799999977],
              [110.80605320000006, -7.305257799999936],
              [110.80332180000005, -7.306807499999934],
              [110.79514310000008, -7.30710879999998],
              [110.79724120000009, -7.305358399999932],
              [110.802269, -7.306023599999946],
              [110.80167390000008, -7.305141399999968],
              [110.80509190000004, -7.303920299999959],
              [110.80342860000007, -7.300884699999926],
              [110.80615230000006, -7.30207919999998],
              [110.80616760000004, -7.300098899999966],
              [110.81307220000008, -7.298057099999937],
              [110.81421660000007, -7.294394499999953],
              [110.81613160000006, -7.296601799999962],
              [110.81684870000004, -7.295755399999962],
              [110.81430820000008, -7.294126],
              [110.81430820000008, -7.290763799999979],
              [110.810791, -7.295639],
              [110.80788420000005, -7.295816899999977],
              [110.80733490000006, -7.293602499999963],
              [110.81072230000007, -7.293032599999947],
              [110.81085970000004, -7.286873299999968],
              [110.80786130000007, -7.287714899999969],
              [110.80708310000006, -7.285952499999951],
              [110.803482, -7.288127399999951],
              [110.80104060000008, -7.287730199999942],
              [110.80416110000004, -7.286425099999974],
              [110.80635070000005, -7.282295699999963],
              [110.810173, -7.283469699999955],
              [110.809967, -7.280027399999938],
              [110.811943, -7.27936219999998],
              [110.81362920000004, -7.276060099999938],
              [110.81392670000008, -7.275094499999966],
              [110.80508420000007, -7.277636499999971],
              [110.81068420000008, -7.273321099999976],
              [110.80665590000007, -7.27343129999997],
              [110.80818180000006, -7.271866299999942],
              [110.80722810000009, -7.271378],
              [110.81697080000004, -7.270249799999931],
              [110.81090550000005, -7.269146899999953],
              [110.80921170000005, -7.267327799999975],
              [110.80652620000006, -7.268451199999959],
              [110.804184, -7.26566639999993],
              [110.80423740000003, -7.271055199999978],
              [110.80237580000005, -7.274154599999974],
              [110.79876710000008, -7.272148099999981],
              [110.79779810000008, -7.27429479999995],
              [110.794815, -7.274941399999932],
              [110.79587550000008, -7.272593499999971],
              [110.79378510000004, -7.273288699999966],
              [110.79219060000008, -7.270311299999946],
              [110.78952790000005, -7.27232829999997],
              [110.78642270000006, -7.272290199999929],
              [110.78654480000006, -7.275091099999941],
              [110.78454590000007, -7.276455799999951],
              [110.78595730000006, -7.277511599999968],
              [110.78475190000006, -7.279318799999942],
              [110.78565210000005, -7.283251699999937],
              [110.78482820000005, -7.283934599999952],
              [110.78142550000007, -7.278648299999929],
              [110.77607720000009, -7.281660099999954],
              [110.77659610000006, -7.284575399999937],
              [110.77973940000004, -7.285428499999966],
              [110.77631380000008, -7.287073599999928],
              [110.77986910000004, -7.29113719999998],
              [110.77767180000006, -7.293581],
              [110.78134160000008, -7.294594299999972],
              [110.77879330000007, -7.29613779999994],
              [110.77599330000004, -7.295259899999962],
              [110.77637480000004, -7.297974099999976],
              [110.774498, -7.297844899999973],
              [110.77365880000008, -7.300784599999929],
              [110.774765, -7.302866399999971],
              [110.76834110000004, -7.30587289999994],
              [110.77251430000007, -7.301306699999941],
              [110.77254490000007, -7.295258499999932],
              [110.77047730000004, -7.294499899999948],
              [110.76853110000008, -7.298480499999926],
              [110.76308430000006, -7.29722709999993],
              [110.76391060000009, -7.29899729999994],
              [110.76290620000009, -7.298973199999978],
              [110.75987240000006, -7.296816799999931],
              [110.76866150000006, -7.296792],
              [110.77162930000009, -7.289172199999939],
              [110.76818080000004, -7.287179899999956],
              [110.77153780000003, -7.285489499999926],
              [110.76638790000004, -7.28233],
              [110.76983640000009, -7.282040099999961],
              [110.77091980000006, -7.28011319999996],
              [110.76934810000006, -7.27739],
              [110.77567290000007, -7.275500299999976],
              [110.77559660000009, -7.272562499999935],
              [110.772377, -7.271688],
              [110.77404020000006, -7.270309899999972],
              [110.78039550000005, -7.270147799999961],
              [110.77993780000008, -7.267897599999969],
              [110.77389520000008, -7.267592899999954],
              [110.77031710000006, -7.270151099999964],
              [110.76030730000008, -7.270441],
              [110.76693730000005, -7.267697799999951],
              [110.76506040000004, -7.264365199999929],
              [110.77030180000008, -7.266138],
              [110.77071380000007, -7.263425799999936],
              [110.77566530000007, -7.26445769999998],
              [110.77306370000008, -7.260715],
              [110.77594760000005, -7.261827899999957],
              [110.77802270000007, -7.259862899999973],
              [110.77816010000004, -7.262043],
              [110.78099820000006, -7.261560899999949],
              [110.78020470000007, -7.262510299999974],
              [110.78165430000007, -7.26351539999996],
              [110.78318020000006, -7.262119699999971],
              [110.78786470000006, -7.266129],
              [110.78861240000003, -7.262629],
              [110.78650670000007, -7.259988299999975],
              [110.78823090000009, -7.258781399999975],
              [110.79097750000005, -7.263979899999981],
              [110.79309080000007, -7.261386399999935],
              [110.79300690000008, -7.264134899999931],
              [110.79822540000004, -7.264229299999954],
              [110.79895780000004, -7.263299899999936],
              [110.79656220000004, -7.261392599999965],
              [110.80036160000009, -7.258553499999948],
              [110.79748540000008, -7.258346499999959],
              [110.79779810000008, -7.256090099999938],
              [110.80031590000004, -7.256481199999939],
              [110.799057, -7.253524699999957],
              [110.80256650000007, -7.256305699999928],
              [110.80814360000005, -7.256297599999925],
              [110.808258, -7.251235],
              [110.81002040000004, -7.252532],
              [110.81091310000005, -7.256748699999946],
              [110.81534580000005, -7.257443899999942],
              [110.81683350000009, -7.254446499999972],
              [110.81365970000007, -7.252905299999952],
              [110.817215, -7.251554899999974],
              [110.81969450000008, -7.253630599999951],
              [110.82106020000003, -7.260911399999941],
              [110.82401280000005, -7.260346399999946],
              [110.82624820000007, -7.26246969999994],
              [110.827713, -7.259181499999954],
              [110.825943, -7.258423299999947],
              [110.82872010000006, -7.255309099999977],
              [110.82341770000005, -7.257427699999937],
              [110.8209, -7.25359439999994],
              [110.82499690000009, -7.25256109999998],
              [110.82356260000006, -7.251024699999959],
              [110.82067110000008, -7.251375199999927],
              [110.82255550000008, -7.249717699999962],
              [110.818428, -7.246965899999964],
              [110.81856540000007, -7.245949199999927],
              [110.82222750000005, -7.247563299999968],
              [110.82232670000008, -7.245590199999981],
              [110.82454680000006, -7.246023599999944],
              [110.82476040000006, -7.249207899999931],
              [110.828331, -7.251918299999943],
              [110.82794190000004, -7.247489899999948]
            ]
          ]
        ]
      }
    },
    {
      "type": "Feature",
      "properties": {
        "ADM0_EN": "Indonesia",
        "date": "2019-12-20",
        "validOn": "2020-04-01",
        "PROVINCE": "Jawa Tengah",
        "Kabupaten": "Kota Magelang",
        "PRV2": "Jawa_Tengah",
        "layer": "Jawa_Tengah_ADMIN_BPS",
        "path": "D:/rudi/Jawa_Tengah_ADMIN_BPS.shp",
        "listkodim_Kodim": "Kodim 0705/Magelang",
        "listkodim_Korem": "Korem 072/Pamungkas"
      },
      "geometry": {
        "type": "MultiPolygon",
        "coordinates": [
          [
            [
              [110.32993320000008, -7.320689199999947],
              [110.34369660000004, -7.325998699999957],
              [110.35514070000005, -7.326165199999934],
              [110.36348720000007, -7.331396599999948],
              [110.36895750000008, -7.331102399999963],
              [110.37189480000006, -7.333488899999963],
              [110.37937930000004, -7.334854599999971],
              [110.38035550000006, -7.337678499999981],
              [110.37774990000008, -7.338090399999942],
              [110.37677760000008, -7.345341],
              [110.37966920000008, -7.347439699999939],
              [110.38124850000008, -7.353361599999971],
              [110.39049530000005, -7.352947699999959],
              [110.39771270000006, -7.357751299999961],
              [110.40361780000006, -7.365453699999932],
              [110.403595, -7.37187],
              [110.40642550000007, -7.377584],
              [110.40527340000006, -7.389591199999927],
              [110.41363530000007, -7.409157299999947],
              [110.41434480000004, -7.416642599999932],
              [110.42382810000004, -7.429228799999976],
              [110.42522430000008, -7.435320799999943],
              [110.43184660000009, -7.445641],
              [110.43929290000005, -7.453609399999948],
              [110.43418120000007, -7.465468899999962],
              [110.43507380000005, -7.468878699999948],
              [110.43312070000007, -7.477849499999934],
              [110.427124, -7.48539059999996],
              [110.41411590000007, -7.496808],
              [110.41105650000009, -7.496762299999943],
              [110.40846250000004, -7.498822699999948],
              [110.40489960000008, -7.497630099999981],
              [110.39537810000007, -7.499296199999947],
              [110.38952630000006, -7.506619399999977],
              [110.38068990000005, -7.511698599999932],
              [110.38030540000005, -7.513826299999948],
              [110.38574930000004, -7.513338799999929],
              [110.40522920000006, -7.517090699999926],
              [110.42670440000006, -7.529267299999958],
              [110.42942810000005, -7.532286099999965],
              [110.43983460000004, -7.536878099999967],
              [110.44541540000006, -7.541255899999953],
              [110.44541540000006, -7.542896699999972],
              [110.42897030000006, -7.551988599999959],
              [110.42472840000005, -7.556654],
              [110.42060090000007, -7.557605299999977],
              [110.41551970000006, -7.56177189999994],
              [110.40145870000003, -7.579648499999962],
              [110.40030670000004, -7.584339599999964],
              [110.39305880000006, -7.591323399999965],
              [110.38999180000008, -7.592373799999962],
              [110.39072420000008, -7.595261099999959],
              [110.38821410000008, -7.597523599999931],
              [110.37918850000005, -7.601734199999953],
              [110.37538910000006, -7.607060399999966],
              [110.35511020000007, -7.622509],
              [110.33991240000006, -7.629167499999937],
              [110.32272340000009, -7.645121499999959],
              [110.30352780000004, -7.655587199999957],
              [110.29977710000009, -7.66443929999997],
              [110.29117580000008, -7.672865799999954],
              [110.28477480000004, -7.686844299999962],
              [110.27365110000005, -7.701305799999943],
              [110.27401740000005, -7.704131099999927],
              [110.27157630000005, -7.706655],
              [110.26583860000005, -7.691324699999939],
              [110.26081850000008, -7.686460499999953],
              [110.264278, -7.681864499999961],
              [110.26300810000004, -7.679436199999941],
              [110.26583860000005, -7.67407419999995],
              [110.26519910000007, -7.668099799999936],
              [110.26711270000004, -7.665156799999977],
              [110.26670840000008, -7.662421699999925],
              [110.26332090000005, -7.661189],
              [110.26382450000006, -7.652526299999977],
              [110.26611330000009, -7.649898],
              [110.26342770000008, -7.645752899999934],
              [110.252182, -7.64233489999998],
              [110.24050140000008, -7.654296899999963],
              [110.23310850000007, -7.650637099999926],
              [110.21296620000004, -7.647959599999979],
              [110.21370690000003, -7.64627459999997],
              [110.20799260000007, -7.650692399999969],
              [110.20317890000007, -7.651270899999929],
              [110.19665530000009, -7.648581499999977],
              [110.192481, -7.64478239999994],
              [110.17176870000009, -7.648569099999975],
              [110.16518760000008, -7.648562699999957],
              [110.16308190000007, -7.647118899999953],
              [110.16154840000007, -7.648165499999948],
              [110.15955720000005, -7.645794699999954],
              [110.15060790000007, -7.646411199999932],
              [110.14518340000006, -7.649898299999961],
              [110.143692, -7.645516899999961],
              [110.14021520000006, -7.644824799999981],
              [110.13307520000006, -7.635687699999949],
              [110.12611930000008, -7.631250499999965],
              [110.12153630000006, -7.623906099999942],
              [110.12239860000005, -7.620261299999981],
              [110.12045290000009, -7.609202899999957],
              [110.10763550000007, -7.594019899999978],
              [110.103095, -7.578301199999942],
              [110.10161470000008, -7.579547199999979],
              [110.09775810000008, -7.573910099999978],
              [110.10005190000004, -7.569079899999963],
              [110.09035, -7.56883879999998],
              [110.08742520000004, -7.572577899999942],
              [110.08028370000005, -7.577041599999973],
              [110.06782720000007, -7.570983],
              [110.06093010000006, -7.573427699999968],
              [110.06002310000008, -7.575506],
              [110.05708710000005, -7.572922],
              [110.05599210000008, -7.57000869999996],
              [110.05906810000005, -7.559410599999978],
              [110.051384, -7.551790199999971],
              [110.05222040000007, -7.547821899999974],
              [110.04406720000009, -7.537737599999957],
              [110.04553220000008, -7.532650399999966],
              [110.04348040000008, -7.527522799999929],
              [110.04446360000009, -7.520065399999964],
              [110.04627710000005, -7.519223499999953],
              [110.04770090000005, -7.516652099999931],
              [110.04692840000007, -7.514636499999938],
              [110.048844, -7.513089],
              [110.04698330000008, -7.509733],
              [110.050513, -7.505752],
              [110.04863740000008, -7.502883399999973],
              [110.04952170000007, -7.499174399999958],
              [110.05359470000008, -7.492354599999942],
              [110.05187990000007, -7.482523799999967],
              [110.05663130000005, -7.472019799999941],
              [110.05910930000005, -7.470667699999979],
              [110.05934620000005, -7.46709629999998],
              [110.06495670000004, -7.459512199999949],
              [110.05745580000007, -7.453052899999932],
              [110.05608240000004, -7.442438599999946],
              [110.05335820000005, -7.435894499999961],
              [110.05422050000004, -7.434342199999946],
              [110.05899740000007, -7.434106],
              [110.06007390000008, -7.432248099999981],
              [110.05873110000005, -7.428250799999944],
              [110.062716, -7.408185799999956],
              [110.074089, -7.38647549999996],
              [110.07832730000007, -7.383708699999943],
              [110.09392820000005, -7.387828699999943],
              [110.120491, -7.390308799999957],
              [110.12762450000008, -7.387215599999934],
              [110.139679, -7.38824649999998],
              [110.14228820000005, -7.38499349999995],
              [110.14598080000007, -7.383781899999974],
              [110.16031710000004, -7.385893899999928],
              [110.17295070000006, -7.381120199999941],
              [110.17752840000009, -7.381022399999949],
              [110.18077850000009, -7.383522],
              [110.18895720000006, -7.383716499999935],
              [110.19225410000007, -7.379982299999938],
              [110.19799240000009, -7.381092899999942],
              [110.20610810000005, -7.387067799999954],
              [110.21160130000004, -7.385473199999979],
              [110.21629260000009, -7.388108799999941],
              [110.21328730000005, -7.397174299999961],
              [110.21511840000005, -7.402225499999929],
              [110.216362, -7.395160699999963],
              [110.22241980000007, -7.391552399999966],
              [110.22480770000004, -7.386746899999935],
              [110.22404480000006, -7.379045],
              [110.22625730000004, -7.38336419999996],
              [110.232605, -7.381668499999932],
              [110.237442, -7.372257699999977],
              [110.24914550000005, -7.369152],
              [110.25324990000007, -7.369715299999939],
              [110.25589750000006, -7.371957799999961],
              [110.25739290000007, -7.377395099999944],
              [110.263443, -7.380983799999967],
              [110.26729670000009, -7.381232099999977],
              [110.27037170000006, -7.379441],
              [110.27147670000005, -7.375000499999942],
              [110.28079220000006, -7.369569299999966],
              [110.28655670000006, -7.364037799999949],
              [110.31676480000004, -7.35247709999993],
              [110.31604770000007, -7.351724099999956],
              [110.324707, -7.341621399999951],
              [110.32418060000003, -7.339527099999941],
              [110.31915280000004, -7.336973199999932],
              [110.31953430000004, -7.331074199999932],
              [110.326294, -7.327409699999976],
              [110.32662960000005, -7.321257599999967],
              [110.32993320000008, -7.320689199999947]
            ]
          ]
        ]
      }
    },
    {
      "type": "Feature",
      "properties": {
        "ADM0_EN": "Indonesia",
        "date": "2019-12-20",
        "validOn": "2020-04-01",
        "PROVINCE": "Jawa Tengah",
        "Kabupaten": "Pemalang",
        "PRV2": "Jawa_Tengah",
        "layer": "Jawa_Tengah_ADMIN_BPS",
        "path": "D:/rudi/Jawa_Tengah_ADMIN_BPS.shp",
        "listkodim_Kodim": "Kodim 0711/Pemalang",
        "listkodim_Korem": "Korem 071/Wijayakusuma"
      },
      "geometry": {
        "type": "MultiPolygon",
        "coordinates": [
          [
            [
              [109.52277720000006, -6.771969299999967],
              [109.52233050000007, -6.774728699999969],
              [109.52366950000004, -6.77421789999994],
              [109.52491870000006, -6.780356899999958],
              [109.53382480000005, -6.796084399999927],
              [109.55971420000009, -6.826925899999935],
              [109.57379180000004, -6.836167],
              [109.59513840000005, -6.841183599999965],
              [109.59909170000009, -6.844209299999932],
              [109.59602960000007, -6.846497899999974],
              [109.59233860000006, -6.84493109999994],
              [109.59291640000004, -6.850691099999949],
              [109.59063080000004, -6.84748019999995],
              [109.58908840000004, -6.85004129999993],
              [109.585968, -6.851011299999925],
              [109.58424380000008, -6.849887799999976],
              [109.58336540000005, -6.853212799999937],
              [109.58513660000006, -6.854266],
              [109.58401440000006, -6.857388699999944],
              [109.58669830000008, -6.856241],
              [109.58377820000004, -6.859224899999958],
              [109.588356, -6.858569599999953],
              [109.58624270000007, -6.860611399999925],
              [109.58853910000005, -6.862964099999942],
              [109.58691920000007, -6.863815199999976],
              [109.58415230000008, -6.862321299999962],
              [109.58609770000004, -6.865005499999938],
              [109.58368680000007, -6.867046799999969],
              [109.585762, -6.868770099999949],
              [109.58392330000004, -6.869784299999935],
              [109.58396910000005, -6.871972],
              [109.58022750000003, -6.873973199999966],
              [109.58226780000007, -6.876149099999964],
              [109.57861330000009, -6.878288699999928],
              [109.57665340000005, -6.877380399999936],
              [109.57677460000008, -6.881963199999973],
              [109.57535110000003, -6.882905099999959],
              [109.56944280000005, -6.881984699999975],
              [109.56578830000007, -6.885218599999973],
              [109.56813980000004, -6.886466899999959],
              [109.56875820000005, -6.890697199999977],
              [109.56537840000004, -6.892748799999936],
              [109.56750790000007, -6.894841099999951],
              [109.56562020000007, -6.896144],
              [109.56594090000004, -6.898629199999959],
              [109.56307220000008, -6.899349599999937],
              [109.56489510000006, -6.907099399999936],
              [109.56103520000005, -6.912629599999946],
              [109.56272130000008, -6.914155899999969],
              [109.56329350000004, -6.918589599999962],
              [109.56139980000006, -6.920045699999946],
              [109.561773, -6.922504699999934],
              [109.55885320000004, -6.924732199999937],
              [109.55390910000006, -6.922869599999956],
              [109.55308640000004, -6.928422399999931],
              [109.54970430000009, -6.927566499999955],
              [109.54982760000007, -6.926039199999934],
              [109.54592750000006, -6.929877099999942],
              [109.53523360000008, -6.932591699999932],
              [109.53466320000007, -6.938061399999981],
              [109.53069750000009, -6.937365199999931],
              [109.53072360000004, -6.940107799999964],
              [109.52194980000007, -6.943207699999959],
              [109.51926840000004, -6.948574699999938],
              [109.51319760000007, -6.946876799999927],
              [109.507903, -6.957176799999957],
              [109.49854280000005, -6.964118399999961],
              [109.49748990000006, -6.969793299999935],
              [109.49858040000004, -6.982370099999969],
              [109.49555970000006, -6.98414269999995],
              [109.497452, -6.987471399999947],
              [109.495224, -6.990213799999935],
              [109.49871070000006, -6.999587],
              [109.49677110000005, -7.006377799999939],
              [109.497439, -7.009475599999973],
              [109.49294280000004, -7.013324699999941],
              [109.493866, -7.018082099999958],
              [109.48786170000005, -7.022706899999946],
              [109.48344420000006, -7.02957239999995],
              [109.48556520000005, -7.03107689999996],
              [109.48679350000003, -7.039011899999934],
              [109.48455810000007, -7.041961599999979],
              [109.48517610000005, -7.045001],
              [109.48938750000008, -7.046180699999979],
              [109.49071510000005, -7.048555299999975],
              [109.48802190000004, -7.05545989999996],
              [109.49328620000006, -7.065649399999927],
              [109.49575040000008, -7.066891599999963],
              [109.49706270000007, -7.074254],
              [109.49555210000005, -7.082001599999955],
              [109.49939730000006, -7.086557399999947],
              [109.49948120000005, -7.092483499999958],
              [109.50204470000006, -7.094466199999943],
              [109.50455480000005, -7.099962199999936],
              [109.50426780000004, -7.103267399999936],
              [109.50209050000007, -7.103511799999978],
              [109.49503330000005, -7.109523299999978],
              [109.49551390000005, -7.114512399999967],
              [109.49118810000004, -7.120720299999959],
              [109.49266060000008, -7.127214899999956],
              [109.49082950000007, -7.128583899999967],
              [109.49292760000009, -7.129641],
              [109.49343880000004, -7.134418399999959],
              [109.49783330000008, -7.138933599999973],
              [109.49738910000008, -7.140923399999963],
              [109.50437930000004, -7.155648199999973],
              [109.50557710000004, -7.168471299999965],
              [109.51129620000006, -7.171657099999948],
              [109.51409150000006, -7.180182899999977],
              [109.51736450000004, -7.182533199999966],
              [109.516655, -7.185479099999952],
              [109.51895140000005, -7.185813799999949],
              [109.51844640000007, -7.189050299999963],
              [109.51995090000008, -7.188771699999961],
              [109.52262120000006, -7.19393249999996],
              [109.52461240000008, -7.194545199999936],
              [109.52590180000004, -7.19977229999995],
              [109.52062990000007, -7.204845899999953],
              [109.52112580000005, -7.207655399999965],
              [109.51969150000008, -7.209380099999976],
              [109.52173620000008, -7.211811],
              [109.522049, -7.218414699999926],
              [109.53035740000007, -7.222109699999976],
              [109.53228, -7.23074],
              [109.52857210000008, -7.233544299999949],
              [109.51960760000009, -7.236095899999953],
              [109.51239020000008, -7.235287599999936],
              [109.50713350000007, -7.239328799999953],
              [109.49722290000005, -7.230089599999928],
              [109.49208070000009, -7.222407799999928],
              [109.47986610000004, -7.221971499999938],
              [109.46941380000004, -7.209875099999977],
              [109.46321870000008, -7.205124299999966],
              [109.45703130000004, -7.195936199999949],
              [109.457489, -7.190616099999943],
              [109.46012880000006, -7.187421699999959],
              [109.45889280000006, -7.184499699999947],
              [109.46204380000006, -7.181953899999939],
              [109.46154020000006, -7.179428099999939],
              [109.45493320000008, -7.173195799999974],
              [109.45198060000007, -7.165715199999966],
              [109.44248970000007, -7.161257699999965],
              [109.43804170000004, -7.163784899999939],
              [109.43959050000007, -7.165325099999961],
              [109.43582920000006, -7.16965],
              [109.43654630000009, -7.174202399999956],
              [109.43820190000008, -7.175054],
              [109.43423470000005, -7.178299399999958],
              [109.43399810000005, -7.180396],
              [109.42867280000007, -7.184222199999965],
              [109.42859650000008, -7.186542],
              [109.42522430000008, -7.186142399999937],
              [109.416565, -7.196034399999974],
              [109.40814630000006, -7.200695899999971],
              [109.40545650000007, -7.201020199999959],
              [109.40283210000007, -7.198825799999952],
              [109.39649970000005, -7.197258],
              [109.39174650000007, -7.19787969999993],
              [109.38999940000008, -7.192856699999936],
              [109.38137060000008, -7.190392],
              [109.37754060000009, -7.191489199999978],
              [109.37274170000006, -7.196457299999963],
              [109.37000280000007, -7.196001499999966],
              [109.35492710000005, -7.201163199999939],
              [109.32752990000006, -7.21348519999998],
              [109.32010650000007, -7.212452799999937],
              [109.316597, -7.214136599999961],
              [109.29321290000007, -7.215570399999933],
              [109.28532410000008, -7.220383599999934],
              [109.27764130000008, -7.21987],
              [109.27451320000006, -7.222342899999944],
              [109.26408230000004, -7.222891599999969],
              [109.24790960000007, -7.227741199999969],
              [109.23596190000006, -7.232799],
              [109.23164370000006, -7.237248799999975],
              [109.22539520000004, -7.238877699999932],
              [109.22399910000007, -7.245967299999961],
              [109.21849830000008, -7.248741099999961],
              [109.20289610000009, -7.247159899999929],
              [109.20676420000007, -7.238129499999957],
              [109.21016690000005, -7.235112099999981],
              [109.213538, -7.23493179999997],
              [109.199997, -7.224192099999925],
              [109.20000460000006, -7.216214099999945],
              [109.19649510000005, -7.208229899999935],
              [109.19930270000003, -7.193227699999966],
              [109.19686530000007, -7.186422799999946],
              [109.19810490000003, -7.171011899999939],
              [109.19068150000004, -7.164793],
              [109.18854520000008, -7.156559899999934],
              [109.19447330000008, -7.14784],
              [109.19268480000005, -7.146496],
              [109.19191740000008, -7.142169899999942],
              [109.18836210000006, -7.140473799999938],
              [109.185942, -7.135976699999958],
              [109.19506220000005, -7.130439399999943],
              [109.20176460000005, -7.130817699999966],
              [109.20832420000005, -7.128677799999934],
              [109.21430240000007, -7.129430899999932],
              [109.22051310000006, -7.118827099999976],
              [109.22448360000004, -7.102153],
              [109.22610250000008, -7.100672199999963],
              [109.22550680000006, -7.098134799999968],
              [109.22761640000004, -7.096754699999963],
              [109.22658190000004, -7.095640399999979],
              [109.22861490000008, -7.092972199999963],
              [109.227252, -7.091965699999946],
              [109.23027040000005, -7.092169699999943],
              [109.22849740000004, -7.090332099999955],
              [109.23187930000006, -7.087541599999952],
              [109.23083130000003, -7.085207599999933],
              [109.23323630000004, -7.08532589999993],
              [109.23278970000007, -7.082957699999952],
              [109.234467, -7.082763799999952],
              [109.23707580000007, -7.074894399999948],
              [109.241322, -7.07302859999993],
              [109.24485020000009, -7.074933899999962],
              [109.24477390000004, -7.072827699999948],
              [109.24959570000004, -7.072297099999957],
              [109.24980270000009, -7.068698099999949],
              [109.25243380000006, -7.067348399999958],
              [109.25366980000007, -7.06361759999993],
              [109.26197060000004, -7.060770899999966],
              [109.26461030000007, -7.058189299999981],
              [109.26664740000007, -7.058944699999927],
              [109.27222880000005, -7.056433199999958],
              [109.27577980000007, -7.052657499999953],
              [109.27495580000004, -7.05057469999997],
              [109.27743530000004, -7.040746599999977],
              [109.27577980000007, -7.037921399999959],
              [109.27901460000004, -7.032983299999955],
              [109.28305060000008, -7.031867899999952],
              [109.28253170000005, -7.024312899999927],
              [109.28736880000008, -7.021960199999967],
              [109.28683470000004, -7.017024],
              [109.28875730000004, -7.012896],
              [109.28603360000005, -7.008613099999934],
              [109.28818510000008, -7.006542599999932],
              [109.28821560000006, -7.004177],
              [109.29193880000008, -7.002767499999948],
              [109.29198460000003, -6.995808499999953],
              [109.30145270000008, -6.990406499999949],
              [109.30149840000007, -6.988179099999968],
              [109.31239320000009, -6.987770499999954],
              [109.3153, -6.984224299999937],
              [109.31646730000006, -6.978791199999932],
              [109.31918340000004, -6.976943899999981],
              [109.31701660000004, -6.97433609999996],
              [109.31649020000003, -6.967555],
              [109.320549, -6.970274399999937],
              [109.32213590000003, -6.96848289999997],
              [109.320015, -6.967165899999941],
              [109.321228, -6.96559469999994],
              [109.32408140000007, -6.968570199999931],
              [109.325531, -6.965580399999965],
              [109.32260140000005, -6.963836199999946],
              [109.32325750000007, -6.962760899999978],
              [109.32878880000004, -6.960705699999949],
              [109.330986, -6.963727899999981],
              [109.33206180000008, -6.957889],
              [109.335701, -6.956800399999963],
              [109.33338930000008, -6.954725699999926],
              [109.33100130000008, -6.957106499999952],
              [109.32939910000005, -6.954921199999944],
              [109.331894, -6.945785899999976],
              [109.33416750000004, -6.94630189999998],
              [109.33359530000007, -6.942387499999938],
              [109.33132170000005, -6.939730099999963],
              [109.33267980000005, -6.939301899999975],
              [109.33324430000005, -6.936051299999974],
              [109.33156590000004, -6.934463499999936],
              [109.33074950000008, -6.936121399999934],
              [109.32660680000004, -6.934697099999937],
              [109.330452, -6.929646899999966],
              [109.328537, -6.927330899999959],
              [109.32665250000008, -6.928377599999976],
              [109.32555390000005, -6.924678799999981],
              [109.32865150000003, -6.92321869999995],
              [109.33237380000008, -6.91651319999994],
              [109.33338170000007, -6.91709469999995],
              [109.33205260000005, -6.914763599999958],
              [109.33641550000004, -6.90989449999995],
              [109.33718110000007, -6.903882],
              [109.34030910000007, -6.905440299999952],
              [109.34097290000005, -6.903456099999971],
              [109.33948520000007, -6.90233939999996],
              [109.34130620000008, -6.899350399999946],
              [109.34878960000009, -6.897074199999963],
              [109.34623440000007, -6.894102199999963],
              [109.35119140000006, -6.895412199999953],
              [109.35048130000007, -6.893155099999944],
              [109.35206290000008, -6.890327699999943],
              [109.355517, -6.88962209999994],
              [109.35466940000003, -6.886146799999949],
              [109.35974590000006, -6.881998399999929],
              [109.358488, -6.879544899999928],
              [109.36027960000007, -6.87775339999996],
              [109.35949250000004, -6.871642399999928],
              [109.35568230000007, -6.872686099999953],
              [109.35394250000007, -6.871651899999961],
              [109.35701740000007, -6.868412899999953],
              [109.35489590000009, -6.866949799999929],
              [109.352837, -6.868974699999967],
              [109.35127440000008, -6.868311699999936],
              [109.35007270000006, -6.866693299999952],
              [109.35063260000004, -6.861527499999966],
              [109.36489750000004, -6.862967099999935],
              [109.37846350000007, -6.861675],
              [109.40560860000005, -6.852941699999974],
              [109.4134, -6.8518],
              [109.41270150000008, -6.850324099999966],
              [109.43852720000007, -6.841297],
              [109.48177310000005, -6.814572299999952],
              [109.50554880000004, -6.791338],
              [109.50816690000005, -6.786232],
              [109.51088610000005, -6.78716739999993],
              [109.51199780000007, -6.790158599999927],
              [109.51653810000005, -6.789052099999935],
              [109.51610390000008, -6.791398299999969],
              [109.51717390000005, -6.790601299999935],
              [109.52002410000006, -6.786157899999978],
              [109.51806480000005, -6.777156399999967],
              [109.52277720000006, -6.771969299999967]
            ]
          ]
        ]
      }
    },
    {
      "type": "Feature",
      "properties": {
        "ADM0_EN": "Indonesia",
        "date": "2019-12-20",
        "validOn": "2020-04-01",
        "PROVINCE": "Jawa Tengah",
        "Kabupaten": "Cilacap",
        "PRV2": "Jawa_Tengah",
        "layer": "Jawa_Tengah_ADMIN_BPS",
        "path": "D:/rudi/Jawa_Tengah_ADMIN_BPS.shp",
        "listkodim_Kodim": "Kodim 0703/Cilacap",
        "listkodim_Korem": "Korem 071/Wijayakusuma"
      },
      "geometry": {
        "type": "MultiPolygon",
        "coordinates": [
          [
            [
              [108.88307960000009, -7.748648099999969],
              [108.88348390000004, -7.748206099999948],
              [108.88322450000004, -7.748861199999965],
              [108.88307960000009, -7.748648099999969]
            ]
          ],
          [
            [
              [108.88299560000007, -7.748020099999962],
              [108.88332370000006, -7.748095399999954],
              [108.88302620000007, -7.748284299999966],
              [108.88299560000007, -7.748020099999962]
            ]
          ],
          [
            [
              [108.78497320000008, -7.706887199999926],
              [108.78503420000004, -7.707169399999941],
              [108.784729, -7.707401599999969],
              [108.78497320000008, -7.706887199999926]
            ]
          ],
          [
            [
              [108.784668, -7.706588599999975],
              [108.78468330000004, -7.706892399999958],
              [108.78445440000007, -7.706996799999956],
              [108.784668, -7.706588599999975]
            ]
          ],
          [
            [
              [108.64028940000009, -7.142305699999952],
              [108.64599610000005, -7.142544199999975],
              [108.65080260000008, -7.14925379999994],
              [108.65864870000007, -7.155612699999949],
              [108.66261120000007, -7.154654299999947],
              [108.66705330000008, -7.15672909999995],
              [108.67490390000006, -7.156739099999982],
              [108.68105320000006, -7.15260539999997],
              [108.69301610000008, -7.151814399999978],
              [108.69458640000005, -7.155997399999933],
              [108.69402810000008, -7.159810499999935],
              [108.698251, -7.16638839999996],
              [108.70218540000008, -7.16662649999995],
              [108.70602570000005, -7.163806799999975],
              [108.71047890000006, -7.16961589999994],
              [108.71576650000009, -7.172535699999969],
              [108.721923, -7.18209289999993],
              [108.721344, -7.190183499999932],
              [108.72392280000008, -7.193709299999966],
              [108.73563390000004, -7.194933299999946],
              [108.74355320000006, -7.197782],
              [108.74871070000006, -7.194168499999932],
              [108.75000010000008, -7.187334899999939],
              [108.75271880000008, -7.195323199999962],
              [108.75537940000004, -7.194794199999933],
              [108.76329830000009, -7.199481399999968],
              [108.77354040000006, -7.198389099999929],
              [108.77828930000004, -7.205001399999958],
              [108.78332520000004, -7.208694799999932],
              [108.789444, -7.210119599999928],
              [108.79166420000007, -7.213453199999947],
              [108.79930880000006, -7.21049679999993],
              [108.80255130000006, -7.206055499999934],
              [108.811081, -7.204550599999948],
              [108.81382760000008, -7.210744299999931],
              [108.81684110000003, -7.211187799999948],
              [108.81983950000006, -7.215799299999958],
              [108.821373, -7.222487399999977],
              [108.82094580000006, -7.22684849999996],
              [108.81832130000004, -7.229840199999956],
              [108.81915290000006, -7.231830499999944],
              [108.82320410000005, -7.232323099999974],
              [108.82497410000008, -7.235013899999956],
              [108.83069610000007, -7.232162899999935],
              [108.83951570000005, -7.236762899999974],
              [108.85066220000004, -7.238122899999951],
              [108.85462190000004, -7.240914299999929],
              [108.864441, -7.243087199999934],
              [108.86331180000008, -7.246029799999974],
              [108.85787970000007, -7.246659699999952],
              [108.85642250000006, -7.250723299999947],
              [108.85264590000008, -7.253561899999966],
              [108.85685730000006, -7.261326699999927],
              [108.86173250000007, -7.263472499999978],
              [108.86228940000007, -7.267877],
              [108.86561590000008, -7.27165789999998],
              [108.88191990000007, -7.272552399999938],
              [108.88594820000009, -7.275623699999926],
              [108.89258580000006, -7.275866899999926],
              [108.89220430000006, -7.282578899999976],
              [108.89465340000004, -7.284546299999931],
              [108.90905770000006, -7.288184099999967],
              [108.91246030000008, -7.290666],
              [108.91400010000007, -7.302890199999979],
              [108.91927340000007, -7.305592],
              [108.92180640000004, -7.312592399999971],
              [108.93232730000005, -7.31891],
              [108.93911750000007, -7.315647],
              [108.94348150000008, -7.317692699999952],
              [108.95059970000005, -7.315619899999945],
              [108.95159150000006, -7.318126599999971],
              [108.94922640000004, -7.324575799999934],
              [108.95166780000005, -7.324613],
              [108.95243840000006, -7.326560899999947],
              [108.95230110000006, -7.328633199999956],
              [108.95046240000005, -7.329323199999976],
              [108.95119480000005, -7.330537299999946],
              [108.95253760000008, -7.331686899999966],
              [108.95734410000006, -7.330954],
              [108.96181490000004, -7.333535099999949],
              [108.96695720000008, -7.332126599999981],
              [108.96552280000009, -7.340962299999944],
              [108.96204380000006, -7.344939599999975],
              [108.96259310000005, -7.353989],
              [108.95642860000004, -7.358707799999934],
              [108.95418550000005, -7.358432199999982],
              [108.94989020000008, -7.364078],
              [108.94960030000004, -7.36529059999998],
              [108.95449070000006, -7.368461099999934],
              [108.94945530000007, -7.38064479999997],
              [108.94548960000009, -7.384209099999964],
              [108.93940740000005, -7.386019099999942],
              [108.93554690000008, -7.390024099999948],
              [108.93874360000007, -7.393757699999981],
              [108.93547820000003, -7.406278],
              [108.93913270000007, -7.411921899999925],
              [108.93009190000004, -7.423761799999966],
              [108.931572, -7.431331099999966],
              [108.917183, -7.441042799999934],
              [108.91484840000004, -7.444845099999952],
              [108.891449, -7.448448099999951],
              [108.89251720000004, -7.455821899999933],
              [108.89539350000007, -7.458517],
              [108.89532480000008, -7.461540199999945],
              [108.89763650000003, -7.46343319999994],
              [108.89833840000006, -7.467696099999955],
              [108.90147410000009, -7.472136899999953],
              [108.90107740000008, -7.474368499999969],
              [108.90418250000005, -7.475745199999949],
              [108.90753180000007, -7.472658599999932],
              [108.90973670000005, -7.466117299999951],
              [108.92074710000009, -7.464246699999933],
              [108.94135410000007, -7.464385499999935],
              [108.94826630000006, -7.468025599999976],
              [108.95929080000008, -7.469521],
              [108.96438720000003, -7.473204099999975],
              [108.96342590000006, -7.477746899999943],
              [108.96481450000005, -7.485208],
              [108.95751310000009, -7.49376529999995],
              [108.96151860000003, -7.49588289999997],
              [108.96444060000005, -7.504928499999949],
              [108.97342810000004, -7.513573599999972],
              [108.97305650000004, -7.518662099999972],
              [108.97740180000005, -7.520678],
              [108.98163610000006, -7.520204899999953],
              [108.98339850000008, -7.524137],
              [108.98934180000003, -7.523866599999963],
              [109, -7.52676],
              [109.00048070000008, -7.528944899999942],
              [109.00421910000006, -7.528897699999959],
              [109.00272370000005, -7.543174699999952],
              [109.01301580000006, -7.544365299999981],
              [109.042244, -7.559453],
              [109.05013280000009, -7.559545499999956],
              [109.05752570000004, -7.55611319999997],
              [109.06018070000005, -7.568525299999976],
              [109.06754310000008, -7.573404299999936],
              [109.08335120000004, -7.573311299999943],
              [109.09392550000007, -7.577902199999926],
              [109.106308, -7.577220799999964],
              [109.11103820000005, -7.57842439999996],
              [109.11325070000004, -7.57669489999995],
              [109.11870580000004, -7.578122499999949],
              [109.13002780000005, -7.57622],
              [109.14038850000009, -7.578911199999936],
              [109.15979770000007, -7.577695799999958],
              [109.16743470000006, -7.575166599999932],
              [109.16936150000004, -7.571861199999944],
              [109.170764, -7.565638499999977],
              [109.169159, -7.553812],
              [109.17067720000006, -7.552778199999977],
              [109.20281220000004, -7.558199799999954],
              [109.218132, -7.566891099999964],
              [109.25, -7.588786099999936],
              [109.25661470000006, -7.591782],
              [109.26887510000006, -7.593481],
              [109.26333530000005, -7.620279099999948],
              [109.29184260000005, -7.62434879999995],
              [109.29869080000009, -7.62733929999996],
              [109.32882780000006, -7.632302799999934],
              [109.34359520000004, -7.637939199999948],
              [109.34604290000004, -7.642445099999975],
              [109.35883930000006, -7.640083799999957],
              [109.36218430000008, -7.645575599999972],
              [109.36256410000004, -7.650022],
              [109.37003330000005, -7.653123299999947],
              [109.37341310000005, -7.656599899999947],
              [109.37797110000008, -7.65786879999996],
              [109.37917750000008, -7.65670259999996],
              [109.38307190000006, -7.660249699999952],
              [109.38338470000008, -7.663482099999953],
              [109.385649, -7.660813399999938],
              [109.38308720000003, -7.665216899999962],
              [109.38522340000009, -7.670297599999969],
              [109.390007, -7.668765],
              [109.39170840000008, -7.672008],
              [109.38730620000007, -7.67252869999993],
              [109.38753510000004, -7.680236799999932],
              [109.37968450000005, -7.686472799999933],
              [109.38418580000007, -7.690740099999971],
              [109.38758090000005, -7.687603899999942],
              [109.39546210000009, -7.696451599999932],
              [109.39528010000004, -7.69857],
              [109.39058690000007, -7.70210069999996],
              [109.38743590000007, -7.715267099999949],
              [109.38837430000007, -7.720034099999964],
              [109.39421850000008, -7.721252899999968],
              [109.39264680000008, -7.724801499999955],
              [109.39195250000006, -7.72569649999997],
              [109.38174, -7.71931],
              [109.35563, -7.71221],
              [109.32621, -7.70598],
              [109.28999, -7.70079],
              [109.24302, -7.69616],
              [109.17646, -7.69242],
              [109.17297930000007, -7.691078399999981],
              [109.12981, -7.6896],
              [109.10876, -7.68682],
              [109.08739, -7.68793],
              [109.06261, -7.69476],
              [109.05093, -7.70036],
              [109.0332, -7.71418],
              [109.0239, -7.7277],
              [109.0202, -7.74138],
              [109.02055, -7.7512],
              [109.01743, -7.75436],
              [109.01939, -7.7607],
              [109.02545, -7.7649],
              [109.03149, -7.76637],
              [109.03484, -7.76566],
              [109.03676, -7.76184],
              [109.0433, -7.75991],
              [109.05019, -7.77467],
              [109.04779, -7.77716],
              [109.04523, -7.77742],
              [109.04498, -7.77987],
              [109.04696, -7.78155],
              [109.04254, -7.78484],
              [109.0387, -7.78456],
              [109.0341, -7.77886],
              [109.02436, -7.778],
              [109.02364, -7.77485],
              [109.02163, -7.77349],
              [109.01974, -7.77561],
              [109.02054, -7.7779],
              [109.00677, -7.77784],
              [108.98244, -7.77142],
              [108.97592, -7.76763],
              [108.97539, -7.7638],
              [108.97109, -7.76649],
              [108.96671, -7.76323],
              [108.9647, -7.7647],
              [108.96147, -7.76433],
              [108.95876, -7.76143],
              [108.95647, -7.76293],
              [108.95007, -7.76096],
              [108.9466, -7.76204],
              [108.9391, -7.75866],
              [108.93377, -7.75903],
              [108.92151, -7.75385],
              [108.91936, -7.75452],
              [108.91578, -7.75272],
              [108.91425, -7.75391],
              [108.91045, -7.75155],
              [108.90516, -7.75449],
              [108.90431, -7.75221],
              [108.89281, -7.7507],
              [108.87836, -7.74456],
              [108.86952, -7.74459],
              [108.86292, -7.74116],
              [108.85649, -7.74041],
              [108.85859, -7.74316],
              [108.85479, -7.74381],
              [108.84737, -7.73957],
              [108.84483, -7.74039],
              [108.83903, -7.73715],
              [108.83636, -7.73898],
              [108.83282, -7.73771],
              [108.82915, -7.73883],
              [108.81364, -7.73462],
              [108.80932, -7.73643],
              [108.8046, -7.74191],
              [108.79943, -7.74263],
              [108.79783, -7.74171],
              [108.79832, -7.73894],
              [108.7957, -7.73467],
              [108.79016, -7.7379],
              [108.78547, -7.73587],
              [108.79027, -7.72982],
              [108.78871, -7.72501],
              [108.79277, -7.72258],
              [108.79359, -7.7195],
              [108.79941, -7.718],
              [108.80055, -7.71609],
              [108.79952, -7.71062],
              [108.7956, -7.70579],
              [108.79131, -7.70498],
              [108.78715, -7.70825],
              [108.783, -7.70181],
              [108.78801, -7.70197],
              [108.79211, -7.69472],
              [108.79565, -7.69491],
              [108.80255, -7.69044],
              [108.80244, -7.68723],
              [108.79686270000008, -7.687810599999978],
              [108.794274, -7.682034],
              [108.80138060000007, -7.674434399999939],
              [108.79950720000005, -7.667864699999939],
              [108.79122170000005, -7.670302799999945],
              [108.78644570000006, -7.668131699999947],
              [108.78507240000005, -7.665977899999973],
              [108.78530120000005, -7.658918699999958],
              [108.77886970000009, -7.657643199999939],
              [108.77718360000006, -7.652327399999933],
              [108.77273560000003, -7.655473599999937],
              [108.767952, -7.652984],
              [108.76484690000007, -7.650125899999978],
              [108.76420630000007, -7.64620629999996],
              [108.75520590000008, -7.639923],
              [108.75559240000007, -7.635450799999944],
              [108.75001530000009, -7.634485099999949],
              [108.74800110000007, -7.63042919999998],
              [108.74688950000007, -7.620248599999968],
              [108.74073360000006, -7.618725],
              [108.74168570000006, -7.613743599999964],
              [108.73468020000007, -7.616054399999939],
              [108.73204870000006, -7.613220299999966],
              [108.73204050000004, -7.612098599999968],
              [108.73680880000006, -7.61117969999998],
              [108.737526, -7.60365859999996],
              [108.741478, -7.599824799999965],
              [108.74066930000004, -7.59287919999997],
              [108.744278, -7.591354299999978],
              [108.74803170000007, -7.593909199999928],
              [108.75068670000007, -7.591390499999932],
              [108.74858860000006, -7.586550599999953],
              [108.75221260000006, -7.584355699999946],
              [108.75130470000005, -7.577251799999942],
              [108.74795540000008, -7.575486599999977],
              [108.74954230000009, -7.571515499999975],
              [108.74854280000005, -7.567302099999949],
              [108.75476840000005, -7.559735699999976],
              [108.75125890000004, -7.552846299999942],
              [108.75124360000007, -7.545062399999949],
              [108.74400330000009, -7.539286],
              [108.74404150000004, -7.533768599999974],
              [108.73721860000006, -7.517505599999936],
              [108.73545080000008, -7.505031499999973],
              [108.72337490000007, -7.489340399999946],
              [108.72003250000006, -7.480479599999967],
              [108.720353, -7.472511899999972],
              [108.71244050000007, -7.459260899999947],
              [108.72072610000004, -7.44446309999995],
              [108.72100070000005, -7.435875299999964],
              [108.72345740000009, -7.431507],
              [108.71937570000006, -7.429972599999928],
              [108.717598, -7.426419199999941],
              [108.71194460000004, -7.426291799999944],
              [108.70603950000009, -7.418176499999959],
              [108.69969180000004, -7.414895],
              [108.70092780000004, -7.409117599999945],
              [108.69725040000009, -7.400226499999974],
              [108.687088, -7.399546499999929],
              [108.68645480000004, -7.395642199999941],
              [108.68917090000008, -7.393096799999967],
              [108.68428040000003, -7.38637719999997],
              [108.68524170000006, -7.379774],
              [108.67791750000004, -7.376315499999976],
              [108.68314370000007, -7.371910899999932],
              [108.68333440000004, -7.370091799999955],
              [108.67701720000008, -7.365999599999952],
              [108.67599490000003, -7.357340199999953],
              [108.67069250000009, -7.357390799999962],
              [108.66649630000006, -7.353108799999973],
              [108.659607, -7.350726499999951],
              [108.66017160000007, -7.348526399999969],
              [108.66472990000005, -7.347102399999926],
              [108.66047670000006, -7.341182599999968],
              [108.65528110000008, -7.339203699999928],
              [108.65151980000007, -7.341503499999931],
              [108.64769750000005, -7.336982199999966],
              [108.646225, -7.33877549999994],
              [108.64639290000008, -7.343818599999963],
              [108.64458470000005, -7.345665299999951],
              [108.63633730000004, -7.342103399999928],
              [108.62651110000007, -7.345783499999925],
              [108.61873630000008, -7.344627799999955],
              [108.61757660000006, -7.34723269999995],
              [108.61904150000004, -7.349571099999935],
              [108.61743170000005, -7.350166699999932],
              [108.61486060000004, -7.349786199999926],
              [108.61521150000004, -7.344932399999948],
              [108.61138920000008, -7.344092199999977],
              [108.59892850000006, -7.350584399999946],
              [108.59455880000007, -7.34760609999995],
              [108.59189610000004, -7.347656599999937],
              [108.59223180000004, -7.345392599999968],
              [108.58990480000006, -7.344602899999927],
              [108.58339060000009, -7.349789099999953],
              [108.57988740000008, -7.340211699999941],
              [108.57554630000004, -7.339627099999973],
              [108.57478340000006, -7.333933699999932],
              [108.56799540000009, -7.33218729999993],
              [108.56478890000005, -7.336591099999964],
              [108.56365970000007, -7.336649799999975],
              [108.56304940000007, -7.33356079999993],
              [108.55886850000007, -7.335154399999965],
              [108.55968480000007, -7.323983099999964],
              [108.56357580000008, -7.320206],
              [108.56285860000008, -7.314224599999932],
              [108.55899820000008, -7.307708599999955],
              [108.56352240000007, -7.306438299999968],
              [108.56427770000005, -7.30335649999995],
              [108.56037910000003, -7.300444],
              [108.56013490000004, -7.29323519999997],
              [108.55585480000008, -7.288594099999955],
              [108.56704720000005, -7.278663499999936],
              [108.56992340000005, -7.271255399999973],
              [108.56900790000009, -7.268402],
              [108.57101450000005, -7.2655],
              [108.56887060000008, -7.262164899999959],
              [108.57269290000005, -7.255085799999961],
              [108.57497410000008, -7.253199],
              [108.57846070000005, -7.255915],
              [108.58089450000006, -7.254331499999978],
              [108.58178720000006, -7.253343499999971],
              [108.58035280000007, -7.250293099999965],
              [108.58348090000004, -7.243433399999958],
              [108.58563240000007, -7.242590299999961],
              [108.58008580000006, -7.237644599999953],
              [108.584282, -7.230486699999972],
              [108.58262640000004, -7.224130499999944],
              [108.58514730000007, -7.219110099999966],
              [108.58117680000004, -7.215844],
              [108.58116310000008, -7.206545199999937],
              [108.579216, -7.208320499999957],
              [108.57747650000005, -7.205259699999942],
              [108.57260910000008, -7.20333549999998],
              [108.57328040000004, -7.206314],
              [108.56584940000005, -7.200314899999967],
              [108.56352240000007, -7.194754],
              [108.55762490000006, -7.193068899999957],
              [108.55757150000005, -7.191769499999964],
              [108.56075960000004, -7.191357],
              [108.56003580000004, -7.186255399999936],
              [108.565857, -7.180313],
              [108.56218060000003, -7.171601599999974],
              [108.56874090000008, -7.164895899999976],
              [108.58075730000007, -7.164036599999974],
              [108.58336130000004, -7.157349699999941],
              [108.58879210000003, -7.155062499999929],
              [108.59200050000004, -7.150277399999936],
              [108.60398870000006, -7.150996599999928],
              [108.60976410000006, -7.149753],
              [108.61389160000004, -7.147667799999965],
              [108.61859130000005, -7.141568099999972],
              [108.62429050000009, -7.139858599999968],
              [108.62834930000008, -7.141801199999975],
              [108.63494080000004, -7.138725299999976],
              [108.64028940000009, -7.142305699999952]
            ]
          ]
        ]
      }
    },
    {
      "type": "Feature",
      "properties": {
        "ADM0_EN": "Indonesia",
        "date": "2019-12-20",
        "validOn": "2020-04-01",
        "PROVINCE": "Jawa Tengah",
        "Kabupaten": "Kendal",
        "PRV2": "Jawa_Tengah",
        "layer": "Jawa_Tengah_ADMIN_BPS",
        "path": "D:/rudi/Jawa_Tengah_ADMIN_BPS.shp",
        "listkodim_Kodim": "Kodim 0715/Kendal",
        "listkodim_Korem": "Korem 073/Makutarama"
      },
      "geometry": {
        "type": "MultiPolygon",
        "coordinates": [
          [
            [
              [110.191562, -6.853632],
              [110.19324720000009, -6.851752099999942],
              [110.196092, -6.854087],
              [110.21893930000005, -6.861022399999968],
              [110.22626460000004, -6.879549],
              [110.23088090000005, -6.886148899999966],
              [110.23228340000009, -6.885108399999979],
              [110.24072930000005, -6.889822399999957],
              [110.24474510000005, -6.901295],
              [110.251442, -6.907551799999965],
              [110.26113080000005, -6.912236499999949],
              [110.27870910000007, -6.916132799999957],
              [110.27971990000009, -6.915272499999958],
              [110.28671, -6.918601499999966],
              [110.28715620000008, -6.91759019999995],
              [110.29337250000009, -6.924175399999967],
              [110.30803, -6.92863449999993],
              [110.303067, -6.935071],
              [110.30904, -6.936201],
              [110.30976740000006, -6.934353399999964],
              [110.306059, -6.932801],
              [110.307008, -6.932364],
              [110.311163, -6.936468699999978],
              [110.29969910000005, -6.940680499999928],
              [110.292038, -6.949866699999973],
              [110.29301450000008, -6.95194],
              [110.29187010000004, -6.955469099999959],
              [110.29965970000006, -6.959940399999937],
              [110.295929, -6.967958899999928],
              [110.28820040000005, -6.965428799999927],
              [110.28766020000006, -6.968732],
              [110.286311, -6.968451899999934],
              [110.29093350000005, -6.973083],
              [110.29382290000007, -6.97947279999994],
              [110.29319230000004, -6.982152299999939],
              [110.28523230000008, -6.982828099999949],
              [110.28455440000005, -6.986404],
              [110.28197480000006, -6.987282899999968],
              [110.28377270000004, -6.988642699999957],
              [110.28206640000008, -6.989935399999979],
              [110.28373240000008, -6.992704599999968],
              [110.28695680000004, -6.993057199999953],
              [110.28749850000008, -6.996337399999959],
              [110.28092960000004, -6.998907499999973],
              [110.28019720000009, -7.003998199999955],
              [110.28250890000004, -7.004990599999928],
              [110.28566740000008, -7.010196199999939],
              [110.28470610000005, -7.012380599999972],
              [110.27623750000004, -7.011821699999928],
              [110.27368930000006, -7.014114799999959],
              [110.274826, -7.019045299999959],
              [110.27087020000005, -7.024599199999955],
              [110.27229410000007, -7.026511699999958],
              [110.27195770000009, -7.033804],
              [110.27371010000007, -7.035220799999934],
              [110.27121880000004, -7.034969299999943],
              [110.27191530000005, -7.040066199999956],
              [110.26934820000008, -7.047219299999938],
              [110.27061460000004, -7.050365899999974],
              [110.27458920000004, -7.048724299999947],
              [110.28258520000009, -7.049701199999959],
              [110.28535460000006, -7.051896499999941],
              [110.28858180000009, -7.050752599999953],
              [110.29402920000007, -7.053339],
              [110.29192350000005, -7.055433299999947],
              [110.30065150000007, -7.065232699999967],
              [110.29923250000007, -7.06712669999996],
              [110.30115510000007, -7.068084699999929],
              [110.30075840000006, -7.072271299999954],
              [110.30318450000004, -7.07885639999995],
              [110.30114750000007, -7.079534],
              [110.30400850000007, -7.083165599999973],
              [110.30511480000007, -7.088432299999965],
              [110.30354310000007, -7.097431099999937],
              [110.30564320000008, -7.101618099999939],
              [110.31009670000009, -7.102925699999957],
              [110.31323370000007, -7.10627089999997],
              [110.31699990000004, -7.10458749999998],
              [110.31735850000007, -7.106670899999926],
              [110.32407010000009, -7.101458799999932],
              [110.32823530000007, -7.102174599999955],
              [110.33165740000004, -7.099294199999974],
              [110.33270260000006, -7.103519399999925],
              [110.33688360000008, -7.104374399999926],
              [110.34462550000006, -7.097150399999975],
              [110.34270310000005, -7.090580099999954],
              [110.34356260000004, -7.088586799999973],
              [110.34627530000006, -7.086233399999969],
              [110.34769260000007, -7.088221499999975],
              [110.35128520000006, -7.100412],
              [110.35562490000007, -7.106119199999966],
              [110.35563010000004, -7.107200599999942],
              [110.35348540000007, -7.106881699999974],
              [110.35393940000006, -7.110360199999946],
              [110.34898770000007, -7.112029699999937],
              [110.34993690000005, -7.116266],
              [110.34855220000009, -7.119342599999925],
              [110.35259090000005, -7.123279199999956],
              [110.35096370000008, -7.132446899999934],
              [110.35260940000006, -7.135883199999967],
              [110.35190430000006, -7.146608799999967],
              [110.34884910000005, -7.151282299999934],
              [110.34577930000006, -7.145150799999954],
              [110.34381950000005, -7.145181199999968],
              [110.34348290000008, -7.148266099999944],
              [110.34205370000006, -7.148927599999979],
              [110.33936870000008, -7.145075299999974],
              [110.33882180000006, -7.149478099999953],
              [110.33572030000005, -7.152201199999979],
              [110.33195480000006, -7.153603],
              [110.32799210000007, -7.152059399999928],
              [110.33107, -7.15734],
              [110.34143830000005, -7.160506599999962],
              [110.34403780000008, -7.165071499999954],
              [110.33875610000007, -7.173331099999928],
              [110.33148540000008, -7.17273],
              [110.32994410000003, -7.170377599999938],
              [110.32458640000004, -7.173665799999981],
              [110.324211, -7.177484299999946],
              [110.31843630000009, -7.179374099999961],
              [110.32453480000004, -7.179721499999971],
              [110.32192750000007, -7.181367399999942],
              [110.33852570000005, -7.184733399999971],
              [110.34240220000004, -7.187909899999966],
              [110.34175090000008, -7.193840299999977],
              [110.33268650000008, -7.19334779999997],
              [110.32300380000004, -7.196808399999952],
              [110.31944630000004, -7.194939399999953],
              [110.29773360000007, -7.19513459999996],
              [110.29162340000005, -7.193445299999951],
              [110.284322, -7.187524699999926],
              [110.285614, -7.193460899999934],
              [110.28351590000005, -7.192951599999958],
              [110.28144070000008, -7.193679799999927],
              [110.28102870000004, -7.195627699999932],
              [110.27603150000004, -7.195891299999971],
              [110.27640830000007, -7.199081099999944],
              [110.27327360000004, -7.199388899999974],
              [110.26968950000008, -7.196536299999934],
              [110.25889470000004, -7.199094899999977],
              [110.25629090000007, -7.19416149999995],
              [110.25263850000005, -7.19154709999998],
              [110.25228250000004, -7.189171699999974],
              [110.24856550000004, -7.187400299999979],
              [110.24639510000009, -7.184239299999945],
              [110.23942510000006, -7.18757329999994],
              [110.22982790000009, -7.187575299999935],
              [110.22104640000003, -7.184079099999963],
              [110.21406560000008, -7.185729499999979],
              [110.20938060000009, -7.181189099999926],
              [110.20874030000004, -7.177910199999928],
              [110.19599740000007, -7.175017799999978],
              [110.19165440000006, -7.170938],
              [110.19290030000008, -7.165287199999966],
              [110.184929, -7.151666899999952],
              [110.18054020000005, -7.152506399999936],
              [110.17770790000009, -7.148547399999927],
              [110.17116830000003, -7.144371199999966],
              [110.16895180000006, -7.143429799999979],
              [110.16434160000006, -7.145168399999932],
              [110.16135880000007, -7.143416099999968],
              [110.15190870000004, -7.147080399999936],
              [110.14726260000003, -7.144482099999948],
              [110.14517260000008, -7.141329199999973],
              [110.14585880000004, -7.138045299999931],
              [110.14414570000008, -7.13678619999996],
              [110.14111670000005, -7.138247],
              [110.13972610000008, -7.13614519999993],
              [110.14209860000005, -7.133471699999973],
              [110.14171360000006, -7.12878859999995],
              [110.14421970000006, -7.130805399999929],
              [110.14477810000005, -7.125347599999941],
              [110.14813580000003, -7.126747],
              [110.15054830000008, -7.125690899999938],
              [110.15358610000004, -7.127846199999965],
              [110.15898420000008, -7.126136199999962],
              [110.16119020000008, -7.116782899999976],
              [110.16609590000007, -7.112819199999933],
              [110.17364850000007, -7.111624899999981],
              [110.17605580000009, -7.10936479999998],
              [110.18236130000008, -7.109886699999947],
              [110.193055, -7.106040599999972],
              [110.190926, -7.105134599999928],
              [110.19101710000007, -7.101780599999927],
              [110.18799890000008, -7.10259259999998],
              [110.19353360000008, -7.095621],
              [110.19087090000005, -7.091502099999957],
              [110.19320550000003, -7.089191299999925],
              [110.19109220000007, -7.084936499999969],
              [110.193442, -7.080612499999972],
              [110.19048950000007, -7.079582599999981],
              [110.18673580000006, -7.080842399999938],
              [110.18317680000007, -7.077573299999926],
              [110.17729060000005, -7.082138899999961],
              [110.17569610000004, -7.089889399999947],
              [110.17668790000005, -7.09426389999993],
              [110.17384610000005, -7.098878699999943],
              [110.17545770000004, -7.100646599999948],
              [110.16977060000005, -7.097486699999934],
              [110.16720980000008, -7.099831599999959],
              [110.16552890000008, -7.096236199999964],
              [110.16343070000005, -7.097236899999928],
              [110.16523480000006, -7.098636299999953],
              [110.16154030000007, -7.100074699999936],
              [110.152075, -7.098783699999956],
              [110.14512110000004, -7.100532599999951],
              [110.14194490000006, -7.097091199999966],
              [110.13926930000008, -7.098552599999948],
              [110.13315960000006, -7.097286699999927],
              [110.132285, -7.099342499999977],
              [110.13016450000003, -7.09606],
              [110.12780010000006, -7.09782869999998],
              [110.12538970000008, -7.097355799999946],
              [110.12091050000004, -7.092831],
              [110.11737920000007, -7.095077599999968],
              [110.11079270000005, -7.095006499999954],
              [110.10806840000004, -7.098686399999963],
              [110.10240350000004, -7.099592199999961],
              [110.09564770000009, -7.104239799999959],
              [110.09454680000005, -7.107147899999973],
              [110.09051590000007, -7.107315],
              [110.08840720000006, -7.110264799999925],
              [110.08569950000003, -7.109362499999975],
              [110.08377080000008, -7.112908299999958],
              [110.08459470000008, -7.114055599999972],
              [110.07686620000004, -7.120647399999939],
              [110.06959980000005, -7.121222399999965],
              [110.06143190000006, -7.119407599999931],
              [110.05550390000008, -7.121190499999955],
              [110.05505650000003, -7.123587899999961],
              [110.049797, -7.124683799999957],
              [110.05091, -7.12757],
              [110.04879, -7.126158199999963],
              [110.04647830000005, -7.129660099999967],
              [110.04336550000005, -7.13027139999997],
              [110.04438020000003, -7.130871699999943],
              [110.04135130000009, -7.132732799999928],
              [110.04077910000007, -7.134877699999947],
              [110.03818510000008, -7.134705499999939],
              [110.03624720000005, -7.138981799999954],
              [110.03437810000008, -7.138762899999961],
              [110.033783, -7.140667899999926],
              [110.03250120000007, -7.13917349999997],
              [110.03148650000009, -7.140054699999951],
              [110.02981570000009, -7.143711099999962],
              [110.02683260000003, -7.144716199999948],
              [110.02735140000004, -7.146751399999971],
              [110.01257320000008, -7.152548699999954],
              [110.01250460000006, -7.154724599999952],
              [110.01007080000005, -7.154852399999982],
              [110.00836750000008, -7.159476899999959],
              [109.99941930000006, -7.162929399999939],
              [109.99778220000007, -7.166116899999963],
              [109.99366340000006, -7.168786599999976],
              [109.99283320000006, -7.172252899999933],
              [109.98565410000003, -7.173548499999981],
              [109.98202240000006, -7.179593399999931],
              [109.96943320000008, -7.188025799999934],
              [109.95639490000008, -7.194727399999977],
              [109.94859660000009, -7.195379099999968],
              [109.93481450000007, -7.201784099999941],
              [109.92287440000007, -7.186953499999959],
              [109.93008420000007, -7.180120399999964],
              [109.93206790000005, -7.171844399999941],
              [109.939827, -7.157551699999942],
              [109.93977360000008, -7.142285799999968],
              [109.94686890000008, -7.132117699999981],
              [109.94911450000006, -7.132090299999959],
              [109.94911960000007, -7.124214099999961],
              [109.953743, -7.120032299999934],
              [109.95539860000008, -7.114516699999967],
              [109.95925140000008, -7.110599],
              [109.96367320000007, -7.094838299999935],
              [109.96480030000004, -7.095452099999932],
              [109.96631120000006, -7.091430699999933],
              [109.97405610000004, -7.087815299999932],
              [109.97425860000004, -7.083512199999973],
              [109.97756070000008, -7.082994099999951],
              [109.97905470000006, -7.077801099999931],
              [109.978079, -7.07489389999995],
              [109.97965420000008, -7.068763699999977],
              [109.97764230000007, -7.067352199999959],
              [109.98028350000004, -7.062522],
              [109.97733270000003, -7.04955039999993],
              [109.97263220000008, -7.047495699999956],
              [109.97232060000005, -7.044645299999956],
              [109.97484690000005, -7.041729299999929],
              [109.97361760000007, -7.034891099999925],
              [109.977393, -7.031481199999973],
              [109.98255740000008, -7.032145199999945],
              [109.988343, -7.024782099999925],
              [109.99384320000007, -7.025167899999929],
              [109.99587640000004, -7.027086699999927],
              [110.003952, -7.019508299999927],
              [110.011528, -7.017323899999951],
              [110.01314540000004, -7.018524099999979],
              [110.01548390000005, -7.010309399999926],
              [110.02306370000008, -7.006338599999935],
              [110.02608490000006, -7.001887299999964],
              [110.02495580000004, -6.997522299999957],
              [110.03027660000004, -6.996864599999981],
              [110.03296970000008, -6.991426899999965],
              [110.03639990000005, -6.99364369999995],
              [110.03967290000008, -6.989700299999981],
              [110.04264070000005, -6.989289699999972],
              [110.04493710000008, -6.979814],
              [110.05080420000007, -6.98043679999995],
              [110.05074310000003, -6.966958499999976],
              [110.04877470000008, -6.965752099999975],
              [110.04781180000003, -6.959987799999965],
              [110.04800420000004, -6.958745],
              [110.051651, -6.95875209999997],
              [110.05332950000007, -6.954038099999934],
              [110.04702760000004, -6.946657099999925],
              [110.05095670000009, -6.94153689999996],
              [110.045929, -6.941810099999941],
              [110.04417420000004, -6.940531199999953],
              [110.04035320000008, -6.942969099999971],
              [110.03998710000008, -6.938999699999954],
              [110.03485870000009, -6.938733499999955],
              [110.03407290000007, -6.937477599999966],
              [110.03569790000006, -6.93259809999995],
              [110.03071590000008, -6.929556299999945],
              [110.04017640000006, -6.92376749999994],
              [110.04372410000008, -6.924563399999954],
              [110.04518890000008, -6.921471099999962],
              [110.03904890000007, -6.916939],
              [110.03896750000007, -6.918007899999964],
              [110.03363, -6.918111899999928],
              [110.03328880000004, -6.914425299999948],
              [110.02817420000008, -6.914967399999966],
              [110.03002010000006, -6.912409099999934],
              [110.02836780000007, -6.910877199999959],
              [110.03913960000006, -6.905107599999951],
              [110.04193, -6.90561],
              [110.04005980000005, -6.903925299999969],
              [110.05647170000009, -6.904270299999951],
              [110.058349, -6.902065499999935],
              [110.06180310000008, -6.903131099999939],
              [110.07028590000004, -6.901287],
              [110.10703450000005, -6.889945299999965],
              [110.12597420000009, -6.880686799999978],
              [110.12929360000004, -6.881008],
              [110.13525740000006, -6.878441],
              [110.15587060000007, -6.867502199999933],
              [110.15774720000007, -6.863197799999966],
              [110.17108250000007, -6.850645699999973],
              [110.17288060000004, -6.839212799999927],
              [110.17195260000005, -6.836071899999979],
              [110.17473650000005, -6.835215299999959],
              [110.17623560000004, -6.836857099999975],
              [110.176842, -6.844748],
              [110.17958, -6.848351799999932],
              [110.191562, -6.853632]
            ]
          ],
          [
            [
              [110.28460160000009, -6.988950199999977],
              [110.28491450000007, -6.988728499999979],
              [110.28514270000005, -6.988800899999944],
              [110.28460160000009, -6.988950199999977]
            ]
          ]
        ]
      }
    },
    {
      "type": "Feature",
      "properties": {
        "ADM0_EN": "Indonesia",
        "date": "2019-12-20",
        "validOn": "2020-04-01",
        "PROVINCE": "Jawa Tengah",
        "Kabupaten": "Banyumas",
        "PRV2": "Jawa_Tengah",
        "layer": "Jawa_Tengah_ADMIN_BPS",
        "path": "D:/rudi/Jawa_Tengah_ADMIN_BPS.shp",
        "listkodim_Kodim": "Kodim 0701/Banyumas",
        "listkodim_Korem": "Korem 071/Wijayakusuma"
      },
      "geometry": {
        "type": "MultiPolygon",
        "coordinates": [
          [
            [
              [109.22521210000008, -7.247262399999954],
              [109.235817, -7.254981899999962],
              [109.24451450000004, -7.271753199999978],
              [109.24923710000007, -7.273454099999981],
              [109.25517280000008, -7.281204199999934],
              [109.257164, -7.291890599999931],
              [109.26431280000008, -7.304164799999967],
              [109.26965330000007, -7.318878099999949],
              [109.27852630000007, -7.331105199999968],
              [109.28140260000004, -7.340715299999943],
              [109.28766630000007, -7.34837529999993],
              [109.29054260000004, -7.357327399999974],
              [109.29502870000005, -7.36283149999997],
              [109.29815210000004, -7.372122799999943],
              [109.30117040000005, -7.375554499999964],
              [109.30129240000008, -7.381672799999933],
              [109.30612450000007, -7.383946],
              [109.30473330000007, -7.389288399999941],
              [109.30666240000005, -7.390205],
              [109.30887610000008, -7.394996599999956],
              [109.31295020000005, -7.409975499999973],
              [109.31893920000005, -7.409372299999973],
              [109.32339480000007, -7.425388299999952],
              [109.33309940000004, -7.430034599999942],
              [109.33332830000006, -7.433713399999931],
              [109.33515170000004, -7.435454299999947],
              [109.33488470000009, -7.43727819999998],
              [109.33187870000006, -7.437539499999957],
              [109.33299550000004, -7.441382499999975],
              [109.331212, -7.44141209999998],
              [109.33132170000005, -7.443054599999925],
              [109.33343510000009, -7.445803599999977],
              [109.33868780000006, -7.446630699999957],
              [109.33810770000008, -7.447639599999945],
              [109.34050830000007, -7.449378699999954],
              [109.34095760000008, -7.458334399999956],
              [109.33458710000008, -7.458294799999976],
              [109.33721160000005, -7.460211199999947],
              [109.335167, -7.460301299999969],
              [109.33642580000009, -7.462511],
              [109.33128360000006, -7.468974499999945],
              [109.3293, -7.465943799999934],
              [109.33116920000003, -7.460711899999978],
              [109.32659150000006, -7.462517199999979],
              [109.32547760000006, -7.465137],
              [109.32730870000006, -7.47136009999997],
              [109.321045, -7.473717199999953],
              [109.32093810000003, -7.482286399999964],
              [109.33406830000007, -7.48524279999998],
              [109.33616640000008, -7.487380899999948],
              [109.33710480000008, -7.492947499999957],
              [109.338234, -7.492475499999955],
              [109.33810430000005, -7.487287899999956],
              [109.34210970000004, -7.484521799999925],
              [109.34129340000004, -7.480910199999926],
              [109.34477240000007, -7.478392099999951],
              [109.34617620000006, -7.478322399999968],
              [109.34645850000004, -7.483961499999964],
              [109.35084540000008, -7.481121499999972],
              [109.353035, -7.48531429999997],
              [109.35601050000008, -7.482719399999951],
              [109.35874180000008, -7.485686199999975],
              [109.36160280000007, -7.485296199999937],
              [109.36170960000004, -7.488613099999952],
              [109.36301430000009, -7.48859159999995],
              [109.36412810000007, -7.492417799999942],
              [109.36300660000006, -7.494449599999939],
              [109.36579130000007, -7.497601399999951],
              [109.36280060000007, -7.499625199999969],
              [109.36506960000008, -7.501706299999967],
              [109.36504370000006, -7.507725199999925],
              [109.36228950000009, -7.514416599999947],
              [109.36474610000005, -7.517472199999929],
              [109.36968230000008, -7.517025399999966],
              [109.37640380000005, -7.522984],
              [109.38174440000006, -7.522021199999926],
              [109.385788, -7.524649599999975],
              [109.38757330000004, -7.530203799999981],
              [109.395401, -7.536336799999958],
              [109.39750670000006, -7.536504199999968],
              [109.39813230000004, -7.534597299999973],
              [109.40371710000005, -7.540461],
              [109.41572570000005, -7.538615199999981],
              [109.41835020000008, -7.534164899999951],
              [109.420044, -7.533946399999934],
              [109.42557530000005, -7.536786499999948],
              [109.43273930000004, -7.536139899999966],
              [109.43386840000005, -7.538421599999936],
              [109.43195340000005, -7.541194399999938],
              [109.43187720000009, -7.551411599999938],
              [109.42882540000005, -7.555934799999932],
              [109.41944120000005, -7.558814],
              [109.41529090000006, -7.565487299999972],
              [109.41556550000007, -7.570235699999955],
              [109.42114260000005, -7.579105799999979],
              [109.42038730000007, -7.585205],
              [109.42318730000005, -7.588650199999961],
              [109.42476660000005, -7.58835739999995],
              [109.42715450000009, -7.593653599999925],
              [109.43719480000004, -7.600865299999953],
              [109.43741610000006, -7.604005799999925],
              [109.44110090000004, -7.607465],
              [109.44158440000007, -7.613584099999969],
              [109.44583430000006, -7.620661],
              [109.44388140000007, -7.621739699999978],
              [109.444086, -7.624194799999941],
              [109.44034580000005, -7.626143399999933],
              [109.440094, -7.630493599999966],
              [109.435173, -7.635456],
              [109.42501550000009, -7.633809199999973],
              [109.42382810000004, -7.637196],
              [109.41944410000008, -7.638373699999931],
              [109.41474060000007, -7.647975],
              [109.40785690000007, -7.649159699999927],
              [109.407051, -7.65135],
              [109.40590420000007, -7.648219599999948],
              [109.40476770000004, -7.648198899999954],
              [109.40422010000009, -7.651474],
              [109.40246380000008, -7.650058599999966],
              [109.40332060000009, -7.646665499999926],
              [109.397377, -7.648690199999976],
              [109.39611060000004, -7.647048899999959],
              [109.39262390000005, -7.647321199999965],
              [109.39134570000004, -7.644186099999956],
              [109.38899660000004, -7.645848799999953],
              [109.38933560000004, -7.650213199999939],
              [109.38479740000008, -7.65060219999998],
              [109.38385010000007, -7.652410399999951],
              [109.38436890000008, -7.654786099999967],
              [109.38913310000004, -7.657970699999964],
              [109.38382120000006, -7.663179899999932],
              [109.38267520000005, -7.659740399999976],
              [109.37917750000008, -7.65670259999996],
              [109.37796930000007, -7.657830299999944],
              [109.37220760000008, -7.656258499999979],
              [109.36924740000006, -7.652581199999929],
              [109.36174010000008, -7.649372],
              [109.36218430000008, -7.645575599999972],
              [109.359353, -7.640535599999964],
              [109.34604290000004, -7.642445099999975],
              [109.34382960000005, -7.637969799999951],
              [109.328214, -7.632294099999967],
              [109.29869080000009, -7.62733929999996],
              [109.29274750000008, -7.624493499999971],
              [109.26412970000007, -7.62048429999993],
              [109.26309210000005, -7.619724199999951],
              [109.26481630000006, -7.609108399999968],
              [109.26876070000009, -7.598301299999946],
              [109.26820380000004, -7.592558299999951],
              [109.25807960000009, -7.592118699999958],
              [109.25, -7.588786099999936],
              [109.218544, -7.567167199999972],
              [109.20281220000004, -7.558199799999954],
              [109.17276770000007, -7.552627],
              [109.16909940000005, -7.553327899999942],
              [109.170764, -7.565638499999977],
              [109.16936150000004, -7.571861199999944],
              [109.16743470000006, -7.575166599999932],
              [109.15979770000007, -7.577695799999958],
              [109.13888550000007, -7.578872599999954],
              [109.13072970000007, -7.576161799999966],
              [109.11822510000007, -7.578089599999942],
              [109.11398320000006, -7.576611],
              [109.11057280000006, -7.578491099999951],
              [109.106308, -7.577220799999964],
              [109.09392550000007, -7.577902199999926],
              [109.08335120000004, -7.573311299999943],
              [109.06655890000008, -7.573067599999945],
              [109.06060790000004, -7.569310599999937],
              [109.05752570000004, -7.55611319999997],
              [109.05093390000008, -7.559264599999949],
              [109.04307560000007, -7.559640799999954],
              [109.02577210000004, -7.550220899999943],
              [109.01397710000003, -7.545824399999958],
              [109.01287840000003, -7.544085],
              [109.00291450000009, -7.543777399999954],
              [109.00497440000004, -7.52942939999997],
              [109.00121310000009, -7.529376899999932],
              [109.00022130000008, -7.527067099999954],
              [108.99605560000003, -7.525508299999956],
              [108.98354340000009, -7.524344399999961],
              [108.98099520000005, -7.519809599999974],
              [108.97740180000005, -7.520678],
              [108.97307990000007, -7.518679499999962],
              [108.97342810000004, -7.513573599999972],
              [108.96662260000005, -7.507912599999941],
              [108.96151860000003, -7.49588289999997],
              [108.95745210000007, -7.49335],
              [108.96463140000009, -7.486409599999945],
              [108.96416590000007, -7.472547499999962],
              [108.95929080000008, -7.469521],
              [108.948396, -7.468026099999975],
              [108.94184240000004, -7.464428899999973],
              [108.92074710000009, -7.464246699999933],
              [108.90976730000006, -7.466069199999936],
              [108.90947730000005, -7.469333099999972],
              [108.90368660000007, -7.476324499999976],
              [108.90121470000008, -7.474603599999966],
              [108.90159620000009, -7.472283799999957],
              [108.897812, -7.467169199999944],
              [108.89798750000006, -7.463927699999942],
              [108.89543930000008, -7.462098499999968],
              [108.89532480000008, -7.457878099999959],
              [108.89251720000004, -7.455821899999933],
              [108.89138480000008, -7.448460399999931],
              [108.91413120000004, -7.445021099999963],
              [108.91747290000006, -7.440735199999949],
              [108.93188480000003, -7.430669199999954],
              [108.930275, -7.423045599999966],
              [108.93913270000007, -7.411921899999925],
              [108.93547820000003, -7.406278],
              [108.93874360000007, -7.393757699999981],
              [108.93554690000008, -7.390024099999948],
              [108.93981940000003, -7.385689199999945],
              [108.94542020000006, -7.384245599999929],
              [108.94898230000007, -7.381466299999943],
              [108.95393370000005, -7.369143399999928],
              [108.94965360000003, -7.364996399999939],
              [108.950058, -7.363578699999948],
              [108.96238710000006, -7.354460199999949],
              [108.96283720000008, -7.346737299999972],
              [108.96160130000004, -7.345083199999976],
              [108.96510320000004, -7.341890699999965],
              [108.96741490000005, -7.333126499999935],
              [108.97103890000005, -7.332218599999976],
              [108.97852330000006, -7.33489979999996],
              [108.98377230000006, -7.33306639999995],
              [108.98506930000008, -7.334528399999954],
              [108.999176, -7.333477],
              [109.00354770000007, -7.335072499999967],
              [109.00766, -7.333745399999941],
              [109.01651770000007, -7.335184],
              [109.02362830000004, -7.332402599999966],
              [109.02616120000005, -7.32642119999997],
              [109.02856450000007, -7.326363499999957],
              [109.03655250000008, -7.342963599999962],
              [109.03081510000004, -7.349746599999946],
              [109.03622720000004, -7.351494499999944],
              [109.04740910000004, -7.338789399999939],
              [109.05684660000009, -7.340153099999952],
              [109.06450660000007, -7.338573399999973],
              [109.06878670000003, -7.332227599999953],
              [109.07602690000004, -7.313823199999945],
              [109.08389290000008, -7.304664599999967],
              [109.10456390000007, -7.302465099999949],
              [109.10774940000005, -7.296319],
              [109.11392440000009, -7.294842599999981],
              [109.11431120000009, -7.292290299999934],
              [109.10597170000005, -7.289701499999978],
              [109.10568090000004, -7.287296599999934],
              [109.11712410000007, -7.285241199999973],
              [109.12721560000006, -7.280983599999956],
              [109.12575410000005, -7.278589899999929],
              [109.11766110000008, -7.278556299999934],
              [109.11637820000004, -7.277449],
              [109.11712380000006, -7.275064499999928],
              [109.12485810000004, -7.272892599999977],
              [109.13036150000005, -7.276405],
              [109.13528, -7.267876],
              [109.142805, -7.268292299999928],
              [109.14817050000005, -7.266504199999929],
              [109.15787510000007, -7.267631],
              [109.16441350000008, -7.271358],
              [109.16734320000006, -7.268205099999932],
              [109.17990880000008, -7.262104499999964],
              [109.19425210000009, -7.251319799999976],
              [109.20209970000008, -7.247316499999954],
              [109.21744540000009, -7.248883199999966],
              [109.22349550000007, -7.246466099999964],
              [109.22521210000008, -7.247262399999954]
            ]
          ]
        ]
      }
    },
    {
      "type": "Feature",
      "properties": {
        "ADM0_EN": "Indonesia",
        "date": "2019-12-20",
        "validOn": "2020-04-01",
        "PROVINCE": "Jawa Tengah",
        "Kabupaten": "Sragen",
        "PRV2": "Jawa_Tengah",
        "layer": "Jawa_Tengah_ADMIN_BPS",
        "path": "D:/rudi/Jawa_Tengah_ADMIN_BPS.shp",
        "listkodim_Kodim": "Kodim 0725/Sragen",
        "listkodim_Korem": "Korem 074/Warastratama"
      },
      "geometry": {
        "type": "MultiPolygon",
        "coordinates": [
          [
            [
              [111.10807040000009, -7.248066899999969],
              [111.123436, -7.248821699999951],
              [111.12574, -7.250952199999972],
              [111.12743440000008, -7.257979699999964],
              [111.13406370000007, -7.259649699999954],
              [111.13656620000006, -7.261775],
              [111.14403530000004, -7.26191179999995],
              [111.14613340000005, -7.264411899999971],
              [111.148674, -7.264358499999958],
              [111.15082550000005, -7.269122599999946],
              [111.15042110000007, -7.273722099999929],
              [111.14748380000009, -7.278675],
              [111.14462280000004, -7.279370799999981],
              [111.14028930000006, -7.283507799999938],
              [111.14081570000008, -7.290797699999928],
              [111.13707730000004, -7.297084799999936],
              [111.13726810000009, -7.299885699999948],
              [111.14208220000006, -7.307375399999955],
              [111.14700320000009, -7.308343399999956],
              [111.15479280000005, -7.313006399999949],
              [111.15404510000008, -7.316385699999955],
              [111.141983, -7.332574799999975],
              [111.14292910000006, -7.337825799999962],
              [111.14152530000007, -7.341569899999968],
              [111.142952, -7.346815599999957],
              [111.140564, -7.352735899999971],
              [111.14272310000007, -7.357593],
              [111.14131930000008, -7.361155899999972],
              [111.14460750000006, -7.360040599999934],
              [111.14186860000007, -7.363888699999961],
              [111.14546970000004, -7.368330899999933],
              [111.14160920000006, -7.37302109999996],
              [111.14293670000006, -7.374523599999975],
              [111.137207, -7.378857599999947],
              [111.13653560000006, -7.382373799999925],
              [111.13917540000006, -7.385703499999977],
              [111.13349910000005, -7.391061299999933],
              [111.13110350000005, -7.395852499999933],
              [111.12812040000006, -7.396953499999938],
              [111.12947080000004, -7.401075299999945],
              [111.12705990000006, -7.404627799999957],
              [111.12362670000005, -7.405341599999929],
              [111.12375640000005, -7.409250699999973],
              [111.11994860000004, -7.409310499999947],
              [111.11844630000007, -7.414263699999935],
              [111.11980440000008, -7.417373599999962],
              [111.11862940000009, -7.419274799999926],
              [111.11943820000005, -7.423647399999936],
              [111.12125870000006, -7.425131799999974],
              [111.12397110000006, -7.434595599999966],
              [111.12283320000006, -7.439099299999953],
              [111.12472530000008, -7.439296199999944],
              [111.12606810000005, -7.442703699999981],
              [111.12475580000006, -7.445206599999949],
              [111.12522120000006, -7.450403699999981],
              [111.12969970000006, -7.452996699999971],
              [111.1309, -7.456396],
              [111.12867740000007, -7.460909799999968],
              [111.13236240000003, -7.46131459999998],
              [111.13143920000005, -7.463844699999981],
              [111.13504030000007, -7.462274],
              [111.13724520000005, -7.466243199999951],
              [111.13442990000004, -7.468626399999948],
              [111.13540650000004, -7.470444699999973],
              [111.13323210000004, -7.474729499999967],
              [111.13682550000004, -7.480194],
              [111.13523860000004, -7.483703099999957],
              [111.14258580000006, -7.48740289999995],
              [111.14480170000007, -7.493376699999942],
              [111.14805240000004, -7.494082699999979],
              [111.152518, -7.49934879999995],
              [111.15341950000004, -7.505526],
              [111.15208430000007, -7.507175399999937],
              [111.153582, -7.509775099999956],
              [111.15009310000005, -7.511511299999938],
              [111.14811710000004, -7.516528599999958],
              [111.15016170000007, -7.517797899999948],
              [111.15180970000006, -7.522378899999978],
              [111.14823310000008, -7.52440839999997],
              [111.139801, -7.52385849999996],
              [111.13084620000006, -7.515311199999928],
              [111.13009290000008, -7.511095],
              [111.12760920000005, -7.511178499999971],
              [111.12455750000004, -7.513350499999945],
              [111.12357330000009, -7.519353799999976],
              [111.11980360000007, -7.521973299999956],
              [111.11709590000004, -7.52134609999996],
              [111.11557910000005, -7.528812],
              [111.11171810000008, -7.530910699999936],
              [111.09816980000005, -7.529295299999944],
              [111.09252780000008, -7.53057629999995],
              [111.08882940000007, -7.52849219999996],
              [111.08141, -7.527599799999962],
              [111.07946910000004, -7.524967899999979],
              [111.08068080000004, -7.521095199999934],
              [111.07930620000008, -7.517322399999955],
              [111.08273470000006, -7.513350699999933],
              [111.080773, -7.51131],
              [111.08118440000004, -7.508194399999979],
              [111.07906720000005, -7.508144],
              [111.07896660000006, -7.499037899999962],
              [111.07514910000003, -7.496794899999941],
              [111.07299990000007, -7.496624199999928],
              [111.07224870000005, -7.49874959999994],
              [111.06420520000006, -7.495908399999962],
              [111.06245850000005, -7.498402299999952],
              [111.06293490000007, -7.502384599999971],
              [111.05805390000006, -7.504536799999926],
              [111.05587030000004, -7.509290799999974],
              [111.05014010000008, -7.507983499999966],
              [111.04033770000007, -7.511293799999976],
              [111.04110170000007, -7.52028839999997],
              [111.04592890000004, -7.527475799999934],
              [111.049321, -7.536469299999965],
              [111.04305270000009, -7.536970499999939],
              [111.03175830000004, -7.534075199999961],
              [111.02441920000007, -7.527803],
              [111.02106640000005, -7.531929099999957],
              [111.01430150000004, -7.528492299999925],
              [111.00912610000006, -7.529133199999933],
              [111.0026, -7.524690799999973],
              [110.98808290000005, -7.520897399999967],
              [110.97552160000004, -7.515695199999925],
              [110.96351230000005, -7.507188],
              [110.95445750000005, -7.503736099999969],
              [110.95124820000007, -7.500090599999965],
              [110.93961890000008, -7.494959299999948],
              [110.92087510000005, -7.49100489999995],
              [110.91703090000004, -7.495963099999926],
              [110.89512940000009, -7.493450299999949],
              [110.89252120000003, -7.489682899999934],
              [110.88919110000006, -7.49160889999996],
              [110.88339810000008, -7.491663199999948],
              [110.88236240000003, -7.491372099999978],
              [110.88320920000007, -7.487838199999942],
              [110.88123830000006, -7.486303899999939],
              [110.87691620000004, -7.488303199999962],
              [110.87492510000004, -7.486257599999931],
              [110.871788, -7.488429499999938],
              [110.871504, -7.485186299999953],
              [110.86619380000008, -7.482872099999952],
              [110.86381280000006, -7.479769699999963],
              [110.86507410000007, -7.475833399999942],
              [110.86372120000004, -7.472997699999951],
              [110.85747530000003, -7.473139699999933],
              [110.85752820000005, -7.469464899999934],
              [110.85557530000005, -7.468496399999935],
              [110.85370640000008, -7.469658299999935],
              [110.85109710000006, -7.46764369999994],
              [110.84755710000007, -7.469392299999981],
              [110.84797670000006, -7.471321099999955],
              [110.84116270000004, -7.459891899999946],
              [110.82808680000005, -7.457488],
              [110.82588960000004, -7.458505099999968],
              [110.82447820000004, -7.456114299999967],
              [110.82342530000005, -7.457949099999951],
              [110.81859590000005, -7.459554199999957],
              [110.81080630000008, -7.459624799999972],
              [110.80888140000008, -7.458295299999975],
              [110.80038450000006, -7.460523099999932],
              [110.79779810000008, -7.45977019999998],
              [110.79612730000008, -7.461554499999977],
              [110.79280090000009, -7.459955699999966],
              [110.79233550000004, -7.457638199999963],
              [110.78969570000004, -7.458721099999934],
              [110.78491970000005, -7.454128699999956],
              [110.78076930000009, -7.452895099999978],
              [110.77822150000009, -7.445614899999953],
              [110.77408190000006, -7.444313099999931],
              [110.771376, -7.441380199999969],
              [110.77230070000007, -7.437193399999956],
              [110.77526090000003, -7.435541099999966],
              [110.78061670000005, -7.436479499999962],
              [110.78233740000007, -7.432993499999952],
              [110.78208440000009, -7.431131799999946],
              [110.774489, -7.429091099999937],
              [110.76909640000008, -7.418044499999951],
              [110.77285060000008, -7.418731799999932],
              [110.77467030000008, -7.41749909999993],
              [110.77281190000008, -7.413285199999962],
              [110.77257540000005, -7.392855099999963],
              [110.77636880000006, -7.38788889999995],
              [110.781517, -7.386292],
              [110.78801560000005, -7.379983399999958],
              [110.78839340000007, -7.377769],
              [110.79895130000006, -7.369519399999945],
              [110.80256960000008, -7.368451],
              [110.79519810000005, -7.366735199999937],
              [110.79453530000006, -7.364348399999926],
              [110.79256440000006, -7.365227699999934],
              [110.79263310000005, -7.362967],
              [110.78863480000007, -7.361951499999975],
              [110.79063420000006, -7.354266099999961],
              [110.79667170000005, -7.350983699999972],
              [110.79799650000007, -7.341026799999952],
              [110.80318450000004, -7.327732599999933],
              [110.80147550000004, -7.317465299999981],
              [110.79813390000004, -7.312731699999972],
              [110.79711910000009, -7.30782789999995],
              [110.80581660000007, -7.305237299999931],
              [110.80767060000005, -7.306060299999956],
              [110.81050110000007, -7.303035199999954],
              [110.814888, -7.302466799999934],
              [110.81460570000007, -7.307506499999931],
              [110.80916590000004, -7.308644299999969],
              [110.81478880000009, -7.309083],
              [110.81104280000005, -7.312951099999964],
              [110.81414030000008, -7.311736099999962],
              [110.81434630000007, -7.313866099999927],
              [110.81723790000007, -7.310469099999978],
              [110.81620020000008, -7.308559399999979],
              [110.818512, -7.303648399999929],
              [110.81912990000006, -7.307586199999946],
              [110.82135010000007, -7.304458599999975],
              [110.82587430000007, -7.305444699999953],
              [110.82140350000009, -7.307211799999948],
              [110.81881710000005, -7.311580099999958],
              [110.82147220000007, -7.309518799999978],
              [110.82236480000006, -7.311842399999932],
              [110.823143, -7.309822499999939],
              [110.82569120000005, -7.310142499999927],
              [110.82294460000008, -7.311689399999977],
              [110.82715610000008, -7.312904799999956],
              [110.82889560000007, -7.311966899999959],
              [110.82804870000007, -7.312756],
              [110.83381650000007, -7.315087799999958],
              [110.83684540000007, -7.313577599999974],
              [110.83516690000005, -7.315302799999927],
              [110.83702850000009, -7.315032899999949],
              [110.83665470000005, -7.316730499999949],
              [110.838829, -7.314980899999966],
              [110.83787530000006, -7.316718099999946],
              [110.83932490000007, -7.317013299999928],
              [110.83943940000006, -7.319089399999939],
              [110.83745580000004, -7.31924859999998],
              [110.83560940000007, -7.322052],
              [110.82427980000006, -7.320661499999972],
              [110.82472990000008, -7.321948499999962],
              [110.82015230000007, -7.32220929999994],
              [110.82102970000005, -7.32413379999997],
              [110.83012390000005, -7.321846499999936],
              [110.83231350000005, -7.322657099999958],
              [110.82661610000008, -7.32783429999995],
              [110.83143620000004, -7.324029399999972],
              [110.83551030000007, -7.324160099999972],
              [110.83382420000004, -7.325914399999931],
              [110.83470920000008, -7.326417399999968],
              [110.83281710000006, -7.326900899999941],
              [110.83303070000005, -7.328625699999975],
              [110.83494570000005, -7.327750199999969],
              [110.83596040000003, -7.330417599999976],
              [110.83776090000003, -7.329371899999956],
              [110.83795170000008, -7.330397599999969],
              [110.83495330000005, -7.333600499999932],
              [110.833847, -7.339518],
              [110.83178710000004, -7.339936699999953],
              [110.83422090000005, -7.341655699999933],
              [110.83305360000008, -7.34466649999996],
              [110.834671, -7.343618799999945],
              [110.83513640000007, -7.339442199999951],
              [110.83743290000007, -7.338847099999953],
              [110.83863830000007, -7.331372699999974],
              [110.84248350000007, -7.333582799999931],
              [110.84516910000008, -7.331905799999959],
              [110.840538, -7.331039399999952],
              [110.839798, -7.330162],
              [110.84269710000007, -7.329115799999954],
              [110.842598, -7.327762599999971],
              [110.83876040000007, -7.326906199999939],
              [110.83687590000005, -7.322799199999963],
              [110.83937070000007, -7.323857799999928],
              [110.84432220000008, -7.322962699999948],
              [110.839798, -7.322120599999948],
              [110.83927920000008, -7.320543699999973],
              [110.84638980000005, -7.319405499999959],
              [110.84848020000004, -7.317329399999949],
              [110.84963230000005, -7.317165799999941],
              [110.84979250000004, -7.319264399999952],
              [110.85333250000008, -7.318478099999936],
              [110.85079190000005, -7.316660399999932],
              [110.85359950000009, -7.316733299999953],
              [110.85424040000004, -7.318128099999967],
              [110.86121370000006, -7.316390499999954],
              [110.84435270000006, -7.316359],
              [110.841713, -7.313910899999939],
              [110.84616090000009, -7.31160159999996],
              [110.85688780000004, -7.311764699999969],
              [110.84878540000005, -7.309899799999926],
              [110.85090640000004, -7.309018599999945],
              [110.84820560000009, -7.310093399999971],
              [110.84678650000006, -7.308959],
              [110.84378050000004, -7.310952599999951],
              [110.842659, -7.308536],
              [110.84014890000009, -7.311980199999937],
              [110.84024050000005, -7.309870199999978],
              [110.83637240000007, -7.312906199999929],
              [110.83609770000004, -7.311480499999959],
              [110.83805850000005, -7.310906399999965],
              [110.83701320000006, -7.308840699999962],
              [110.83010870000004, -7.30664969999998],
              [110.83718110000007, -7.305668799999978],
              [110.83849330000004, -7.307188],
              [110.83804320000007, -7.305237299999931],
              [110.84152980000005, -7.305236799999932],
              [110.84076690000006, -7.303414299999929],
              [110.84759520000006, -7.304179199999965],
              [110.84244540000009, -7.301526],
              [110.83630370000009, -7.30298659999994],
              [110.837616, -7.299747],
              [110.83560180000006, -7.29962919999997],
              [110.83581540000006, -7.301310499999943],
              [110.83282470000006, -7.302288],
              [110.83287810000007, -7.300720199999944],
              [110.83000180000005, -7.300197599999933],
              [110.83200070000004, -7.299599599999965],
              [110.83156580000008, -7.297513],
              [110.82972720000004, -7.29862879999996],
              [110.82813260000006, -7.296210299999927],
              [110.82506560000007, -7.296669],
              [110.82711790000008, -7.295749599999965],
              [110.82421110000007, -7.293995799999948],
              [110.82857510000008, -7.293482299999937],
              [110.83014680000008, -7.296697599999959],
              [110.83223720000007, -7.294554199999936],
              [110.83250430000004, -7.297091899999941],
              [110.83525850000007, -7.298266399999932],
              [110.83525080000004, -7.295299499999942],
              [110.83696750000007, -7.294835499999976],
              [110.83628080000005, -7.292080799999951],
              [110.83478550000007, -7.292471399999954],
              [110.83659360000007, -7.29055349999993],
              [110.83858490000006, -7.296436299999925],
              [110.84178160000005, -7.296307099999979],
              [110.84248350000007, -7.298352199999954],
              [110.84490970000007, -7.297354699999971],
              [110.84088130000004, -7.294033499999955],
              [110.84175110000007, -7.293351599999937],
              [110.83982080000004, -7.292504799999961],
              [110.83895870000003, -7.289333299999953],
              [110.842247, -7.290492499999971],
              [110.84450530000004, -7.285513899999955],
              [110.84072110000005, -7.287627199999974],
              [110.84043880000007, -7.282922299999939],
              [110.83785250000005, -7.286225799999954],
              [110.83338930000008, -7.287038299999949],
              [110.83338930000008, -7.28387639999994],
              [110.83577730000007, -7.284318399999961],
              [110.83681490000004, -7.281487],
              [110.83380890000007, -7.282032499999957],
              [110.83501430000007, -7.280126099999961],
              [110.83294680000006, -7.280200499999978],
              [110.83259580000004, -7.278106699999967],
              [110.82924650000007, -7.27562949999998],
              [110.83029940000006, -7.275213199999939],
              [110.82897180000003, -7.272482399999944],
              [110.834259, -7.276860199999931],
              [110.83058930000004, -7.268407299999978],
              [110.83227540000007, -7.268759199999977],
              [110.83367160000006, -7.263877799999932],
              [110.83754730000004, -7.265287399999977],
              [110.83674620000005, -7.267486099999928],
              [110.83996580000007, -7.266881],
              [110.84030920000004, -7.269385299999954],
              [110.84228510000008, -7.268584699999963],
              [110.84120940000008, -7.271386099999972],
              [110.84323880000005, -7.275784499999929],
              [110.84471890000009, -7.269761099999926],
              [110.84935, -7.271967899999936],
              [110.85031130000004, -7.270177299999943],
              [110.85231780000004, -7.271401899999944],
              [110.85355380000004, -7.269729599999948],
              [110.85779570000005, -7.271109099999933],
              [110.86685940000007, -7.265131399999973],
              [110.86931610000005, -7.266118],
              [110.87123110000005, -7.269578899999942],
              [110.869812, -7.272855299999947],
              [110.87496180000005, -7.276488299999926],
              [110.87699890000005, -7.277292699999975],
              [110.87696840000007, -7.275078299999961],
              [110.87950130000007, -7.274012599999935],
              [110.88880160000008, -7.272737],
              [110.89440160000004, -7.273718799999926],
              [110.90061190000006, -7.275818299999969],
              [110.90068820000005, -7.281190399999957],
              [110.90447230000007, -7.283207399999981],
              [110.90850070000005, -7.281331499999965],
              [110.91735080000007, -7.282009599999981],
              [110.91933440000008, -7.280643899999973],
              [110.92218020000007, -7.269755799999928],
              [110.92863460000007, -7.277401899999973],
              [110.93191530000007, -7.276110599999981],
              [110.93847660000006, -7.277828199999931],
              [110.94444270000008, -7.277122499999962],
              [110.94792180000007, -7.281345299999941],
              [110.955368, -7.28271239999998],
              [110.96410370000007, -7.276037199999962],
              [110.96834560000008, -7.275498399999947],
              [110.970993, -7.277550699999949],
              [110.97732540000004, -7.276204599999971],
              [110.981575, -7.277307],
              [110.98626710000008, -7.274789299999952],
              [110.99521640000006, -7.273437899999976],
              [110.99642180000006, -7.267665799999975],
              [111.00558470000004, -7.26607649999994],
              [111.007225, -7.260866599999929],
              [111.01297760000006, -7.262141199999974],
              [111.01805110000004, -7.258893499999942],
              [111.02096550000005, -7.260689199999945],
              [111.02338410000004, -7.25816059999994],
              [111.02986910000004, -7.256733899999972],
              [111.03311920000004, -7.257889199999966],
              [111.031929, -7.264051399999971],
              [111.03953550000006, -7.266683499999942],
              [111.04490660000005, -7.266134199999954],
              [111.05406950000008, -7.268197],
              [111.05815120000005, -7.270437199999947],
              [111.06493380000006, -7.267380199999934],
              [111.07162480000005, -7.267145099999937],
              [111.07447050000007, -7.263440599999967],
              [111.07958220000006, -7.261681],
              [111.07872010000006, -7.257393299999933],
              [111.08020020000004, -7.254268599999932],
              [111.08467860000007, -7.254773099999966],
              [111.08837890000007, -7.251815699999952],
              [111.09551240000008, -7.252357],
              [111.09803770000008, -7.249121199999934],
              [111.10218810000003, -7.247609599999976],
              [111.10807040000009, -7.248066899999969]
            ]
          ],
          [
            [
              [110.80583190000004, -7.266713099999947],
              [110.80625150000009, -7.267908599999942],
              [110.809349, -7.267325399999947],
              [110.81057740000006, -7.268824599999959],
              [110.81751250000008, -7.269588899999974],
              [110.80718230000008, -7.27132649999993],
              [110.80818180000006, -7.271866299999942],
              [110.80658720000008, -7.273115599999926],
              [110.81068420000008, -7.273321099999976],
              [110.805336, -7.277097199999957],
              [110.81350710000004, -7.27525989999998],
              [110.81362920000004, -7.276298499999939],
              [110.80944060000007, -7.281011599999943],
              [110.81039430000004, -7.282910799999968],
              [110.80880740000003, -7.281424],
              [110.80788420000005, -7.283213599999954],
              [110.80592350000006, -7.282372],
              [110.80349730000006, -7.285376099999951],
              [110.804306, -7.286054599999943],
              [110.80152130000005, -7.287470299999939],
              [110.80548860000005, -7.287475099999938],
              [110.80648040000005, -7.285541],
              [110.80858610000007, -7.28785229999994],
              [110.81046290000006, -7.28684039999996],
              [110.81137080000008, -7.291415699999959],
              [110.80733490000006, -7.293220499999961],
              [110.80762480000004, -7.29530189999997],
              [110.80964660000006, -7.294398299999955],
              [110.81055450000008, -7.296396299999969],
              [110.814125, -7.290688],
              [110.81401820000008, -7.293686799999932],
              [110.81658940000005, -7.29553889999994],
              [110.81613160000006, -7.296601799999962],
              [110.81311040000008, -7.294579499999941],
              [110.81336970000007, -7.297441399999968],
              [110.80621340000005, -7.300031599999954],
              [110.806282, -7.302015799999936],
              [110.80371860000008, -7.300370199999975],
              [110.80374140000004, -7.302498299999968],
              [110.80570980000005, -7.303656499999931],
              [110.79785920000006, -7.30602829999998],
              [110.79272460000004, -7.289459699999952],
              [110.79438780000004, -7.284032299999978],
              [110.793457, -7.276862599999959],
              [110.79673770000005, -7.273922899999945],
              [110.79768370000005, -7.274696799999958],
              [110.79828640000005, -7.272735099999977],
              [110.80027770000004, -7.272241099999974],
              [110.80166620000006, -7.273965799999928],
              [110.80471040000003, -7.267276299999935],
              [110.80329130000007, -7.26585579999994],
              [110.80583190000004, -7.266713099999947]
            ]
          ]
        ]
      }
    },
    {
      "type": "Feature",
      "properties": {
        "ADM0_EN": "Indonesia",
        "date": "2019-12-20",
        "validOn": "2020-04-01",
        "PROVINCE": "Jawa Tengah",
        "Kabupaten": "Jepara",
        "PRV2": "Jawa_Tengah",
        "layer": "Jawa_Tengah_ADMIN_BPS",
        "path": "D:/rudi/Jawa_Tengah_ADMIN_BPS.shp",
        "listkodim_Kodim": "Kodim 0719/Jepara",
        "listkodim_Korem": "Korem 073/Makutarama"
      },
      "geometry": {
        "type": "MultiPolygon",
        "coordinates": [
          [
            [
              [110.34279970000006, -5.891054099999963],
              [110.34187250000008, -5.890664199999947],
              [110.34378170000008, -5.890580099999966],
              [110.34279970000006, -5.891054099999963]
            ]
          ],
          [
            [
              [110.40537070000005, -5.894001099999969],
              [110.40944380000008, -5.885808399999974],
              [110.41117770000005, -5.885556299999962],
              [110.41109640000008, -5.892877099999964],
              [110.40668470000008, -5.896475599999974],
              [110.40537070000005, -5.894001099999969]
            ]
          ],
          [
            [
              [110.35271590000008, -5.879856399999937],
              [110.35449270000004, -5.874433799999963],
              [110.35716710000008, -5.872664099999952],
              [110.35581480000008, -5.879646599999944],
              [110.35271590000008, -5.879856399999937]
            ]
          ],
          [
            [
              [110.230132, -5.863069],
              [110.22988130000005, -5.86210989999995],
              [110.23225970000004, -5.862496699999951],
              [110.230132, -5.863069]
            ]
          ],
          [
            [
              [110.23901320000004, -5.848245299999974],
              [110.23988020000007, -5.847746399999949],
              [110.23944040000003, -5.849777399999937],
              [110.23901320000004, -5.848245299999974]
            ]
          ],
          [
            [
              [110.37800320000008, -5.831289599999934],
              [110.37869220000005, -5.830461799999966],
              [110.37805410000004, -5.832484499999964],
              [110.37800320000008, -5.831289599999934]
            ]
          ],
          [
            [
              [110.19293190000008, -5.811563699999965],
              [110.19566380000003, -5.815500899999961],
              [110.19455330000005, -5.817236499999979],
              [110.18774890000009, -5.819685099999958],
              [110.18242930000008, -5.819394199999977],
              [110.180701, -5.817548],
              [110.18827660000005, -5.809489099999951],
              [110.19041280000005, -5.809320099999979],
              [110.19293190000008, -5.811563699999965]
            ]
          ],
          [
            [
              [110.372314, -5.806938599999967],
              [110.37547970000008, -5.80384609999993],
              [110.37424140000007, -5.80706129999993],
              [110.372314, -5.806938599999967]
            ]
          ],
          [
            [
              [110.16270450000007, -5.799609299999929],
              [110.16375710000005, -5.799796899999933],
              [110.16322360000004, -5.801594499999965],
              [110.16270450000007, -5.799609299999929]
            ]
          ],
          [
            [
              [110.34682220000008, -5.796402199999932],
              [110.34516810000008, -5.798946499999943],
              [110.34196490000005, -5.798893199999952],
              [110.34219920000004, -5.796115799999939],
              [110.34487650000005, -5.794068799999934],
              [110.34693950000008, -5.794914399999925],
              [110.34682220000008, -5.796402199999932]
            ]
          ],
          [
            [
              [110.23364230000004, -5.770026399999949],
              [110.23862240000005, -5.766798],
              [110.23874940000007, -5.76887789999995],
              [110.23364230000004, -5.770026399999949]
            ]
          ],
          [
            [
              [110.25157, -5.734913699999936],
              [110.24804940000007, -5.737425099999939],
              [110.24738620000005, -5.740649499999961],
              [110.25057870000006, -5.750873499999955],
              [110.25441380000007, -5.755916499999955],
              [110.24582420000007, -5.762717699999939],
              [110.23979620000006, -5.749000099999932],
              [110.23890210000008, -5.749602699999969],
              [110.23654990000006, -5.746669899999972],
              [110.23439910000008, -5.740328799999929],
              [110.23110840000004, -5.737875499999973],
              [110.24046220000008, -5.735098599999958],
              [110.24015690000004, -5.729368299999976],
              [110.24636810000004, -5.731176799999957],
              [110.24816760000004, -5.729781399999979],
              [110.24898830000006, -5.725698],
              [110.25070540000007, -5.727534099999957],
              [110.25157, -5.734913699999936]
            ]
          ],
          [
            [
              [110.18982670000008, -5.739206499999966],
              [110.19140730000004, -5.742868],
              [110.19003730000009, -5.739809299999934],
              [110.18586050000005, -5.738256499999977],
              [110.18682270000005, -5.736271199999976],
              [110.18982670000008, -5.739206499999966]
            ]
          ],
          [
            [
              [110.41188490000008, -5.736071299999935],
              [110.41187740000004, -5.741861399999948],
              [110.40951790000008, -5.745623199999955],
              [110.40738720000007, -5.746311099999957],
              [110.40275230000009, -5.733285799999976],
              [110.407074, -5.73415609999995],
              [110.40881840000009, -5.731410099999948],
              [110.41188490000008, -5.736071299999935]
            ]
          ],
          [
            [
              [110.40205590000005, -5.731927699999972],
              [110.40242430000006, -5.732510399999967],
              [110.40169760000003, -5.73249839999994],
              [110.40205590000005, -5.731927699999972]
            ]
          ],
          [
            [
              [110.92318410000007, -6.40706339999997],
              [110.95371260000007, -6.413511799999981],
              [110.96218340000007, -6.412821699999938],
              [110.96551470000009, -6.409633299999939],
              [110.97086850000005, -6.408443499999976],
              [110.97505630000006, -6.410037799999941],
              [110.97612, -6.423165299999937],
              [110.97182460000005, -6.430307899999946],
              [110.97394560000004, -6.430615899999964],
              [110.97383120000006, -6.431828899999971],
              [110.97174830000006, -6.432964799999979],
              [110.97681430000006, -6.43627639999994],
              [110.97296140000009, -6.43994379999998],
              [110.97376250000008, -6.441666599999962],
              [110.97197720000008, -6.44477889999996],
              [110.97389980000008, -6.44597239999996],
              [110.97211460000005, -6.447716699999944],
              [110.97122950000005, -6.453192199999933],
              [110.97386930000005, -6.455650799999944],
              [110.96967310000008, -6.458379699999966],
              [110.97054290000005, -6.459554599999933],
              [110.96875, -6.460909799999968],
              [110.96875, -6.464018799999963],
              [110.96522520000008, -6.462807599999962],
              [110.96501880000005, -6.464851199999941],
              [110.96223260000005, -6.466602299999977],
              [110.95714570000007, -6.467136799999935],
              [110.95615390000006, -6.46929259999996],
              [110.95813750000008, -6.470229599999925],
              [110.95378870000008, -6.473268],
              [110.95493310000006, -6.474847299999965],
              [110.95359150000007, -6.477298899999937],
              [110.94323730000008, -6.48668],
              [110.93792140000005, -6.483355099999926],
              [110.93485780000009, -6.487642899999969],
              [110.93458820000006, -6.490935199999967],
              [110.92951960000005, -6.495688],
              [110.91963670000007, -6.496936199999936],
              [110.91474390000008, -6.495863199999974],
              [110.91255950000004, -6.499658599999975],
              [110.91331910000008, -6.50587059999998],
              [110.91148570000007, -6.512882599999955],
              [110.90989, -6.51214],
              [110.911026, -6.518046399999946],
              [110.90880590000006, -6.520572699999946],
              [110.909996, -6.523036899999965],
              [110.90864560000006, -6.524301499999979],
              [110.91407010000006, -6.528666],
              [110.91780850000004, -6.540288399999952],
              [110.91336820000004, -6.542091299999981],
              [110.91177370000008, -6.544545099999937],
              [110.90876770000006, -6.556433199999958],
              [110.91063690000004, -6.569000699999947],
              [110.90956120000004, -6.571528899999976],
              [110.91214750000006, -6.576906199999939],
              [110.90977480000004, -6.591133099999979],
              [110.91200260000005, -6.600664599999959],
              [110.90801240000008, -6.606406199999981],
              [110.90787510000007, -6.61412189999993],
              [110.90061950000006, -6.624559399999953],
              [110.89581860000004, -6.624562199999957],
              [110.89597510000004, -6.621679099999938],
              [110.891528, -6.623480799999925],
              [110.884558, -6.621376199999929],
              [110.885098, -6.625161699999978],
              [110.88233370000006, -6.625581699999941],
              [110.88005250000003, -6.616267799999946],
              [110.87614690000004, -6.615605899999935],
              [110.87362310000009, -6.615785499999959],
              [110.87683850000008, -6.618354099999976],
              [110.87145920000006, -6.618308599999978],
              [110.87151860000006, -6.621072599999934],
              [110.86635030000008, -6.623294399999963],
              [110.86358510000008, -6.627079],
              [110.86216290000004, -6.623939899999925],
              [110.85980050000006, -6.623292599999957],
              [110.85919280000007, -6.647026299999936],
              [110.85606740000009, -6.649128399999938],
              [110.85098270000009, -6.649018699999942],
              [110.84721370000005, -6.651836399999979],
              [110.85054780000007, -6.664940799999954],
              [110.84314730000006, -6.668397399999947],
              [110.83889770000008, -6.68056009999998],
              [110.83336640000005, -6.688889],
              [110.83685850000006, -6.693072399999949],
              [110.83594510000006, -6.69626089999997],
              [110.83912660000004, -6.699665499999981],
              [110.83865360000004, -6.703161199999954],
              [110.82466890000006, -6.704261299999928],
              [110.82043720000007, -6.708658499999956],
              [110.82306670000008, -6.71565529999998],
              [110.827095, -6.720801799999947],
              [110.82395840000004, -6.730572],
              [110.82533260000008, -6.73633],
              [110.82910150000004, -6.738310299999966],
              [110.83130650000004, -6.736478799999929],
              [110.83690640000009, -6.737947],
              [110.83049010000008, -6.750280399999951],
              [110.83020780000004, -6.754680099999973],
              [110.82827760000004, -6.755569],
              [110.81444550000003, -6.749215099999958],
              [110.806692, -6.751499199999955],
              [110.79803470000007, -6.758565399999952],
              [110.792944, -6.752920599999925],
              [110.79006930000008, -6.756897299999935],
              [110.78745970000006, -6.756412699999942],
              [110.78707560000004, -6.75877719999994],
              [110.78369890000005, -6.761249699999951],
              [110.78228650000005, -6.760034],
              [110.78099280000004, -6.761881199999948],
              [110.77851230000005, -6.761832199999958],
              [110.76752840000006, -6.769763599999976],
              [110.764368, -6.782845799999961],
              [110.762046, -6.784339599999953],
              [110.75767830000007, -6.793998699999975],
              [110.75423430000006, -6.793396],
              [110.75107570000006, -6.796255599999938],
              [110.74826050000007, -6.794684899999936],
              [110.74217990000005, -6.796358599999962],
              [110.74131780000005, -6.794177499999932],
              [110.73654170000009, -6.794035399999927],
              [110.73370360000007, -6.791722299999947],
              [110.72944640000009, -6.793328699999961],
              [110.72119330000004, -6.788509399999953],
              [110.71766910000008, -6.789211899999941],
              [110.71531680000004, -6.792182899999943],
              [110.71342470000008, -6.791277399999956],
              [110.71311950000006, -6.788989499999957],
              [110.71166230000006, -6.789157899999964],
              [110.70522310000007, -6.794805],
              [110.703453, -6.793589099999963],
              [110.70120240000006, -6.784642699999949],
              [110.69863890000005, -6.782594199999949],
              [110.69963840000008, -6.776728599999956],
              [110.69427490000004, -6.775393899999926],
              [110.69509670000008, -6.768547099999978],
              [110.69142150000005, -6.769208399999968],
              [110.68738560000008, -6.766369299999951],
              [110.68389890000009, -6.770174],
              [110.67852020000004, -6.76680609999994],
              [110.67745650000006, -6.762852499999951],
              [110.67496490000008, -6.764898799999969],
              [110.67450730000007, -6.768236599999966],
              [110.67346840000005, -6.766408399999932],
              [110.67130280000003, -6.766832799999975],
              [110.66692350000005, -6.764528699999971],
              [110.66996, -6.761451199999954],
              [110.66985320000003, -6.758998799999972],
              [110.66513830000008, -6.757210199999975],
              [110.664711, -6.75527],
              [110.66908260000008, -6.752981199999965],
              [110.67011260000004, -6.747860899999978],
              [110.66598510000006, -6.740582],
              [110.66983610000005, -6.73589579999998],
              [110.67162120000006, -6.725590499999953],
              [110.67102810000006, -6.722322],
              [110.66608430000008, -6.717540699999972],
              [110.65608210000005, -6.71527],
              [110.64958190000004, -6.716356699999949],
              [110.645195, -6.713006499999949],
              [110.63849640000007, -6.713150499999927],
              [110.63514710000004, -6.710321399999941],
              [110.62402340000006, -6.708936199999926],
              [110.61806490000004, -6.70612],
              [110.62146840000008, -6.710024699999963],
              [110.61636350000003, -6.715472699999964],
              [110.611557, -6.716623799999979],
              [110.60940010000007, -6.72009],
              [110.60569760000004, -6.720967799999926],
              [110.60471340000004, -6.724591199999963],
              [110.60065460000004, -6.724413399999946],
              [110.598732, -6.72650909999993],
              [110.59225710000004, -6.724284799999964],
              [110.60084350000005, -6.719859299999939],
              [110.61000440000004, -6.709716899999933],
              [110.61495, -6.70689],
              [110.61717250000004, -6.701180499999964],
              [110.63415910000003, -6.677811299999973],
              [110.64579870000006, -6.652695899999969],
              [110.64622680000008, -6.645727199999953],
              [110.64394250000004, -6.641015399999958],
              [110.64068660000004, -6.638451499999974],
              [110.64021210000004, -6.634257199999979],
              [110.63762420000006, -6.630726],
              [110.63825510000004, -6.618801499999961],
              [110.63978740000005, -6.61739069999993],
              [110.64375830000006, -6.61868359999994],
              [110.64690050000007, -6.617540599999927],
              [110.65356990000004, -6.608741399999928],
              [110.65578470000008, -6.597099899999932],
              [110.654938, -6.593127899999956],
              [110.645282, -6.58918749999998],
              [110.64390910000009, -6.585123899999928],
              [110.64492910000007, -6.583376499999929],
              [110.64850920000003, -6.586075499999936],
              [110.65505790000009, -6.584725799999944],
              [110.65925440000007, -6.580250599999943],
              [110.66186330000005, -6.573585299999934],
              [110.65979370000008, -6.568624099999965],
              [110.64789560000008, -6.560302899999954],
              [110.644784, -6.556421499999942],
              [110.64649010000005, -6.553781299999969],
              [110.653691, -6.553669299999967],
              [110.655788, -6.544608599999947],
              [110.66064920000008, -6.545518499999957],
              [110.66588750000005, -6.541195399999935],
              [110.66489, -6.5328],
              [110.66847360000008, -6.533059499999979],
              [110.67200880000007, -6.536189899999954],
              [110.67718060000004, -6.533858599999974],
              [110.68186, -6.52771],
              [110.68344260000003, -6.518567599999926],
              [110.68230130000006, -6.513702799999976],
              [110.67833320000005, -6.511947899999939],
              [110.67434520000006, -6.513161299999979],
              [110.66662350000007, -6.50977649999993],
              [110.66422, -6.50325],
              [110.66509080000009, -6.50232],
              [110.66758, -6.50109],
              [110.66941460000004, -6.502931899999965],
              [110.67295770000004, -6.502761599999928],
              [110.67253640000007, -6.498972499999979],
              [110.675993, -6.496505499999955],
              [110.68440520000007, -6.49707849999993],
              [110.68774590000004, -6.49985769999995],
              [110.6902, -6.49876],
              [110.69149, -6.49444],
              [110.68987990000005, -6.488386],
              [110.69474, -6.48575],
              [110.702707, -6.474820899999941],
              [110.70684820000008, -6.475720399999943],
              [110.71154, -6.47178],
              [110.71369940000005, -6.468214199999977],
              [110.71262, -6.46555],
              [110.71397230000008, -6.457731699999954],
              [110.71771290000004, -6.452534899999932],
              [110.72412310000004, -6.447495199999935],
              [110.733004, -6.445160199999975],
              [110.73520190000005, -6.442898099999979],
              [110.75633150000004, -6.442184299999951],
              [110.77574790000006, -6.432347599999957],
              [110.78494, -6.42566],
              [110.799276, -6.427522],
              [110.81226790000005, -6.426108599999964],
              [110.8191, -6.423131499999954],
              [110.83606730000008, -6.407777299999964],
              [110.83926520000006, -6.409476199999972],
              [110.84015040000008, -6.408291199999951],
              [110.86263630000008, -6.406592299999943],
              [110.86681940000005, -6.40856249999996],
              [110.88496520000007, -6.409390599999938],
              [110.90176890000004, -6.404593599999941],
              [110.91401, -6.40516],
              [110.91749, -6.40284],
              [110.92318410000007, -6.40706339999997]
            ]
          ],
          [
            [
              [110.62964120000004, -6.573885799999971],
              [110.63156790000005, -6.577742499999943],
              [110.62553780000007, -6.575580899999977],
              [110.62637730000006, -6.573784],
              [110.62964120000004, -6.573885799999971]
            ]
          ],
          [
            [
              [110.91905970000005, -6.38363309999994],
              [110.92120360000007, -6.380775399999948],
              [110.92359160000007, -6.380951899999957],
              [110.92019650000009, -6.385189499999967],
              [110.91905970000005, -6.38363309999994]
            ]
          ],
          [
            [
              [110.43164790000009, -5.888365499999964],
              [110.43411310000005, -5.891904199999942],
              [110.43352920000007, -5.896149199999968],
              [110.43069860000008, -5.893029299999966],
              [110.42774750000007, -5.892273899999964],
              [110.42591730000004, -5.887198799999965],
              [110.42288070000006, -5.88783989999996],
              [110.42625280000004, -5.884458299999949],
              [110.42578380000003, -5.881308499999932],
              [110.429141, -5.883698099999947],
              [110.43164790000009, -5.888365499999964]
            ]
          ],
          [
            [
              [110.58207690000006, -5.860364599999969],
              [110.58475670000007, -5.861984599999971],
              [110.58485140000005, -5.866988699999979],
              [110.57881250000008, -5.860182799999961],
              [110.58207690000006, -5.860364599999969]
            ]
          ],
          [
            [
              [110.48760290000007, -5.854910199999949],
              [110.48908810000006, -5.857446399999958],
              [110.48584960000005, -5.860370299999943],
              [110.48457290000005, -5.858174],
              [110.48760290000007, -5.854910199999949]
            ]
          ],
          [
            [
              [110.60589450000003, -5.842453299999931],
              [110.60750880000006, -5.846932899999956],
              [110.60680350000007, -5.85143329999994],
              [110.60342260000004, -5.863082799999972],
              [110.59990480000005, -5.866318699999965],
              [110.59790320000008, -5.861730699999953],
              [110.60037280000006, -5.855886199999929],
              [110.59899550000006, -5.854336399999966],
              [110.601253, -5.841336199999944],
              [110.602374, -5.839721],
              [110.60589450000003, -5.842453299999931]
            ]
          ],
          [
            [
              [110.58549370000009, -5.844447799999955],
              [110.58416730000005, -5.845804699999974],
              [110.58256530000006, -5.844653899999969],
              [110.58430770000007, -5.843528699999979],
              [110.58549370000009, -5.844447799999955]
            ]
          ],
          [
            [
              [110.48669510000008, -5.771123699999976],
              [110.48412030000009, -5.77355069999993],
              [110.48220270000007, -5.780861499999958],
              [110.47625570000008, -5.786904799999945],
              [110.47477920000006, -5.793835599999966],
              [110.47743560000004, -5.798534099999927],
              [110.48038940000004, -5.798547099999951],
              [110.48394250000007, -5.802614099999971],
              [110.48681470000008, -5.80250419999993],
              [110.48894630000007, -5.807521899999927],
              [110.48706230000005, -5.811235899999929],
              [110.49359990000005, -5.815500099999952],
              [110.49472160000005, -5.818459399999938],
              [110.49019010000006, -5.82238609999996],
              [110.48287050000005, -5.823730599999976],
              [110.48349020000006, -5.827917799999966],
              [110.48177050000004, -5.830587899999955],
              [110.48517020000008, -5.835064299999942],
              [110.48469830000005, -5.836947399999929],
              [110.46817580000004, -5.830984699999931],
              [110.47444070000006, -5.842813499999977],
              [110.47690250000005, -5.844556],
              [110.47494070000005, -5.843673799999976],
              [110.47344360000005, -5.848800799999935],
              [110.47740540000007, -5.853369799999939],
              [110.47508430000005, -5.854104699999937],
              [110.47444860000007, -5.856192299999975],
              [110.47193590000006, -5.854275799999925],
              [110.46784660000009, -5.854865599999926],
              [110.46518580000009, -5.858189799999934],
              [110.46559030000009, -5.862745399999937],
              [110.46414810000005, -5.863726699999972],
              [110.46128670000007, -5.86293569999998],
              [110.45339250000006, -5.865937499999973],
              [110.446935, -5.863198099999977],
              [110.44878880000005, -5.869833],
              [110.44606380000005, -5.875839],
              [110.44965250000007, -5.88547479999994],
              [110.44791130000004, -5.889004599999964],
              [110.44602290000006, -5.886218499999927],
              [110.44084240000007, -5.883147799999961],
              [110.44020430000006, -5.884140899999977],
              [110.435442, -5.880259099999932],
              [110.43116420000007, -5.881911099999968],
              [110.43296180000004, -5.873226299999942],
              [110.42922380000005, -5.86227839999998],
              [110.43132240000006, -5.858796],
              [110.41821490000007, -5.844955199999958],
              [110.41033, -5.840039299999944],
              [110.43563530000006, -5.834102399999949],
              [110.44337780000006, -5.834539599999971],
              [110.45434750000004, -5.82971619999995],
              [110.45971790000004, -5.825181799999939],
              [110.46320960000008, -5.825062399999979],
              [110.475687, -5.81901309999995],
              [110.47940870000008, -5.808624399999928],
              [110.47648690000005, -5.801935],
              [110.47242350000005, -5.797747299999969],
              [110.47157710000005, -5.798936699999956],
              [110.47658090000004, -5.806217],
              [110.47743330000009, -5.811849399999971],
              [110.47571570000008, -5.814534799999933],
              [110.46982270000007, -5.814811499999962],
              [110.46744760000007, -5.813042499999938],
              [110.47023360000009, -5.807658899999979],
              [110.46876560000004, -5.805387699999926],
              [110.46401720000006, -5.81314969999994],
              [110.46084540000004, -5.811932],
              [110.46182140000008, -5.80325849999997],
              [110.46072140000007, -5.800582799999972],
              [110.45902420000004, -5.807537899999943],
              [110.45683070000007, -5.80811239999997],
              [110.45826280000006, -5.809402099999943],
              [110.45604050000009, -5.814504],
              [110.45300530000009, -5.816221399999961],
              [110.45006190000004, -5.814694499999973],
              [110.45000570000008, -5.80948],
              [110.45414150000005, -5.801901599999951],
              [110.45838170000007, -5.800408799999957],
              [110.463936, -5.795432699999935],
              [110.47766430000007, -5.773802499999931],
              [110.48359680000004, -5.770016599999963],
              [110.48669510000008, -5.771123699999976]
            ]
          ],
          [
            [
              [110.50801460000008, -5.821118299999966],
              [110.50848430000008, -5.819473099999925],
              [110.50905810000006, -5.821084499999927],
              [110.50801460000008, -5.821118299999966]
            ]
          ],
          [
            [
              [110.50728640000005, -5.809870599999954],
              [110.50692490000006, -5.807889899999964],
              [110.50906790000005, -5.809791299999972],
              [110.50728640000005, -5.809870599999954]
            ]
          ],
          [
            [
              [110.55921110000008, -5.799650699999972],
              [110.55557090000008, -5.803994299999943],
              [110.553459, -5.804201499999976],
              [110.56064060000006, -5.79768],
              [110.55921110000008, -5.799650699999972]
            ]
          ],
          [
            [
              [110.51027210000007, -5.800577899999951],
              [110.50767120000006, -5.801365699999963],
              [110.50738140000004, -5.798585699999933],
              [110.51027210000007, -5.800577899999951]
            ]
          ],
          [
            [
              [110.456377, -5.79862739999993],
              [110.45428580000004, -5.798312599999974],
              [110.45465530000007, -5.797475499999962],
              [110.456377, -5.79862739999993]
            ]
          ],
          [
            [
              [110.51137810000006, -5.784764499999937],
              [110.50987760000004, -5.779971099999955],
              [110.51270730000005, -5.780845299999953],
              [110.51460740000005, -5.783525899999972],
              [110.51397740000004, -5.785476899999935],
              [110.51137810000006, -5.784764499999937]
            ]
          ]
        ]
      }
    },
    {
      "type": "Feature",
      "properties": {
        "ADM0_EN": "Indonesia",
        "date": "2019-12-20",
        "validOn": "2020-04-01",
        "PROVINCE": "Jawa Tengah",
        "Kabupaten": "Batang",
        "PRV2": "Jawa_Tengah",
        "layer": "Jawa_Tengah_ADMIN_BPS",
        "path": "D:/rudi/Jawa_Tengah_ADMIN_BPS.shp",
        "listkodim_Kodim": "Kodim 0736/Batang",
        "listkodim_Korem": "Korem 071/Wijayakusuma"
      },
      "geometry": {
        "type": "MultiPolygon",
        "coordinates": [
          [
            [
              [109.72577170000005, -6.872450199999946],
              [109.74162, -6.87791],
              [109.74986450000006, -6.877210099999957],
              [109.750399, -6.87974429999997],
              [109.76167780000009, -6.884489599999938],
              [109.79923, -6.89119],
              [109.806721, -6.899075699999969],
              [109.81876760000006, -6.903278],
              [109.84315530000003, -6.906123599999944],
              [109.86609150000004, -6.914110799999946],
              [109.87701180000005, -6.916195899999934],
              [109.90894020000007, -6.917599799999948],
              [109.92725, -6.91213],
              [109.93314110000006, -6.915451399999938],
              [109.94797950000009, -6.916817199999969],
              [109.94952850000004, -6.919522699999959],
              [109.96304860000004, -6.919608299999936],
              [109.96870220000005, -6.923520199999928],
              [109.97849, -6.9226],
              [109.98256, -6.9242],
              [110.00792, -6.919535799999949],
              [110.02788250000003, -6.91103279999993],
              [110.03000210000005, -6.912398699999926],
              [110.02796810000007, -6.914132199999926],
              [110.03263730000003, -6.913947499999949],
              [110.03363, -6.918111899999928],
              [110.03904890000007, -6.916939],
              [110.04518120000006, -6.921459399999947],
              [110.04280860000006, -6.925476499999945],
              [110.04068760000007, -6.923655],
              [110.03076940000005, -6.930123299999934],
              [110.03569790000006, -6.93259809999995],
              [110.03454590000007, -6.938567099999943],
              [110.03949980000004, -6.938737],
              [110.04035320000008, -6.942969099999971],
              [110.04408160000008, -6.94053109999993],
              [110.045929, -6.941810099999941],
              [110.05075840000006, -6.941196399999967],
              [110.050499, -6.94337749999994],
              [110.047081, -6.946033899999975],
              [110.05347440000008, -6.955108099999961],
              [110.05174250000005, -6.958411199999944],
              [110.04828640000005, -6.958527099999969],
              [110.04782870000008, -6.959748299999944],
              [110.04877470000008, -6.965752099999975],
              [110.050766, -6.966807399999936],
              [110.05080420000007, -6.98043679999995],
              [110.04509740000009, -6.979557899999975],
              [110.04264070000005, -6.989289699999972],
              [110.03955080000009, -6.989871499999936],
              [110.03676610000008, -6.993412],
              [110.03196840000004, -6.992125099999953],
              [110.03027660000004, -6.996864599999981],
              [110.02495580000004, -6.997522299999957],
              [110.02642060000005, -7.001459099999977],
              [110.02260590000009, -7.006674299999929],
              [110.01510620000005, -7.011256199999934],
              [110.01347350000009, -7.018571399999928],
              [110.00779720000008, -7.017790799999943],
              [110.00641630000007, -7.019766799999957],
              [110.00309750000008, -7.020045699999969],
              [109.99587640000004, -7.027086699999927],
              [109.99384320000007, -7.025167899999929],
              [109.988343, -7.024782099999925],
              [109.98255740000008, -7.032145199999945],
              [109.97790390000006, -7.031285099999934],
              [109.97399040000005, -7.034384],
              [109.97461280000005, -7.042357],
              [109.97286990000003, -7.04410409999997],
              [109.97412870000005, -7.045944199999951],
              [109.973118, -7.047961499999928],
              [109.977356, -7.049387399999944],
              [109.97626080000003, -7.050036099999943],
              [109.98039080000007, -7.062639499999932],
              [109.97756530000004, -7.066785399999958],
              [109.97969250000006, -7.071552399999973],
              [109.977599, -7.082855],
              [109.97452540000006, -7.08319],
              [109.97405610000004, -7.087815299999932],
              [109.96699560000008, -7.091054],
              [109.96533970000007, -7.095054599999969],
              [109.96327450000007, -7.095424899999955],
              [109.96337070000004, -7.10001909999994],
              [109.96148190000008, -7.101170399999944],
              [109.95938870000003, -7.110247099999981],
              [109.95550540000005, -7.114197199999978],
              [109.95381170000007, -7.119902099999933],
              [109.94911960000007, -7.124214099999961],
              [109.94883150000004, -7.131320799999969],
              [109.940033, -7.141535199999964],
              [109.93979650000006, -7.156887499999925],
              [109.93194580000005, -7.172231099999976],
              [109.93035890000004, -7.179362699999956],
              [109.92341610000005, -7.186222],
              [109.92417910000006, -7.188011099999926],
              [109.92270130000009, -7.187189299999943],
              [109.91805510000006, -7.190542899999969],
              [109.91790930000008, -7.194657699999937],
              [109.91539160000008, -7.195510899999931],
              [109.91772460000004, -7.193033199999945],
              [109.916359, -7.191915899999969],
              [109.91179660000006, -7.19524279999996],
              [109.90670010000008, -7.196337199999959],
              [109.90150450000004, -7.194736899999953],
              [109.89267730000006, -7.183551299999976],
              [109.88692480000009, -7.179331299999944],
              [109.88166050000007, -7.184246499999972],
              [109.88171390000008, -7.188341599999944],
              [109.87707520000004, -7.191012399999977],
              [109.87380220000006, -7.186594499999956],
              [109.86596680000008, -7.187047],
              [109.84803770000008, -7.177846399999964],
              [109.842308, -7.186113299999931],
              [109.83267210000008, -7.189560899999947],
              [109.82105260000009, -7.180025499999942],
              [109.81687170000004, -7.180933399999958],
              [109.81277790000007, -7.179387],
              [109.80239870000008, -7.172181099999932],
              [109.78778840000007, -7.166175299999963],
              [109.78404230000007, -7.162979099999973],
              [109.77747350000004, -7.153174799999931],
              [109.77799230000005, -7.151102],
              [109.77499390000008, -7.144748099999958],
              [109.770752, -7.140934899999934],
              [109.77359010000004, -7.134940099999938],
              [109.77462770000005, -7.125841099999946],
              [109.77173610000006, -7.116178499999933],
              [109.76639560000007, -7.11480709999995],
              [109.76207440000007, -7.116332599999964],
              [109.75283810000008, -7.11247869999994],
              [109.74390410000007, -7.111640399999942],
              [109.73884590000006, -7.09968559999993],
              [109.74581910000006, -7.097394399999928],
              [109.74771120000008, -7.093570199999931],
              [109.75333420000004, -7.090383499999973],
              [109.75057230000004, -7.084232699999973],
              [109.75376890000007, -7.08451169999995],
              [109.75487530000004, -7.078464],
              [109.75708030000004, -7.075421699999936],
              [109.75631730000003, -7.071726699999942],
              [109.758629, -7.069285799999932],
              [109.75579830000004, -7.065261299999975],
              [109.75819230000008, -7.06421649999993],
              [109.75793890000006, -7.062595],
              [109.75361210000005, -7.057168399999966],
              [109.75596380000007, -7.055334499999958],
              [109.75383620000008, -7.055119099999956],
              [109.75540820000003, -7.047157799999979],
              [109.75307210000005, -7.04643649999997],
              [109.75161960000008, -7.043601099999933],
              [109.75525160000007, -7.041465699999947],
              [109.75327770000007, -7.037904799999978],
              [109.75638030000005, -7.036911499999974],
              [109.75899620000007, -7.031109099999981],
              [109.74791740000006, -7.012407199999927],
              [109.74871090000005, -7.007280299999934],
              [109.74684710000008, -7.005002],
              [109.748154, -6.999859699999945],
              [109.74369380000007, -6.995792499999936],
              [109.73654940000006, -7.003466099999969],
              [109.73210340000009, -7.003101899999933],
              [109.73020210000004, -7.002042399999937],
              [109.72126250000008, -6.986526699999956],
              [109.71738110000007, -6.986127599999975],
              [109.71424680000007, -6.987748099999976],
              [109.70741670000007, -6.986497699999973],
              [109.70680960000004, -6.979824299999962],
              [109.70345830000008, -6.973125799999934],
              [109.70278550000006, -6.964775699999961],
              [109.69871520000004, -6.965505099999973],
              [109.69523230000004, -6.961120599999958],
              [109.69297540000008, -6.960603099999958],
              [109.69307760000004, -6.954861299999948],
              [109.68894120000004, -6.95124919999995],
              [109.68786540000008, -6.95079979999997],
              [109.68570230000006, -6.954073599999958],
              [109.682434, -6.949025199999937],
              [109.68201450000004, -6.944498799999963],
              [109.67972630000008, -6.943321799999978],
              [109.68115650000004, -6.941550099999972],
              [109.675293, -6.940265199999942],
              [109.67651370000004, -6.937177599999927],
              [109.674202, -6.937043599999981],
              [109.67339330000004, -6.935129099999926],
              [109.67589570000007, -6.933882199999971],
              [109.68016330000006, -6.935200899999927],
              [109.68107390000006, -6.934482099999968],
              [109.67902160000006, -6.934028599999976],
              [109.68267620000006, -6.931190699999945],
              [109.68642370000003, -6.930728399999964],
              [109.68773680000004, -6.932958299999939],
              [109.68909090000005, -6.932588399999929],
              [109.69512980000007, -6.928540899999973],
              [109.69693970000009, -6.921104499999956],
              [109.69474410000004, -6.912401299999942],
              [109.69714360000006, -6.911900499999945],
              [109.70517220000005, -6.904251699999975],
              [109.70568850000006, -6.902650299999948],
              [109.70328790000008, -6.89913839999997],
              [109.71123510000007, -6.884096599999964],
              [109.70705420000007, -6.87890909999993],
              [109.70933530000008, -6.872526599999958],
              [109.71213530000006, -6.872531399999957],
              [109.71420790000008, -6.868008399999951],
              [109.72577170000005, -6.872450199999946]
            ]
          ]
        ]
      }
    },
    {
      "type": "Feature",
      "properties": {
        "ADM0_EN": "Indonesia",
        "date": "2019-12-20",
        "validOn": "2020-04-01",
        "PROVINCE": "Jawa Tengah",
        "Kabupaten": "Purworejo",
        "PRV2": "Jawa_Tengah",
        "layer": "Jawa_Tengah_ADMIN_BPS",
        "path": "D:/rudi/Jawa_Tengah_ADMIN_BPS.shp",
        "listkodim_Kodim": "Kodim 0708/Purworejo",
        "listkodim_Korem": "Korem 072/Pamungkas"
      },
      "geometry": {
        "type": "MultiPolygon",
        "coordinates": [
          [
            [
              [109.81183450000009, -7.611581399999977],
              [109.81215330000003, -7.603822699999967],
              [109.81563460000007, -7.597731799999963],
              [109.81385250000005, -7.593197799999928],
              [109.81718790000008, -7.593259099999955],
              [109.824047, -7.597877099999948],
              [109.82405340000008, -7.585843799999964],
              [109.82692610000004, -7.583740299999931],
              [109.82554810000005, -7.58049879999993],
              [109.83669260000005, -7.57514759999998],
              [109.842854, -7.560748],
              [109.84975570000006, -7.561571099999981],
              [109.855175, -7.559089299999926],
              [109.85581530000007, -7.552350299999944],
              [109.86039850000009, -7.549299299999973],
              [109.86026560000005, -7.544584599999951],
              [109.86680210000009, -7.541747499999929],
              [109.868413, -7.539554799999962],
              [109.86874190000009, -7.537274299999979],
              [109.86393640000006, -7.533463299999937],
              [109.86393620000007, -7.52896839999994],
              [109.87461870000004, -7.526511299999981],
              [109.87890340000007, -7.533411499999943],
              [109.88374380000005, -7.536055699999963],
              [109.88506080000008, -7.529874399999926],
              [109.893769, -7.521902499999953],
              [109.89628250000004, -7.522087099999965],
              [109.89862170000004, -7.519746899999973],
              [109.90978470000005, -7.522889699999951],
              [109.91094940000005, -7.520785299999943],
              [109.91968240000006, -7.519269399999928],
              [109.92527080000008, -7.523479599999973],
              [109.93389920000004, -7.523486199999979],
              [109.93951170000008, -7.532789199999968],
              [109.94339920000004, -7.530549099999973],
              [109.94831060000007, -7.531666299999927],
              [109.95044920000004, -7.530537299999935],
              [109.95218310000007, -7.525272199999961],
              [109.96404310000008, -7.532391099999927],
              [109.97103740000006, -7.530625899999961],
              [109.97324260000005, -7.531417899999951],
              [109.97525410000009, -7.532987299999945],
              [109.97280960000006, -7.537793199999953],
              [109.97499270000009, -7.539218299999959],
              [109.97022810000004, -7.553849599999978],
              [109.96754050000004, -7.554751599999975],
              [109.96974430000006, -7.559076299999958],
              [109.96804670000006, -7.562473],
              [109.97041040000005, -7.564594899999975],
              [109.97199120000005, -7.569609199999945],
              [109.976639, -7.571736499999929],
              [109.97848770000007, -7.576882099999978],
              [109.98506080000004, -7.577470499999947],
              [109.99530060000006, -7.575470099999961],
              [109.99633450000005, -7.582344099999943],
              [109.99531950000005, -7.58681329999996],
              [109.99947380000003, -7.590543199999956],
              [110.00836670000007, -7.586964],
              [110.01638580000008, -7.586172499999975],
              [110.01677320000005, -7.583360599999935],
              [110.01429070000006, -7.582613299999934],
              [110.01655250000005, -7.574279499999932],
              [110.01674310000004, -7.568636199999958],
              [110.014978, -7.565973099999951],
              [110.02512180000008, -7.555802799999981],
              [110.02738170000003, -7.555572699999971],
              [110.02807820000004, -7.553521099999955],
              [110.03230450000007, -7.552617],
              [110.033927, -7.541830499999946],
              [110.02789720000004, -7.529435299999932],
              [110.03699760000006, -7.530489899999964],
              [110.04399510000007, -7.534278699999959],
              [110.04415890000007, -7.537265299999945],
              [110.05210250000005, -7.547705299999961],
              [110.05108640000009, -7.551332499999944],
              [110.05906680000004, -7.559406199999955],
              [110.05599210000008, -7.57000869999996],
              [110.0597, -7.57549],
              [110.06233070000008, -7.572137399999974],
              [110.06395450000008, -7.573361899999952],
              [110.06518340000008, -7.571447099999943],
              [110.06854450000009, -7.57113709999993],
              [110.08028370000005, -7.577041599999973],
              [110.08711660000006, -7.572940699999947],
              [110.08962240000005, -7.569064099999935],
              [110.09315960000004, -7.568186799999978],
              [110.10084350000005, -7.569785499999966],
              [110.09788560000004, -7.574585899999931],
              [110.10161470000008, -7.579547199999979],
              [110.10315520000006, -7.577948699999979],
              [110.10763070000007, -7.594018499999947],
              [110.12045290000009, -7.609202899999957],
              [110.12186430000008, -7.624321],
              [110.12599950000003, -7.631176899999957],
              [110.13273840000005, -7.635406299999943],
              [110.13983870000004, -7.644628],
              [110.141861, -7.644966699999941],
              [110.136746, -7.653650899999946],
              [110.13074380000006, -7.654949099999953],
              [110.13004950000004, -7.658035199999972],
              [110.12311440000008, -7.66349409999998],
              [110.12207680000006, -7.667256799999961],
              [110.11798740000006, -7.669158899999957],
              [110.12331270000004, -7.676557499999944],
              [110.12640270000009, -7.677388599999972],
              [110.12671550000005, -7.682267099999933],
              [110.13159830000006, -7.683881699999972],
              [110.13636660000009, -7.688631499999929],
              [110.13785370000005, -7.692973199999926],
              [110.13093410000005, -7.701584799999978],
              [110.13478290000006, -7.705376799999954],
              [110.13252450000005, -7.716011],
              [110.13443950000004, -7.721373099999937],
              [110.13192940000005, -7.725400899999954],
              [110.13128090000004, -7.730186899999978],
              [110.13224230000009, -7.740109899999936],
              [110.13040360000008, -7.741565699999967],
              [110.129839, -7.747179499999959],
              [110.12574770000003, -7.749137499999961],
              [110.11383060000009, -7.765178699999979],
              [110.114502, -7.77008109999997],
              [110.11240390000006, -7.773463299999946],
              [110.11229880000008, -7.777233699999954],
              [110.101246, -7.77903589999994],
              [110.09201010000004, -7.786400299999968],
              [110.08654440000004, -7.798149399999943],
              [110.08202380000006, -7.801652699999977],
              [110.08081190000007, -7.806126199999937],
              [110.07173890000007, -7.812335499999961],
              [110.06268870000008, -7.813974],
              [110.06224490000005, -7.818934699999943],
              [110.05879360000006, -7.826474099999928],
              [110.05931270000008, -7.84071229999995],
              [110.05028920000007, -7.845946],
              [110.05096820000006, -7.850867499999936],
              [110.04721270000005, -7.854481799999974],
              [110.04404080000006, -7.859108599999956],
              [110.04477460000004, -7.861304799999971],
              [110.04243860000008, -7.863269499999944],
              [110.042776, -7.867602],
              [110.04494150000005, -7.869996799999967],
              [110.04193520000007, -7.880726299999935],
              [110.04250130000008, -7.884407],
              [110.03594980000008, -7.884486899999956],
              [110.03381950000005, -7.886245699999961],
              [110.03155720000007, -7.89630649999998],
              [110.03021280000007, -7.896749899999975],
              [110.02766060000005, -7.891426799999977],
              [110.01965820000004, -7.891674099999932],
              [110.00470630000007, -7.884925799999962],
              [110.00310850000005, -7.887837799999943],
              [110.001842, -7.887531],
              [109.96934080000005, -7.87400539999993],
              [109.894781, -7.848848],
              [109.86318070000004, -7.839834499999938],
              [109.81963870000004, -7.830032699999947],
              [109.82884980000006, -7.823113899999953],
              [109.83296720000004, -7.804364299999975],
              [109.82939450000003, -7.803721799999948],
              [109.83402530000006, -7.793417899999952],
              [109.838922, -7.773732199999927],
              [109.83542720000008, -7.773282299999948],
              [109.83356530000009, -7.756887199999937],
              [109.83174590000004, -7.753263499999946],
              [109.83247140000009, -7.741653],
              [109.83024880000005, -7.73980679999994],
              [109.83214510000005, -7.73608969999998],
              [109.83089870000003, -7.733529499999975],
              [109.831253, -7.72653],
              [109.82808690000007, -7.718783299999927],
              [109.83029940000006, -7.71636529999995],
              [109.81261550000005, -7.71232509999993],
              [109.80545810000007, -7.707826599999976],
              [109.80326840000004, -7.709145],
              [109.80015260000005, -7.706407899999931],
              [109.79813890000008, -7.699063],
              [109.79817960000008, -7.696389599999975],
              [109.80272680000007, -7.693399899999974],
              [109.80382540000005, -7.690342399999963],
              [109.80661010000006, -7.689374399999963],
              [109.80493160000009, -7.688375899999926],
              [109.80787660000004, -7.67021079999995],
              [109.80247670000006, -7.663188099999957],
              [109.80337410000004, -7.655330099999958],
              [109.79852590000007, -7.647331],
              [109.79976850000008, -7.644142],
              [109.80396440000004, -7.642724699999974],
              [109.80642830000005, -7.63885229999994],
              [109.80595830000004, -7.636137299999973],
              [109.80770980000005, -7.63285929999995],
              [109.81030750000008, -7.633517599999948],
              [109.81479450000006, -7.630834799999946],
              [109.81335380000007, -7.624174599999947],
              [109.81053440000005, -7.622873599999934],
              [109.81183450000009, -7.611581399999977]
            ]
          ],
          [
            [
              [109.81191870000004, -7.61197459999994],
              [109.81203150000005, -7.61213319999996],
              [109.81187780000005, -7.612215099999958],
              [109.81191870000004, -7.61197459999994]
            ]
          ]
        ]
      }
    },
    {
      "type": "Feature",
      "properties": {
        "ADM0_EN": "Indonesia",
        "date": "2019-12-20",
        "validOn": "2020-04-01",
        "PROVINCE": "Jawa Tengah",
        "Kabupaten": "Banjarnegara",
        "PRV2": "Jawa_Tengah",
        "layer": "Jawa_Tengah_ADMIN_BPS",
        "path": "D:/rudi/Jawa_Tengah_ADMIN_BPS.shp",
        "listkodim_Kodim": "Kodim 0704/Banjarnegara",
        "listkodim_Korem": "Korem 071/Wijayakusuma"
      },
      "geometry": {
        "type": "MultiPolygon",
        "coordinates": [
          [
            [
              [109.80040740000004, -7.171741899999972],
              [109.81593320000007, -7.181080299999962],
              [109.82105260000009, -7.180025499999942],
              [109.83335880000004, -7.189906099999973],
              [109.84162140000007, -7.18655339999998],
              [109.84252170000008, -7.184357599999942],
              [109.84581, -7.182820299999946],
              [109.84800720000004, -7.177843099999961],
              [109.86696630000006, -7.187412699999925],
              [109.87454990000003, -7.186996399999941],
              [109.87770080000007, -7.190548399999955],
              [109.88171390000008, -7.188341599999944],
              [109.88166050000007, -7.184246499999972],
              [109.88454440000004, -7.182621899999958],
              [109.88639070000005, -7.178902099999959],
              [109.898964, -7.190087699999935],
              [109.90103910000005, -7.194559099999935],
              [109.90670010000008, -7.196337199999959],
              [109.91179660000006, -7.19524279999996],
              [109.91665650000004, -7.191756199999929],
              [109.91762540000008, -7.193407499999978],
              [109.91393280000005, -7.199034199999971],
              [109.91049960000004, -7.200199599999962],
              [109.90944670000005, -7.207383099999959],
              [109.91213990000006, -7.214660099999946],
              [109.90670780000005, -7.221650099999977],
              [109.90225220000008, -7.22141019999998],
              [109.89535520000004, -7.223902199999941],
              [109.88960770000006, -7.223516599999925],
              [109.88359830000007, -7.225643099999957],
              [109.87463380000008, -7.225330299999939],
              [109.86172490000007, -7.232819499999948],
              [109.85465240000008, -7.241421699999933],
              [109.85247040000007, -7.251059],
              [109.849682, -7.251939399999969],
              [109.84999270000009, -7.256282499999941],
              [109.84499360000007, -7.269647599999928],
              [109.84153750000007, -7.272716499999945],
              [109.84349820000006, -7.275545099999931],
              [109.84182740000006, -7.276728099999957],
              [109.84317020000009, -7.280239599999959],
              [109.84030910000007, -7.285836199999949],
              [109.83560180000006, -7.288314299999968],
              [109.83528140000004, -7.291593],
              [109.83057410000004, -7.297613599999977],
              [109.82581330000005, -7.299006399999939],
              [109.825531, -7.301797399999941],
              [109.81938170000006, -7.305082299999981],
              [109.81494140000007, -7.313434599999937],
              [109.81005460000006, -7.315560799999957],
              [109.806633, -7.323566899999946],
              [109.79892730000006, -7.32491959999993],
              [109.79662330000008, -7.327330599999925],
              [109.792778, -7.333247599999936],
              [109.79199180000006, -7.338059599999951],
              [109.78749510000006, -7.342129899999975],
              [109.78570080000009, -7.350233699999933],
              [109.78691770000006, -7.356224099999963],
              [109.78581170000007, -7.359020299999941],
              [109.78349390000005, -7.360062599999935],
              [109.783251, -7.362672599999939],
              [109.77980490000004, -7.365004299999953],
              [109.77458190000004, -7.364459499999953],
              [109.772438, -7.369433399999934],
              [109.76825720000005, -7.372211899999968],
              [109.76451310000004, -7.382444],
              [109.76147580000008, -7.382770299999947],
              [109.76052480000004, -7.386258399999974],
              [109.75568570000007, -7.385829],
              [109.75384880000007, -7.383960799999954],
              [109.750853, -7.389912299999935],
              [109.75805670000005, -7.388734299999953],
              [109.76283270000005, -7.392749299999934],
              [109.76796550000006, -7.392791],
              [109.76811220000008, -7.39474359999997],
              [109.77280430000008, -7.399084099999925],
              [109.779335, -7.40231319999998],
              [109.78047940000005, -7.406022],
              [109.78581240000005, -7.405937599999959],
              [109.79066470000004, -7.408651799999973],
              [109.79241950000005, -7.411521899999968],
              [109.80442460000006, -7.410905299999968],
              [109.80774450000007, -7.413717799999972],
              [109.81698260000007, -7.41548789999996],
              [109.82207490000008, -7.421103899999935],
              [109.82960510000004, -7.419938099999968],
              [109.82920070000006, -7.421831099999963],
              [109.83272550000004, -7.422369],
              [109.831749, -7.432270499999959],
              [109.82761590000007, -7.43756529999996],
              [109.827059, -7.447656799999947],
              [109.81697080000004, -7.449520099999972],
              [109.80784090000009, -7.449061599999936],
              [109.802059, -7.451243599999941],
              [109.79514780000005, -7.449872299999981],
              [109.78644530000008, -7.450694399999975],
              [109.77876140000006, -7.448028099999931],
              [109.77098080000007, -7.447463899999946],
              [109.76142880000003, -7.440783899999929],
              [109.75502020000005, -7.43973109999996],
              [109.75267650000006, -7.445292],
              [109.75624760000005, -7.449100499999929],
              [109.75216460000007, -7.461879899999929],
              [109.75070950000008, -7.457782],
              [109.74940880000008, -7.458253199999945],
              [109.74648550000006, -7.462919399999976],
              [109.74267530000009, -7.464914499999963],
              [109.74100310000006, -7.468762099999935],
              [109.73783410000004, -7.468765699999949],
              [109.73530080000006, -7.470963899999958],
              [109.73223880000006, -7.470199099999945],
              [109.73562620000007, -7.474534],
              [109.73269650000009, -7.478367799999944],
              [109.725914, -7.476061299999969],
              [109.719841, -7.47803829999998],
              [109.71554570000006, -7.481686599999932],
              [109.71112060000007, -7.482925399999942],
              [109.69890590000006, -7.495585399999925],
              [109.689064, -7.496810399999958],
              [109.687912, -7.501870099999962],
              [109.68402860000003, -7.503393099999926],
              [109.67869570000005, -7.501764699999967],
              [109.677681, -7.50303839999998],
              [109.672699, -7.502997899999968],
              [109.66509250000007, -7.492921299999978],
              [109.65477750000008, -7.495949699999926],
              [109.64775850000007, -7.495116699999926],
              [109.64112860000006, -7.483682599999952],
              [109.63847350000009, -7.481455799999935],
              [109.63375090000005, -7.481742299999951],
              [109.61930850000005, -7.491518],
              [109.615036, -7.497410699999932],
              [109.61515050000008, -7.501151],
              [109.61249540000006, -7.504614299999957],
              [109.60250090000005, -7.50597659999994],
              [109.59335330000005, -7.513264099999958],
              [109.58868410000008, -7.51360219999998],
              [109.58711240000008, -7.515574899999933],
              [109.58245850000009, -7.513270299999931],
              [109.57210540000005, -7.51324169999998],
              [109.56910030000006, -7.509962899999948],
              [109.56014250000004, -7.509613],
              [109.550354, -7.512797299999932],
              [109.54466250000007, -7.522586799999942],
              [109.53791810000007, -7.515773199999956],
              [109.526001, -7.515668399999981],
              [109.51908110000005, -7.511147899999969],
              [109.50845340000006, -7.508788099999947],
              [109.5, -7.510482299999978],
              [109.49828340000005, -7.503551899999934],
              [109.491539, -7.509729299999947],
              [109.48413090000008, -7.511846499999933],
              [109.48318480000006, -7.51718139999997],
              [109.48181920000007, -7.517865099999938],
              [109.46878820000006, -7.52233549999994],
              [109.46281120000003, -7.519260799999927],
              [109.45644380000005, -7.522918199999935],
              [109.43693550000006, -7.527376599999968],
              [109.43447880000008, -7.529689299999973],
              [109.43356330000006, -7.535623499999929],
              [109.43178560000007, -7.536775099999943],
              [109.42557530000005, -7.536786499999948],
              [109.41870120000004, -7.534042299999953],
              [109.416275, -7.538574199999971],
              [109.41210180000007, -7.53828569999996],
              [109.40728760000007, -7.540471],
              [109.40371710000005, -7.540461],
              [109.39852910000008, -7.534967799999947],
              [109.39547730000004, -7.536403099999973],
              [109.38790130000007, -7.530372099999965],
              [109.38622290000006, -7.525398199999927],
              [109.38264470000007, -7.522387499999979],
              [109.37677770000005, -7.523037399999964],
              [109.36816410000006, -7.516200499999968],
              [109.36533360000004, -7.517589499999929],
              [109.36241910000007, -7.515123799999969],
              [109.36504370000006, -7.507725199999925],
              [109.36515570000006, -7.501860499999964],
              [109.36279920000004, -7.499630099999933],
              [109.36534120000005, -7.499037199999975],
              [109.36590580000006, -7.49726389999995],
              [109.36343380000005, -7.493879699999979],
              [109.36402130000005, -7.491563299999939],
              [109.36160280000007, -7.485296199999937],
              [109.36403660000008, -7.48736],
              [109.37191010000004, -7.484683],
              [109.37309270000009, -7.477946199999963],
              [109.38022610000007, -7.482606799999928],
              [109.385643, -7.478066399999932],
              [109.39357, -7.474771399999952],
              [109.40311440000005, -7.475543899999934],
              [109.40306860000004, -7.471700599999963],
              [109.40066530000007, -7.468442399999958],
              [109.40254970000007, -7.467230699999959],
              [109.40867620000006, -7.471470799999963],
              [109.41284940000008, -7.470766499999968],
              [109.41190340000009, -7.477835599999935],
              [109.41788320000006, -7.479069],
              [109.41986090000006, -7.476063199999942],
              [109.418129, -7.472316699999965],
              [109.424408, -7.467718099999956],
              [109.42256930000008, -7.459733399999948],
              [109.42694860000006, -7.459137899999973],
              [109.42538450000006, -7.45613469999995],
              [109.42641450000008, -7.455003199999965],
              [109.42766570000003, -7.454920299999969],
              [109.42972570000006, -7.45926419999995],
              [109.43482970000008, -7.456958199999974],
              [109.437584, -7.453639499999952],
              [109.43606570000009, -7.450687399999936],
              [109.43899540000007, -7.448617399999932],
              [109.44049070000005, -7.449732299999937],
              [109.44110110000008, -7.454241199999956],
              [109.44736620000003, -7.45561669999995],
              [109.44868470000006, -7.453447299999937],
              [109.446785, -7.450543799999934],
              [109.44961170000005, -7.446936799999946],
              [109.45243070000004, -7.446822099999963],
              [109.45377350000007, -7.451292499999965],
              [109.45866590000009, -7.452756099999931],
              [109.460968, -7.451405499999964],
              [109.462944, -7.446795399999928],
              [109.46553040000003, -7.446325299999955],
              [109.47131350000006, -7.448958799999957],
              [109.47330480000005, -7.447294199999931],
              [109.47261810000003, -7.442065199999945],
              [109.47499850000008, -7.441982199999927],
              [109.47657010000006, -7.445542799999942],
              [109.47944640000009, -7.445709199999953],
              [109.48212430000007, -7.443789899999956],
              [109.48035430000004, -7.442039399999942],
              [109.481308, -7.441247399999952],
              [109.486145, -7.445303399999943],
              [109.48863990000007, -7.442190599999947],
              [109.49358370000004, -7.449374599999942],
              [109.49623110000005, -7.446888899999976],
              [109.49896240000004, -7.449286399999949],
              [109.5028, -7.448068599999942],
              [109.50592810000006, -7.449628299999972],
              [109.50783540000003, -7.446495],
              [109.5084, -7.439431099999979],
              [109.50591280000003, -7.423130499999957],
              [109.50846860000007, -7.419765],
              [109.50328830000007, -7.411620599999935],
              [109.50408170000009, -7.410503299999959],
              [109.50661470000006, -7.409904899999958],
              [109.51091770000005, -7.412714899999969],
              [109.51392370000008, -7.41096779999998],
              [109.51708220000006, -7.41267339999996],
              [109.53129580000007, -7.409032799999977],
              [109.53361970000009, -7.406931499999928],
              [109.53636930000005, -7.408335199999954],
              [109.53775790000009, -7.405985799999939],
              [109.54163360000007, -7.407047199999965],
              [109.543335, -7.403206799999964],
              [109.546257, -7.40530149999995],
              [109.546608, -7.402781899999979],
              [109.54866030000005, -7.402224499999932],
              [109.54853060000005, -7.397110399999974],
              [109.54149630000006, -7.390896299999952],
              [109.53603370000008, -7.378044099999954],
              [109.533699, -7.356565],
              [109.519104, -7.345526199999938],
              [109.51882940000007, -7.341975599999955],
              [109.52578740000007, -7.324666499999978],
              [109.52766420000006, -7.323463899999979],
              [109.53462990000008, -7.328343799999971],
              [109.54122930000005, -7.325435599999935],
              [109.55160520000004, -7.331334499999969],
              [109.56298830000009, -7.331867699999975],
              [109.56315610000007, -7.32810539999997],
              [109.56460570000007, -7.328110199999969],
              [109.56593330000004, -7.325184799999931],
              [109.56453710000005, -7.322960299999977],
              [109.56558230000007, -7.318721699999969],
              [109.56252290000003, -7.318518099999949],
              [109.56889350000006, -7.313482199999953],
              [109.56656650000008, -7.305028399999969],
              [109.56734470000004, -7.300706799999944],
              [109.57301330000007, -7.299084099999959],
              [109.57499690000009, -7.299892899999975],
              [109.57519530000008, -7.296618399999943],
              [109.58450380000005, -7.293202299999962],
              [109.57593540000005, -7.278913],
              [109.57444760000004, -7.271829599999933],
              [109.56946560000006, -7.264739],
              [109.55037690000006, -7.255564699999979],
              [109.53914640000005, -7.244974099999979],
              [109.55230720000009, -7.231315099999961],
              [109.56092840000008, -7.23051449999997],
              [109.56409460000003, -7.224343699999963],
              [109.56822970000007, -7.221750699999973],
              [109.57871250000005, -7.221815099999958],
              [109.58799740000006, -7.212953499999969],
              [109.59005740000003, -7.207004],
              [109.59479520000008, -7.207981099999927],
              [109.59679410000007, -7.20612],
              [109.60687260000009, -7.211459099999956],
              [109.61127470000008, -7.210800099999972],
              [109.61643220000008, -7.201152799999932],
              [109.62004860000008, -7.200459399999943],
              [109.62342840000008, -7.19758029999997],
              [109.625, -7.18912169999993],
              [109.62849430000006, -7.188426],
              [109.63480380000004, -7.177504499999941],
              [109.64205170000008, -7.175718299999971],
              [109.643532, -7.173140399999966],
              [109.64697280000007, -7.172292599999935],
              [109.663208, -7.178373299999976],
              [109.67137920000005, -7.17737429999994],
              [109.67610940000009, -7.172453799999971],
              [109.68293060000008, -7.173303699999963],
              [109.68164830000006, -7.176213699999948],
              [109.68299870000004, -7.17807769999996],
              [109.68199920000006, -7.180361699999935],
              [109.68308260000003, -7.185112],
              [109.68969730000003, -7.192088599999977],
              [109.68984220000004, -7.19487],
              [109.70455930000008, -7.195499899999959],
              [109.707695, -7.199806199999955],
              [109.71353150000004, -7.198225899999954],
              [109.72597510000008, -7.201840799999957],
              [109.743721, -7.190430099999958],
              [109.74542240000005, -7.187862399999972],
              [109.74405670000004, -7.184356199999968],
              [109.75195310000004, -7.179467099999954],
              [109.75355530000007, -7.18058439999993],
              [109.76116950000005, -7.176775899999939],
              [109.76829530000003, -7.17997639999993],
              [109.775177, -7.180069399999979],
              [109.79200740000005, -7.175196599999936],
              [109.79783630000009, -7.171308],
              [109.80040740000004, -7.171741899999972]
            ]
          ]
        ]
      }
    },
    {
      "type": "Feature",
      "properties": {
        "ADM0_EN": "Indonesia",
        "date": "2019-12-20",
        "validOn": "2020-04-01",
        "PROVINCE": "Jawa Tengah",
        "Kabupaten": "Kota Tegal",
        "PRV2": "Jawa_Tengah",
        "layer": "Jawa_Tengah_ADMIN_BPS",
        "path": "D:/rudi/Jawa_Tengah_ADMIN_BPS.shp",
        "listkodim_Kodim": "Kodim 0712/Tegal",
        "listkodim_Korem": "Korem 071/Wijayakusuma"
      },
      "geometry": {
        "type": "MultiPolygon",
        "coordinates": [
          [
            [
              [109.16483550000004, -6.845508699999925],
              [109.17926930000004, -6.855345299999954],
              [109.19260380000009, -6.86057059999996],
              [109.21777970000005, -6.864474099999939],
              [109.22540350000008, -6.863175],
              [109.24640460000006, -6.869471],
              [109.26303270000005, -6.872294599999975],
              [109.26845790000004, -6.871521299999927],
              [109.27277660000004, -6.873353499999951],
              [109.30606, -6.87205],
              [109.34381570000005, -6.861509199999944],
              [109.35056620000006, -6.861691299999961],
              [109.35081470000006, -6.867528299999947],
              [109.35217210000008, -6.868901599999958],
              [109.35588880000006, -6.866853799999944],
              [109.35702080000004, -6.867996199999936],
              [109.35394250000007, -6.871651899999961],
              [109.35568230000007, -6.872686099999953],
              [109.35910720000004, -6.870994],
              [109.36034890000008, -6.877527599999951],
              [109.35863780000005, -6.879208399999925],
              [109.35930210000004, -6.882748799999945],
              [109.35741750000005, -6.882875799999965],
              [109.35392, -6.886888899999974],
              [109.35607950000008, -6.889101799999935],
              [109.35004350000008, -6.892592599999944],
              [109.35049830000008, -6.895379399999968],
              [109.34569060000007, -6.894686899999954],
              [109.34879640000008, -6.896707399999968],
              [109.34128620000007, -6.898782299999937],
              [109.34237680000007, -6.900136299999929],
              [109.33917280000009, -6.902549299999976],
              [109.34030910000007, -6.905440299999952],
              [109.33753210000003, -6.903697899999941],
              [109.33647920000004, -6.904580499999952],
              [109.336019, -6.91029919999994],
              [109.33449560000008, -6.913644799999929],
              [109.33223470000007, -6.914346799999976],
              [109.33338170000007, -6.91709469999995],
              [109.33237380000008, -6.91651319999994],
              [109.327919, -6.923981599999934],
              [109.32555390000005, -6.924678799999981],
              [109.32633210000006, -6.928514],
              [109.32840730000004, -6.926989],
              [109.32835780000005, -6.928983899999935],
              [109.330452, -6.929646899999966],
              [109.32653810000005, -6.934534499999927],
              [109.33053590000009, -6.93632359999998],
              [109.33137520000008, -6.934330899999964],
              [109.33326380000005, -6.936746899999946],
              [109.33138280000009, -6.939908899999978],
              [109.33426670000006, -6.945366799999931],
              [109.33145140000005, -6.946688599999959],
              [109.33158110000005, -6.949956399999962],
              [109.329216, -6.95457689999995],
              [109.33057410000004, -6.956876199999954],
              [109.33161170000005, -6.957265799999959],
              [109.33271790000003, -6.954678499999943],
              [109.33580020000005, -6.955961199999933],
              [109.33553320000004, -6.957045499999936],
              [109.33162690000006, -6.958795499999951],
              [109.33149720000006, -6.963575299999945],
              [109.32955930000008, -6.963015],
              [109.32908630000009, -6.960527399999933],
              [109.32250220000009, -6.963292499999966],
              [109.32514960000009, -6.964734],
              [109.32453160000006, -6.968417599999952],
              [109.32191470000004, -6.965736299999946],
              [109.320015, -6.967165899999941],
              [109.32213590000003, -6.96848289999997],
              [109.32107550000006, -6.970275399999935],
              [109.31638340000006, -6.967897899999969],
              [109.31662750000004, -6.974055199999952],
              [109.31938930000007, -6.97638459999996],
              [109.31646730000006, -6.978791199999932],
              [109.31508640000004, -6.984613799999977],
              [109.31165320000008, -6.988459099999943],
              [109.30148620000006, -6.987993099999926],
              [109.30145270000008, -6.990406499999949],
              [109.29226690000007, -6.995423699999947],
              [109.29193880000008, -7.002767499999948],
              [109.28821560000006, -7.004177],
              [109.28818510000008, -7.006542599999932],
              [109.28603360000005, -7.008613099999934],
              [109.28865050000007, -7.012123499999973],
              [109.28663640000008, -7.017905199999973],
              [109.28775790000009, -7.021547799999951],
              [109.28247070000003, -7.024671],
              [109.28324890000005, -7.031207],
              [109.27951820000004, -7.032599399999981],
              [109.27597050000008, -7.03732679999996],
              [109.27737430000008, -7.040151599999945],
              [109.27518460000005, -7.053338899999972],
              [109.27288170000008, -7.054477499999962],
              [109.27257430000009, -7.056549699999948],
              [109.26461030000007, -7.058189299999981],
              [109.26197060000004, -7.060770899999966],
              [109.25366980000007, -7.06361759999993],
              [109.25243380000006, -7.067348399999958],
              [109.24999950000006, -7.068188899999939],
              [109.25010680000008, -7.071843099999967],
              [109.24477390000004, -7.072827699999948],
              [109.24523160000007, -7.074676],
              [109.24142460000007, -7.073024699999962],
              [109.23718270000006, -7.074625399999945],
              [109.23432250000008, -7.08241739999994],
              [109.23242220000009, -7.083757299999945],
              [109.23338330000007, -7.085017],
              [109.23148980000008, -7.084572899999955],
              [109.23187930000006, -7.087541599999952],
              [109.22928320000005, -7.08975259999994],
              [109.23045350000007, -7.09166659999994],
              [109.22772820000006, -7.091348599999947],
              [109.22846750000008, -7.093390299999953],
              [109.227063, -7.093730799999946],
              [109.22754480000003, -7.096408599999961],
              [109.22550680000006, -7.098134799999968],
              [109.22604270000005, -7.101067399999977],
              [109.22465540000007, -7.101597],
              [109.22337590000006, -7.11040689999993],
              [109.219681, -7.120977499999981],
              [109.21461820000007, -7.129309299999932],
              [109.20800290000005, -7.128788499999928],
              [109.20202040000004, -7.130811899999969],
              [109.19499490000004, -7.130071199999975],
              [109.19506540000003, -7.131272799999977],
              [109.18950490000009, -7.133137499999975],
              [109.18559970000007, -7.136989],
              [109.192009, -7.142253399999959],
              [109.19266440000007, -7.146890099999951],
              [109.19409170000006, -7.147139699999968],
              [109.18893360000004, -7.156210099999953],
              [109.19008640000004, -7.163736799999981],
              [109.19408420000008, -7.168728299999941],
              [109.19791410000005, -7.170037199999967],
              [109.19686130000008, -7.186203],
              [109.19927290000004, -7.193021399999964],
              [109.19677740000009, -7.207591],
              [109.20000460000006, -7.216214099999945],
              [109.199997, -7.224188199999958],
              [109.21308140000008, -7.23435969999997],
              [109.20645140000005, -7.238502],
              [109.20486450000004, -7.244593599999973],
              [109.20273590000005, -7.246528599999976],
              [109.20346830000005, -7.247506599999952],
              [109.19557190000006, -7.250545899999963],
              [109.17916110000004, -7.26251689999998],
              [109.16734320000006, -7.268205099999932],
              [109.162366, -7.262058199999956],
              [109.16566360000007, -7.255446199999938],
              [109.16529970000005, -7.248719599999959],
              [109.17469480000005, -7.250301],
              [109.17549190000005, -7.239810299999931],
              [109.16841780000004, -7.239736899999969],
              [109.15957430000009, -7.243293],
              [109.15610280000004, -7.246481599999981],
              [109.14955960000009, -7.246165499999961],
              [109.13886010000004, -7.238694199999941],
              [109.13584330000003, -7.232722599999931],
              [109.13251690000004, -7.231756899999937],
              [109.125254, -7.224719],
              [109.12042530000008, -7.222411],
              [109.11658310000007, -7.215612299999975],
              [109.11310060000005, -7.213001799999972],
              [109.11016960000006, -7.214355399999931],
              [109.10671440000004, -7.212710099999981],
              [109.094149, -7.214980399999945],
              [109.08027240000007, -7.214994799999943],
              [109.07861280000009, -7.212334],
              [109.07749450000006, -7.20092139999997],
              [109.06752010000008, -7.196582299999932],
              [109.06535510000003, -7.196933099999967],
              [109.05756380000008, -7.19156879999997],
              [109.05569460000004, -7.185371299999929],
              [109.06558990000008, -7.170527899999968],
              [109.08099370000008, -7.155732599999965],
              [109.08400730000005, -7.148522799999967],
              [109.08266450000008, -7.135867099999928],
              [109.07326820000009, -7.124830699999961],
              [109.07413, -7.11413],
              [109.06974, -7.12618],
              [109.06135560000007, -7.128248599999949],
              [109.05958560000005, -7.130166899999949],
              [109.05741120000005, -7.135521799999935],
              [109.05760190000007, -7.138241199999925],
              [109.060463, -7.141435599999966],
              [109.059578, -7.146242099999938],
              [109.05743410000008, -7.149708199999964],
              [109.05293280000006, -7.150747199999955],
              [109.04605870000006, -7.149633799999947],
              [109.04228980000005, -7.14355269999993],
              [109.03649140000005, -7.140387499999974],
              [109.02560430000005, -7.143114499999967],
              [109.00971990000005, -7.13959159999996],
              [109.00051880000007, -7.141800299999943],
              [108.98966220000005, -7.132098599999949],
              [108.98374980000006, -7.132139699999925],
              [108.97915650000004, -7.134732199999974],
              [108.97484590000005, -7.139677],
              [108.97225190000006, -7.148076899999978],
              [108.96541050000008, -7.150715699999978],
              [108.95149230000004, -7.126871],
              [108.95256810000006, -7.123471699999925],
              [108.95553590000009, -7.122281499999929],
              [108.96756750000009, -7.126373199999932],
              [108.96726230000007, -7.121914799999956],
              [108.97728730000006, -7.121305399999926],
              [108.97992650000003, -7.118924],
              [108.97949220000004, -7.111990899999967],
              [108.980484, -7.110976599999958],
              [108.98357390000007, -7.112436199999934],
              [108.98446660000008, -7.111257],
              [108.98508460000005, -7.10639569999995],
              [108.98060610000005, -7.102287699999977],
              [108.98571020000009, -7.097458299999971],
              [108.983635, -7.092592199999956],
              [108.98358160000004, -7.086749],
              [108.97835540000005, -7.084200299999964],
              [108.97713470000008, -7.075024499999927],
              [108.96732660000004, -7.067308499999967],
              [108.96927650000003, -7.060370399999954],
              [108.98422240000008, -7.061542899999949],
              [108.98765340000006, -7.060508499999969],
              [108.99342350000006, -7.054933],
              [108.995102, -7.051006199999961],
              [109.00057980000008, -7.048996899999963],
              [109.00203710000005, -7.042496599999936],
              [109.00434120000006, -7.041072299999939],
              [109.00820930000003, -7.044285699999932],
              [109.015503, -7.046429599999954],
              [109.01648720000009, -7.048453699999925],
              [109.02166070000004, -7.043914099999938],
              [109.024971, -7.043977199999972],
              [109.02607730000005, -7.037285199999928],
              [109.01848610000008, -7.024507],
              [109.02669530000009, -7.004919399999949],
              [109.02744620000004, -6.99931],
              [109.03496510000008, -7.001313599999946],
              [109.03230270000006, -6.996944099999951],
              [109.02803130000007, -6.993848299999968],
              [109.02611120000006, -6.987382399999944],
              [109.02724760000007, -6.985697399999935],
              [109.03263080000005, -6.984367199999951],
              [109.04466410000003, -6.987518799999975],
              [109.04838560000007, -6.980921199999955],
              [109.04804230000008, -6.978829799999971],
              [109.05326850000006, -6.975477199999943],
              [109.05543830000005, -6.977279799999963],
              [109.06140140000008, -6.977171799999951],
              [109.06403350000005, -6.976242199999945],
              [109.06339220000007, -6.97414619999995],
              [109.06877370000007, -6.973905699999932],
              [109.06980640000006, -6.982927299999972],
              [109.06870350000008, -6.982883199999947],
              [109.06899260000006, -6.990743099999975],
              [109.06697090000006, -6.993199799999957],
              [109.07480620000007, -6.994173],
              [109.07042310000008, -6.971995099999958],
              [109.07706460000009, -6.961396599999944],
              [109.07518010000007, -6.952064499999949],
              [109.07780660000009, -6.944928699999934],
              [109.07791260000005, -6.935882099999958],
              [109.080925, -6.932467899999949],
              [109.08189350000004, -6.928048099999955],
              [109.07925660000006, -6.919182499999977],
              [109.07665490000005, -6.919016799999952],
              [109.07456610000008, -6.912185199999954],
              [109.07586670000006, -6.907399099999964],
              [109.07319640000009, -6.899529899999948],
              [109.07308960000006, -6.893781099999956],
              [109.07730110000006, -6.887999],
              [109.07502750000003, -6.880196],
              [109.07565310000007, -6.875803899999937],
              [109.08131410000004, -6.870938199999955],
              [109.08148960000005, -6.859563799999933],
              [109.10335850000007, -6.839552199999957],
              [109.12119760000007, -6.847221299999944],
              [109.13009060000007, -6.849056399999938],
              [109.136379, -6.848572],
              [109.13711480000006, -6.84637239999995],
              [109.14375820000004, -6.847876199999973],
              [109.15338550000007, -6.847193299999958],
              [109.15932470000007, -6.844038099999977],
              [109.16483550000004, -6.845508699999925]
            ]
          ]
        ]
      }
    },
    {
      "type": "Feature",
      "properties": {
        "ADM0_EN": "Indonesia",
        "date": "2019-12-20",
        "validOn": "2020-04-01",
        "PROVINCE": "Jawa Tengah",
        "Kabupaten": "Wonosobo",
        "PRV2": "Jawa_Tengah",
        "layer": "Jawa_Tengah_ADMIN_BPS",
        "path": "D:/rudi/Jawa_Tengah_ADMIN_BPS.shp",
        "listkodim_Kodim": "Kodim 0707/Wonosobo",
        "listkodim_Korem": "Korem 072/Pamungkas"
      },
      "geometry": {
        "type": "MultiPolygon",
        "coordinates": [
          [
            [
              [109.92999880000008, -7.194649899999945],
              [109.93416240000005, -7.201497199999949],
              [109.93330380000003, -7.20455979999997],
              [109.93685620000008, -7.209453499999938],
              [109.93955090000009, -7.207831699999929],
              [109.94367920000008, -7.214615499999979],
              [109.95046240000005, -7.217272099999946],
              [109.95915670000005, -7.232631399999946],
              [109.96196940000004, -7.233086299999968],
              [109.99478150000004, -7.260952],
              [109.99559020000004, -7.265901099999951],
              [109.99819380000008, -7.269724599999961],
              [109.99416350000007, -7.283621699999969],
              [109.99639890000009, -7.292376499999932],
              [109.99616240000006, -7.306751199999951],
              [109.99839810000009, -7.31346869999993],
              [110.01840050000004, -7.331639399999972],
              [110.03150030000006, -7.348700299999962],
              [110.040937, -7.355792399999928],
              [110.04319850000007, -7.360800499999925],
              [110.05624550000005, -7.371904299999926],
              [110.07051270000005, -7.379513599999939],
              [110.071295, -7.383995899999945],
              [110.07420930000006, -7.385716299999956],
              [110.06258390000005, -7.408672799999977],
              [110.05868340000006, -7.428064099999972],
              [110.05989070000004, -7.432460799999944],
              [110.05309090000009, -7.435358],
              [110.05608240000004, -7.442438599999946],
              [110.05745580000007, -7.453052899999932],
              [110.064066, -7.457672799999955],
              [110.06484990000007, -7.45997049999994],
              [110.05942450000003, -7.466626199999951],
              [110.05959520000005, -7.470217299999945],
              [110.05523030000006, -7.474124299999971],
              [110.05217570000008, -7.48172569999997],
              [110.05380960000008, -7.491906799999981],
              [110.04886630000004, -7.501795699999946],
              [110.05033240000006, -7.506502199999943],
              [110.04698940000009, -7.509898199999952],
              [110.04909510000005, -7.512224799999956],
              [110.04633330000007, -7.51909349999994],
              [110.04461430000003, -7.519907499999931],
              [110.04357910000004, -7.527336599999956],
              [110.04554590000004, -7.533987299999978],
              [110.03985250000005, -7.532808099999954],
              [110.036274, -7.53020319999996],
              [110.02782420000005, -7.529634099999953],
              [110.03192640000009, -7.535513099999946],
              [110.03410880000007, -7.542473099999938],
              [110.032419, -7.552327899999966],
              [110.02843230000008, -7.553133],
              [110.01450650000004, -7.566171],
              [110.01677420000004, -7.569188],
              [110.01436650000005, -7.582794399999955],
              [110.01680280000005, -7.58377669999993],
              [110.016829, -7.585394899999926],
              [109.99947380000003, -7.590543199999956],
              [109.99544450000008, -7.587554],
              [109.99561690000007, -7.575652899999966],
              [109.97854820000003, -7.576995799999963],
              [109.97710170000005, -7.572153599999979],
              [109.97199120000005, -7.569609199999945],
              [109.97041040000005, -7.564594899999975],
              [109.96804670000006, -7.562473],
              [109.96976340000003, -7.55806339999998],
              [109.96742360000007, -7.555306399999949],
              [109.97022810000004, -7.553849599999978],
              [109.97492480000005, -7.539896399999975],
              [109.97280960000006, -7.537793199999953],
              [109.97525030000008, -7.533241399999952],
              [109.97324260000005, -7.531417899999951],
              [109.97103740000006, -7.530625899999961],
              [109.96404310000008, -7.532391099999927],
              [109.95218310000007, -7.525272199999961],
              [109.95111650000007, -7.530442599999958],
              [109.94895470000006, -7.531523099999959],
              [109.94339920000004, -7.530549099999973],
              [109.93951170000008, -7.532789199999968],
              [109.93389920000004, -7.523486199999979],
              [109.92527080000008, -7.523479599999973],
              [109.92019570000008, -7.519333899999936],
              [109.91172840000007, -7.520588199999963],
              [109.91013350000009, -7.522583],
              [109.89887860000005, -7.519868799999927],
              [109.89545220000008, -7.522528199999954],
              [109.89371230000006, -7.521926899999926],
              [109.88906490000005, -7.527368799999977],
              [109.88702410000008, -7.527788699999974],
              [109.88433740000005, -7.531200499999954],
              [109.88374920000007, -7.53595619999993],
              [109.87827830000003, -7.532677299999932],
              [109.87501720000006, -7.526646299999925],
              [109.864302, -7.528915099999949],
              [109.863623, -7.532675599999948],
              [109.86874190000009, -7.537274299999979],
              [109.868413, -7.539554799999962],
              [109.86680210000009, -7.541747499999929],
              [109.86026560000005, -7.544584599999951],
              [109.85981930000008, -7.549780599999963],
              [109.85581530000007, -7.552350299999944],
              [109.85576280000004, -7.558439599999929],
              [109.84975570000006, -7.561571099999981],
              [109.84221410000004, -7.561071799999979],
              [109.839615, -7.571239399999968],
              [109.83669260000005, -7.57514759999998],
              [109.82589480000007, -7.579658599999959],
              [109.82705580000004, -7.583026099999927],
              [109.82405340000008, -7.585843799999964],
              [109.82307790000004, -7.591606899999931],
              [109.824047, -7.597877099999948],
              [109.821504, -7.597544899999946],
              [109.81737020000008, -7.593585899999937],
              [109.81616520000006, -7.594143899999949],
              [109.81637830000005, -7.592747899999949],
              [109.81385250000005, -7.593197799999928],
              [109.81554870000008, -7.594768699999975],
              [109.81499710000008, -7.599157599999955],
              [109.81057740000006, -7.600184899999931],
              [109.80788420000005, -7.607192],
              [109.80510710000004, -7.607214399999975],
              [109.80046080000005, -7.612314699999956],
              [109.78891370000008, -7.610048],
              [109.78758240000008, -7.608530899999948],
              [109.78538540000005, -7.610751299999947],
              [109.77794850000004, -7.604731399999935],
              [109.76452640000008, -7.603243299999974],
              [109.75764380000004, -7.597109199999977],
              [109.75183870000006, -7.581614899999977],
              [109.74936910000008, -7.580693499999938],
              [109.74633380000006, -7.576154],
              [109.74151360000008, -7.574305699999968],
              [109.741905, -7.560549599999945],
              [109.74063960000007, -7.555530699999963],
              [109.742124, -7.551271899999961],
              [109.73715210000006, -7.54395],
              [109.73912050000007, -7.543416899999954],
              [109.73800310000007, -7.535218499999928],
              [109.74102790000006, -7.530507099999966],
              [109.74443050000008, -7.530671499999926],
              [109.75074010000009, -7.527772399999947],
              [109.75195310000004, -7.523662499999944],
              [109.76194, -7.523117],
              [109.76682280000006, -7.518590899999936],
              [109.77320860000009, -7.518637599999977],
              [109.77405550000009, -7.516518099999928],
              [109.76755520000006, -7.510548599999936],
              [109.768219, -7.506082],
              [109.75784260000006, -7.494391099999973],
              [109.75887180000007, -7.489524099999926],
              [109.761116, -7.488379599999973],
              [109.761111, -7.478843099999949],
              [109.75918230000008, -7.46904109999997],
              [109.75681050000009, -7.468290899999943],
              [109.75212630000004, -7.46195229999995],
              [109.75624760000005, -7.449100499999929],
              [109.75268890000007, -7.445536299999958],
              [109.75338530000005, -7.441685599999971],
              [109.75480310000006, -7.43980849999997],
              [109.76054380000005, -7.44059649999997],
              [109.77216340000007, -7.447853],
              [109.77891250000005, -7.448120899999935],
              [109.78644530000008, -7.450694399999975],
              [109.80177630000009, -7.451188499999944],
              [109.80946, -7.44885789999995],
              [109.825383, -7.448629099999948],
              [109.82806530000005, -7.444545299999959],
              [109.828019, -7.436408699999959],
              [109.83173370000009, -7.432658599999968],
              [109.83272550000004, -7.422369],
              [109.82920070000006, -7.421831099999963],
              [109.82958990000009, -7.420349599999952],
              [109.82734680000004, -7.419651899999963],
              [109.82245560000007, -7.421303899999941],
              [109.81698260000007, -7.41548789999996],
              [109.80755530000005, -7.413554499999975],
              [109.80468410000009, -7.410924099999932],
              [109.79242090000008, -7.411521799999946],
              [109.78649140000005, -7.40631819999993],
              [109.78108980000007, -7.406353],
              [109.779335, -7.40231319999998],
              [109.77254490000007, -7.398885699999937],
              [109.76761870000007, -7.392731],
              [109.76326190000009, -7.392957699999954],
              [109.75805670000005, -7.388734299999953],
              [109.75141140000005, -7.390658799999926],
              [109.75123630000007, -7.388629199999968],
              [109.753096, -7.384321299999954],
              [109.76066250000008, -7.386231699999939],
              [109.76135030000006, -7.383222099999955],
              [109.76450060000008, -7.382453],
              [109.76851660000005, -7.371589099999937],
              [109.772438, -7.369433399999934],
              [109.77423860000005, -7.36492579999998],
              [109.77980490000004, -7.365004299999953],
              [109.78297810000004, -7.362860199999943],
              [109.78330020000004, -7.360340199999939],
              [109.78667520000005, -7.357091599999933],
              [109.78570080000009, -7.350233699999933],
              [109.78766380000008, -7.341231299999947],
              [109.79199180000006, -7.338059599999951],
              [109.79256440000006, -7.334005799999943],
              [109.79662330000008, -7.327330599999925],
              [109.79892730000006, -7.32491959999993],
              [109.806633, -7.323566899999946],
              [109.81004830000006, -7.315573399999948],
              [109.81513980000005, -7.312935799999934],
              [109.81596380000008, -7.309467799999936],
              [109.820961, -7.303930199999968],
              [109.82315830000005, -7.303664699999956],
              [109.82536320000008, -7.299271099999942],
              [109.82842260000007, -7.29733989999994],
              [109.83066560000009, -7.297877299999925],
              [109.83507540000005, -7.291815699999972],
              [109.83614350000005, -7.287499899999943],
              [109.83975220000008, -7.286389299999939],
              [109.843216, -7.280391699999939],
              [109.84182740000006, -7.276728099999957],
              [109.84317780000003, -7.274563799999953],
              [109.84148410000006, -7.272887199999957],
              [109.845398, -7.268763499999977],
              [109.849968, -7.256428699999958],
              [109.85005190000004, -7.250993699999981],
              [109.85247040000007, -7.251059],
              [109.85463720000007, -7.241467399999976],
              [109.86224370000008, -7.232468599999947],
              [109.87517550000007, -7.22506],
              [109.88381990000005, -7.225599299999942],
              [109.90696720000005, -7.221252399999969],
              [109.91197970000007, -7.214070299999946],
              [109.90937040000006, -7.206878599999925],
              [109.91067510000005, -7.199985899999945],
              [109.91329190000005, -7.199418499999979],
              [109.91539160000008, -7.195510899999931],
              [109.91867780000007, -7.193854599999952],
              [109.91862550000008, -7.189916199999971],
              [109.92347290000004, -7.187616199999979],
              [109.92999880000008, -7.194649899999945]
            ]
          ]
        ]
      }
    },
    {
      "type": "Feature",
      "properties": {
        "ADM0_EN": "Indonesia",
        "date": "2019-12-20",
        "validOn": "2020-04-01",
        "PROVINCE": "Daerah Istimewa Yogyakarta",
        "Kabupaten": "Kulon Progo",
        "PRV2": "Daerah_Istimewa_Yogyakarta",
        "layer": "Daerah_Istimewa_Yogyakarta_ADMIN_BPS",
        "path": "D:/rudi/Daerah_Istimewa_Yogyakarta_ADMIN_BPS.shp",
        "listkodim_Kodim": "Kodim 0731/Kulon Progo",
        "listkodim_Korem": "Korem 072/Pamungkas"
      },
      "geometry": {
        "type": "MultiPolygon",
        "coordinates": [
          [
            [
              [110.25540920000009, -7.642314899999974],
              [110.26284030000005, -7.645496299999934],
              [110.26609040000005, -7.649539899999979],
              [110.26403050000005, -7.652271199999973],
              [110.26299290000009, -7.660294],
              [110.26696020000009, -7.662754],
              [110.26519340000004, -7.668733199999963],
              [110.26594540000008, -7.673639799999933],
              [110.26300810000004, -7.679436199999941],
              [110.264278, -7.681864499999961],
              [110.26076510000007, -7.686051299999974],
              [110.26578520000004, -7.691018099999951],
              [110.27056120000009, -7.705153],
              [110.26775360000005, -7.707287699999938],
              [110.26173490000008, -7.70484179999994],
              [110.25804270000003, -7.705306499999949],
              [110.25317380000007, -7.708491099999947],
              [110.23256770000006, -7.713735899999961],
              [110.23186580000004, -7.722445799999946],
              [110.22507560000008, -7.723321299999952],
              [110.22109380000006, -7.735276099999965],
              [110.21648590000007, -7.738316599999962],
              [110.21602050000007, -7.741639199999952],
              [110.21941110000006, -7.747074399999974],
              [110.21782420000005, -7.751677799999925],
              [110.22029370000007, -7.754477899999927],
              [110.21884960000006, -7.758598099999972],
              [110.222115, -7.759980399999961],
              [110.21976510000007, -7.762843399999952],
              [110.222584, -7.765622899999926],
              [110.22277480000008, -7.768041799999935],
              [110.22042640000006, -7.776729399999965],
              [110.22765970000006, -7.784415099999933],
              [110.22953650000005, -7.789192599999978],
              [110.23283280000004, -7.790738899999951],
              [110.23611190000008, -7.798668099999929],
              [110.22851050000008, -7.805492399999935],
              [110.23192710000006, -7.809304199999929],
              [110.234175, -7.816176699999971],
              [110.23335140000006, -7.824609599999974],
              [110.22909410000005, -7.831802399999958],
              [110.22169350000007, -7.835331399999973],
              [110.22142650000006, -7.837642199999948],
              [110.22655240000006, -7.842664099999979],
              [110.23203030000008, -7.844941899999981],
              [110.23758450000008, -7.852923199999964],
              [110.25616820000005, -7.865481899999963],
              [110.27265, -7.890906799999925],
              [110.27433610000008, -7.900490199999979],
              [110.27391710000006, -7.909622599999977],
              [110.269528, -7.927809199999956],
              [110.26261350000004, -7.927922299999977],
              [110.25709020000005, -7.923400399999935],
              [110.25190370000007, -7.924959599999966],
              [110.24751340000006, -7.92845669999997],
              [110.23169130000008, -7.959696],
              [110.22653210000004, -7.963414299999954],
              [110.22501610000006, -7.967296799999929],
              [110.21472690000007, -7.978641099999948],
              [110.20956990000008, -7.982309799999939],
              [110.20469160000005, -7.98267409999994],
              [110.172797, -7.962398],
              [110.121584, -7.936391],
              [110.067224, -7.912938],
              [110.002989, -7.888020399999959],
              [110.00470630000007, -7.884925799999962],
              [110.02035180000007, -7.89173489999996],
              [110.02758980000004, -7.891413499999942],
              [110.03098640000007, -7.896711099999948],
              [110.03271630000006, -7.888029099999926],
              [110.03471740000003, -7.885273699999971],
              [110.04238890000005, -7.884899399999938],
              [110.04295660000008, -7.87503],
              [110.04483630000004, -7.873225399999967],
              [110.04473460000008, -7.86886579999998],
              [110.04367330000008, -7.869118],
              [110.04245380000003, -7.864082499999938],
              [110.04327020000005, -7.861524799999927],
              [110.04471810000007, -7.861598899999933],
              [110.04457480000008, -7.858658],
              [110.05091120000009, -7.851039],
              [110.05070810000007, -7.845393299999955],
              [110.05939920000009, -7.841306499999973],
              [110.05888890000006, -7.824176399999942],
              [110.06187860000006, -7.819395099999952],
              [110.06225710000007, -7.814352699999972],
              [110.07173890000007, -7.812335499999961],
              [110.08079090000007, -7.806651199999976],
              [110.08230050000009, -7.801224399999967],
              [110.08654440000004, -7.798149399999943],
              [110.09214890000004, -7.786085599999979],
              [110.09566970000009, -7.78308039999996],
              [110.101246, -7.77903589999994],
              [110.11229880000008, -7.777233699999954],
              [110.11220560000004, -7.773991599999931],
              [110.11448670000004, -7.770509799999957],
              [110.11421210000009, -7.764493499999958],
              [110.12635040000004, -7.748504199999957],
              [110.12959210000008, -7.747539099999926],
              [110.130373, -7.740927699999929],
              [110.13199050000009, -7.739576799999952],
              [110.13178450000004, -7.725871599999948],
              [110.13449290000005, -7.720078899999976],
              [110.13264660000004, -7.715282],
              [110.13475130000006, -7.70623779999994],
              [110.13100280000003, -7.701428799999974],
              [110.13788510000006, -7.693558799999948],
              [110.13563420000008, -7.687792299999956],
              [110.13207890000007, -7.684251699999948],
              [110.12702060000004, -7.682620899999961],
              [110.12688330000009, -7.677486399999964],
              [110.12164190000004, -7.674938199999929],
              [110.11795690000008, -7.669719199999975],
              [110.11885720000004, -7.66792479999998],
              [110.12207680000006, -7.667256799999961],
              [110.12284740000007, -7.663909899999965],
              [110.13040810000007, -7.657583699999975],
              [110.131316, -7.654458],
              [110.13638190000006, -7.654301099999941],
              [110.14226410000003, -7.644875],
              [110.145397, -7.65005],
              [110.15142420000006, -7.646293399999934],
              [110.15992340000008, -7.645834699999966],
              [110.16154840000007, -7.648165499999948],
              [110.16283780000003, -7.646987699999954],
              [110.16548520000003, -7.648837899999933],
              [110.19181870000006, -7.645012899999927],
              [110.20361380000008, -7.651310499999965],
              [110.20799260000007, -7.650692399999969],
              [110.21334580000007, -7.646623199999965],
              [110.21296620000004, -7.647959599999979],
              [110.23272690000005, -7.650623699999926],
              [110.23979950000006, -7.653931099999966],
              [110.24302670000009, -7.652980799999966],
              [110.24713130000004, -7.646851499999968],
              [110.25025940000006, -7.646078599999953],
              [110.25142670000008, -7.642725],
              [110.25540920000009, -7.642314899999974]
            ]
          ]
        ]
      }
    },
    {
      "type": "Feature",
      "properties": {
        "ADM0_EN": "Indonesia",
        "date": "2019-12-20",
        "validOn": "2020-04-01",
        "PROVINCE": "Daerah Istimewa Yogyakarta",
        "Kabupaten": "Sleman",
        "PRV2": "Daerah_Istimewa_Yogyakarta",
        "layer": "Daerah_Istimewa_Yogyakarta_ADMIN_BPS",
        "path": "D:/rudi/Daerah_Istimewa_Yogyakarta_ADMIN_BPS.shp",
        "listkodim_Kodim": "Kodim 0732/Sleman",
        "listkodim_Korem": "Korem 072/Pamungkas"
      },
      "geometry": {
        "type": "MultiPolygon",
        "coordinates": [
          [
            [
              [110.45307160000004, -7.551997599999936],
              [110.45626070000009, -7.557588499999952],
              [110.45949550000006, -7.569444199999964],
              [110.46048740000003, -7.580072899999948],
              [110.459465, -7.583695399999954],
              [110.46315770000007, -7.604233699999952],
              [110.46849730000008, -7.61768079999996],
              [110.46870420000005, -7.638313299999936],
              [110.49157830000007, -7.741193799999962],
              [110.49176790000007, -7.766805199999965],
              [110.50939410000007, -7.770264299999951],
              [110.51244350000007, -7.779113699999925],
              [110.51888280000009, -7.782807299999945],
              [110.522662, -7.783097299999952],
              [110.52508010000008, -7.787828099999956],
              [110.529577, -7.791040599999974],
              [110.53122890000009, -7.798343399999965],
              [110.53458880000005, -7.796601],
              [110.53527070000007, -7.794225199999971],
              [110.53741450000007, -7.79452509999993],
              [110.53621670000007, -7.79771089999997],
              [110.53958340000008, -7.79803759999993],
              [110.54015530000004, -7.795046599999978],
              [110.54349260000004, -7.794290899999964],
              [110.54650860000004, -7.800580799999977],
              [110.54463320000008, -7.805517799999961],
              [110.54557920000008, -7.815186599999947],
              [110.54207730000007, -7.819781],
              [110.54233450000004, -7.82290949999998],
              [110.54045770000005, -7.824039199999959],
              [110.53489860000008, -7.822607199999936],
              [110.52989110000004, -7.823750299999972],
              [110.53093630000006, -7.825459699999954],
              [110.51858360000006, -7.830914899999925],
              [110.515088, -7.830264799999952],
              [110.51424880000008, -7.828173799999945],
              [110.51144580000005, -7.82904069999995],
              [110.51009080000006, -7.82288669999997],
              [110.50807070000008, -7.821681799999965],
              [110.50525010000007, -7.82347569999996],
              [110.49249150000009, -7.822734599999933],
              [110.48471710000007, -7.821296899999936],
              [110.48548770000008, -7.81864719999993],
              [110.48211790000005, -7.817618799999934],
              [110.47938650000009, -7.824831899999936],
              [110.47571870000007, -7.825203099999953],
              [110.47601070000007, -7.823724299999981],
              [110.47122030000008, -7.822879099999966],
              [110.46665960000007, -7.827821899999947],
              [110.46535990000007, -7.822026899999969],
              [110.46204140000009, -7.821130099999948],
              [110.46179520000004, -7.822490599999981],
              [110.460192, -7.81967439999994],
              [110.45311920000006, -7.821140799999966],
              [110.45262320000006, -7.824318299999959],
              [110.44379330000004, -7.823929899999939],
              [110.44472220000006, -7.828550499999949],
              [110.44087610000008, -7.827389099999948],
              [110.43700280000007, -7.828235399999926],
              [110.43622480000005, -7.831810799999971],
              [110.43421870000009, -7.83308169999998],
              [110.43475490000009, -7.836021499999958],
              [110.42994570000008, -7.837450399999966],
              [110.43072740000008, -7.830370899999934],
              [110.42712340000008, -7.827914899999939],
              [110.42841040000008, -7.822493399999928],
              [110.42273520000003, -7.821996099999978],
              [110.421357, -7.82038179999995],
              [110.42276860000004, -7.818624299999954],
              [110.42090130000008, -7.807003899999927],
              [110.422821, -7.800499399999978],
              [110.42278010000007, -7.796207399999957],
              [110.42039490000008, -7.791589699999975],
              [110.42106290000004, -7.786572499999977],
              [110.41716430000008, -7.786654599999963],
              [110.41623790000006, -7.783340299999963],
              [110.41282930000006, -7.783301399999971],
              [110.41265540000006, -7.787058899999977],
              [110.41024470000008, -7.789574499999958],
              [110.40935710000008, -7.7863],
              [110.40728430000007, -7.788086499999963],
              [110.40643960000006, -7.784908],
              [110.40565920000006, -7.786997499999927],
              [110.40167880000007, -7.78749769999996],
              [110.40065140000007, -7.792212199999938],
              [110.39908420000006, -7.785844199999929],
              [110.39482270000008, -7.788472899999931],
              [110.39054240000007, -7.78039659999996],
              [110.38027870000008, -7.780016199999977],
              [110.37544140000006, -7.774647],
              [110.37000030000007, -7.775037499999939],
              [110.36851210000009, -7.770320699999957],
              [110.36653550000005, -7.771713299999931],
              [110.36658250000005, -7.769602799999973],
              [110.36211560000004, -7.768564399999946],
              [110.36064430000005, -7.771349199999975],
              [110.35906140000009, -7.771261599999946],
              [110.352741, -7.766644299999939],
              [110.35331180000009, -7.771689699999968],
              [110.35141410000006, -7.768129299999941],
              [110.34902590000007, -7.769869799999981],
              [110.34770350000008, -7.780533799999944],
              [110.34556950000007, -7.782695299999943],
              [110.34633350000007, -7.784800799999971],
              [110.34402950000003, -7.791217099999926],
              [110.33901260000005, -7.792483499999946],
              [110.33792280000006, -7.797362599999929],
              [110.33143840000008, -7.800074699999925],
              [110.33069050000006, -7.805901],
              [110.32149910000004, -7.80427229999998],
              [110.31910080000006, -7.807261399999959],
              [110.31660720000008, -7.805663],
              [110.31473990000006, -7.809481799999958],
              [110.31589920000005, -7.809838899999932],
              [110.31431970000006, -7.818462299999965],
              [110.31632020000006, -7.819866899999965],
              [110.31644230000006, -7.823713299999952],
              [110.31171110000008, -7.818283699999938],
              [110.30706460000005, -7.822127399999943],
              [110.30650240000006, -7.827681699999971],
              [110.304386, -7.827374899999938],
              [110.30347940000007, -7.825237699999946],
              [110.30252410000008, -7.827210299999933],
              [110.29818750000004, -7.827123],
              [110.29849480000007, -7.832255599999939],
              [110.29511110000004, -7.83056629999993],
              [110.29218960000009, -7.833976099999973],
              [110.28858630000008, -7.833631],
              [110.28762230000007, -7.82194149999998],
              [110.28487220000005, -7.817025],
              [110.28209440000006, -7.817111099999977],
              [110.28384240000008, -7.808128299999964],
              [110.28246530000007, -7.805942499999958],
              [110.28699850000004, -7.802923199999952],
              [110.29092730000008, -7.793363199999931],
              [110.29043670000004, -7.789206399999955],
              [110.28704520000008, -7.787606099999948],
              [110.28866150000005, -7.785480099999972],
              [110.28723530000008, -7.784548899999947],
              [110.28378080000005, -7.78615579999996],
              [110.27943540000007, -7.784982299999967],
              [110.27589720000009, -7.791471799999954],
              [110.26959390000007, -7.793451],
              [110.26758410000008, -7.795706299999949],
              [110.26347950000007, -7.794526099999928],
              [110.25722230000008, -7.799907299999973],
              [110.25619990000007, -7.800030699999979],
              [110.25741240000008, -7.797345099999973],
              [110.25392220000003, -7.796089599999959],
              [110.25053020000007, -7.803617699999961],
              [110.24830920000005, -7.803765099999964],
              [110.24781190000004, -7.805846499999973],
              [110.24362670000005, -7.805188199999975],
              [110.24001030000005, -7.806901799999935],
              [110.23409760000004, -7.814446499999974],
              [110.23283510000005, -7.814079699999979],
              [110.23236210000005, -7.809974599999975],
              [110.22842530000008, -7.805863299999942],
              [110.23611190000008, -7.798668099999929],
              [110.23255010000008, -7.790386099999978],
              [110.22906350000005, -7.788802499999974],
              [110.22802680000007, -7.784957],
              [110.22033510000006, -7.776114299999961],
              [110.22277480000008, -7.768041799999935],
              [110.222584, -7.765622899999926],
              [110.21976510000007, -7.762843399999952],
              [110.22208440000009, -7.76034089999996],
              [110.21873510000006, -7.75764769999995],
              [110.22040810000004, -7.754691],
              [110.21787, -7.75210409999994],
              [110.21941110000006, -7.747074399999974],
              [110.21612730000004, -7.74019439999995],
              [110.21683690000003, -7.737759599999947],
              [110.22109380000006, -7.735276099999965],
              [110.22463310000006, -7.723919199999955],
              [110.23186580000004, -7.722445799999946],
              [110.23256770000006, -7.713735899999961],
              [110.25382230000008, -7.708255599999973],
              [110.25804270000003, -7.705306499999949],
              [110.27224730000006, -7.706881],
              [110.27379610000008, -7.701113199999952],
              [110.284486, -7.687344099999962],
              [110.29153440000005, -7.672158199999956],
              [110.29954530000003, -7.664756299999965],
              [110.30299380000008, -7.656032499999981],
              [110.32207490000008, -7.645495399999959],
              [110.33991240000006, -7.629167499999937],
              [110.35470580000003, -7.622735899999952],
              [110.37586970000007, -7.606747599999949],
              [110.37940980000008, -7.601461899999947],
              [110.38821410000008, -7.597523599999931],
              [110.39072420000008, -7.595261099999959],
              [110.38998410000005, -7.592444399999977],
              [110.39648440000008, -7.588788499999964],
              [110.40008550000005, -7.584784899999931],
              [110.40205380000003, -7.578958499999942],
              [110.41617580000008, -7.561073699999952],
              [110.42442320000004, -7.556708799999967],
              [110.42879490000007, -7.552082499999926],
              [110.44070440000007, -7.546436699999958],
              [110.44607210000004, -7.541902299999947],
              [110.45307160000004, -7.551997599999936]
            ]
          ]
        ]
      }
    },
    {
      "type": "Feature",
      "properties": {
        "ADM0_EN": "Indonesia",
        "date": "2019-12-20",
        "validOn": "2020-04-01",
        "PROVINCE": "Daerah Istimewa Yogyakarta",
        "Kabupaten": "Gunung Kidul",
        "PRV2": "Daerah_Istimewa_Yogyakarta",
        "layer": "Daerah_Istimewa_Yogyakarta_ADMIN_BPS",
        "path": "D:/rudi/Daerah_Istimewa_Yogyakarta_ADMIN_BPS.shp",
        "listkodim_Kodim": "Kodim 0730/Gunung Kidul",
        "listkodim_Korem": "Korem 072/Pamungkas"
      },
      "geometry": {
        "type": "MultiPolygon",
        "coordinates": [
          [
            [
              [110.67169430000007, -8.179859299999976],
              [110.67180120000006, -8.18042],
              [110.67148840000004, -8.180349399999955],
              [110.67169430000007, -8.179859299999976]
            ]
          ],
          [
            [
              [110.66238650000008, -8.177304399999969],
              [110.66234180000004, -8.17786069999994],
              [110.66196550000006, -8.17770489999998],
              [110.66238650000008, -8.177304399999969]
            ]
          ],
          [
            [
              [110.60470990000005, -8.147547699999961],
              [110.60442760000007, -8.148279199999934],
              [110.60415160000008, -8.148062099999947],
              [110.60470990000005, -8.147547699999961]
            ]
          ],
          [
            [
              [110.58561370000007, -8.145442899999978],
              [110.58546640000009, -8.145827],
              [110.58520940000005, -8.145790099999942],
              [110.58561370000007, -8.145442899999978]
            ]
          ],
          [
            [
              [110.57780740000004, -8.139657799999952],
              [110.57751220000006, -8.139034099999947],
              [110.57847340000006, -8.138994099999934],
              [110.57780740000004, -8.139657799999952]
            ]
          ],
          [
            [
              [110.55513680000007, -8.134280799999942],
              [110.55544190000006, -8.134721399999933],
              [110.55512910000004, -8.134698499999956],
              [110.55513680000007, -8.134280799999942]
            ]
          ],
          [
            [
              [110.55374070000005, -8.133866799999964],
              [110.55374830000005, -8.134107099999937],
              [110.55352710000005, -8.133898299999942],
              [110.55374070000005, -8.133866799999964]
            ]
          ],
          [
            [
              [110.56881290000007, -7.785709199999928],
              [110.584316, -7.790808599999934],
              [110.58388520000005, -7.797823199999925],
              [110.57656320000007, -7.801563399999964],
              [110.57612590000008, -7.80501],
              [110.57696510000005, -7.807145099999957],
              [110.58565510000005, -7.802814299999966],
              [110.58799730000004, -7.804961],
              [110.58518970000006, -7.808029],
              [110.58605180000006, -7.808616399999948],
              [110.59413910000006, -7.806344499999966],
              [110.59947970000007, -7.80683369999997],
              [110.60073070000004, -7.805020599999978],
              [110.59905240000006, -7.799751199999946],
              [110.60708620000008, -7.798421799999971],
              [110.60782, -7.79665],
              [110.60789490000008, -7.798219199999949],
              [110.61180120000006, -7.798651699999937],
              [110.61608890000008, -7.80211909999997],
              [110.61841570000007, -7.799143099999981],
              [110.622773, -7.800477099999966],
              [110.62562640000004, -7.803394399999945],
              [110.628092, -7.800948],
              [110.63817740000007, -7.800393699999972],
              [110.64694080000004, -7.795303299999944],
              [110.65786120000007, -7.80478549999998],
              [110.66356180000008, -7.793832899999927],
              [110.66994880000004, -7.790075299999955],
              [110.66866480000004, -7.787110499999926],
              [110.67080570000007, -7.786172099999931],
              [110.674166, -7.78774379999993],
              [110.67663790000006, -7.791357799999957],
              [110.67220270000007, -7.795861399999978],
              [110.67183650000004, -7.803637199999969],
              [110.67504090000006, -7.803225699999928],
              [110.67919890000007, -7.806330799999955],
              [110.69207730000005, -7.808445099999972],
              [110.70954860000006, -7.804757699999925],
              [110.71420590000008, -7.799004699999955],
              [110.71280290000004, -7.791949],
              [110.72391890000006, -7.794428599999947],
              [110.72842480000008, -7.797622399999966],
              [110.72917210000008, -7.800710899999956],
              [110.74233190000007, -7.806702499999972],
              [110.74279110000003, -7.813401499999941],
              [110.74507280000006, -7.81785629999996],
              [110.75133180000006, -7.819892099999947],
              [110.75199430000004, -7.824165899999969],
              [110.75768830000004, -7.827710299999978],
              [110.76310260000008, -7.824360899999931],
              [110.76287840000003, -7.815066799999954],
              [110.76532670000006, -7.812762799999973],
              [110.76435160000005, -7.809933399999977],
              [110.77218160000007, -7.80854329999994],
              [110.77604940000003, -7.814126899999962],
              [110.77788080000005, -7.81523],
              [110.77983390000009, -7.81388],
              [110.78489220000006, -7.81664909999995],
              [110.78253180000007, -7.846235199999967],
              [110.78446960000008, -7.84728089999993],
              [110.78342440000006, -7.851701699999978],
              [110.78741460000003, -7.851000699999929],
              [110.78828430000004, -7.855024799999967],
              [110.78649140000005, -7.857427599999937],
              [110.78405760000004, -7.85776519999996],
              [110.784378, -7.860278599999958],
              [110.78256220000009, -7.862922599999933],
              [110.78362270000008, -7.873360099999957],
              [110.77726740000008, -7.879737299999931],
              [110.77557370000005, -7.886486499999933],
              [110.777832, -7.891917199999966],
              [110.77104950000006, -7.902040899999974],
              [110.76919290000006, -7.915600199999972],
              [110.77212520000006, -7.926809299999945],
              [110.77014160000004, -7.941711899999973],
              [110.77170560000008, -7.945043099999964],
              [110.76841740000003, -7.955127699999935],
              [110.76843260000004, -7.979480699999954],
              [110.76602170000007, -7.990042699999947],
              [110.76078030000008, -7.991148399999929],
              [110.76132960000007, -8.002645499999971],
              [110.75602720000006, -8.014791499999944],
              [110.75417350000004, -8.02579],
              [110.76655580000005, -8.044120799999973],
              [110.77171330000004, -8.057699199999945],
              [110.77851870000006, -8.067645],
              [110.77941130000005, -8.08403009999995],
              [110.78707120000007, -8.101463299999978],
              [110.78916930000008, -8.114723199999958],
              [110.78979490000006, -8.125],
              [110.78549960000004, -8.139707499999929],
              [110.78702540000006, -8.153210599999966],
              [110.79099270000006, -8.15899369999994],
              [110.79868320000008, -8.162684399999932],
              [110.80973820000008, -8.155511799999942],
              [110.81225590000008, -8.146713199999965],
              [110.81712340000007, -8.14363],
              [110.81890270000008, -8.144908199999975],
              [110.81641390000004, -8.153625499999976],
              [110.81840520000009, -8.15857879999993],
              [110.82308960000006, -8.161266299999966],
              [110.82636260000004, -8.16978359999996],
              [110.83318330000009, -8.173638299999936],
              [110.83421330000004, -8.175752599999953],
              [110.83255, -8.180794699999979],
              [110.83448030000005, -8.19026279999997],
              [110.82923890000006, -8.194750799999952],
              [110.82908020000008, -8.203775599999972],
              [110.82500140000008, -8.202350299999978],
              [110.82083660000006, -8.203103599999963],
              [110.82126580000005, -8.202013099999931],
              [110.81793820000007, -8.19982639999995],
              [110.81001010000006, -8.198731099999975],
              [110.80755020000004, -8.20062809999996],
              [110.80297980000006, -8.197248199999933],
              [110.79945020000008, -8.197933699999965],
              [110.797439, -8.195579099999975],
              [110.798048, -8.190039399999932],
              [110.794623, -8.192969],
              [110.789023, -8.19394],
              [110.787249, -8.19272],
              [110.781298, -8.196372],
              [110.773232, -8.196452],
              [110.772999, -8.195332],
              [110.766807, -8.196503],
              [110.76337, -8.195185],
              [110.74907440000004, -8.196714],
              [110.73756960000009, -8.192430099999967],
              [110.73152680000004, -8.192633],
              [110.725063, -8.199308],
              [110.72251, -8.197319],
              [110.720299, -8.199602],
              [110.715385, -8.197729],
              [110.708718, -8.200833],
              [110.705987, -8.199221],
              [110.70623, -8.195245],
              [110.710178, -8.192137],
              [110.710124, -8.187188],
              [110.70731, -8.183529],
              [110.704387, -8.185895],
              [110.70177, -8.18455],
              [110.700021, -8.18714],
              [110.699931, -8.186055],
              [110.695896, -8.187146],
              [110.686737, -8.185437],
              [110.683206, -8.181983],
              [110.67955690000008, -8.182891199999972],
              [110.669006, -8.176945],
              [110.662747, -8.176574],
              [110.65908040000005, -8.172831299999928],
              [110.654694, -8.173229],
              [110.649668, -8.169001],
              [110.6441, -8.168345],
              [110.635803, -8.16176],
              [110.625, -8.158226],
              [110.602944, -8.145255],
              [110.598611, -8.145672],
              [110.596354, -8.149311],
              [110.594976, -8.147052],
              [110.591272, -8.147358],
              [110.585086, -8.144567],
              [110.583437, -8.140825],
              [110.57879560000003, -8.137972799999943],
              [110.567681, -8.137415],
              [110.553301, -8.13346],
              [110.550273, -8.134413],
              [110.54781150000008, -8.12836539999995],
              [110.545928, -8.132289],
              [110.544943, -8.131817],
              [110.545601, -8.134971],
              [110.534408, -8.129845],
              [110.532536, -8.131416],
              [110.527216, -8.131386],
              [110.526972, -8.129404],
              [110.522407, -8.128386],
              [110.521741, -8.126156],
              [110.517161, -8.124999],
              [110.516277, -8.122978],
              [110.514324, -8.123463],
              [110.51422, -8.122284],
              [110.512868, -8.123815],
              [110.50320880000004, -8.118798599999934],
              [110.491807, -8.116992],
              [110.485786, -8.112139],
              [110.481491, -8.112238],
              [110.476457, -8.109934],
              [110.472316, -8.110679],
              [110.469024, -8.107936],
              [110.469191, -8.109889],
              [110.467374, -8.110146],
              [110.45018, -8.100472],
              [110.43874, -8.100553],
              [110.434566, -8.098835],
              [110.434667, -8.093925],
              [110.430167, -8.088995],
              [110.418395, -8.086502],
              [110.41625, -8.082581],
              [110.409586, -8.081332],
              [110.408351, -8.079191],
              [110.397248, -8.078477],
              [110.387611, -8.072763],
              [110.375226, -8.071614],
              [110.368327, -8.061464],
              [110.363485, -8.059573],
              [110.355185, -8.05228],
              [110.348625, -8.041434],
              [110.344515, -8.030456],
              [110.340224, -8.028239],
              [110.33303020000005, -8.017488699999944],
              [110.32927080000007, -8.006670399999962],
              [110.33121850000003, -7.99894089999998],
              [110.34019070000005, -7.994775299999958],
              [110.35118160000007, -7.995534199999952],
              [110.35536380000008, -7.991543299999933],
              [110.355168, -7.987962399999958],
              [110.35293280000008, -7.989699],
              [110.35038780000008, -7.989379199999973],
              [110.35453080000008, -7.98130539999994],
              [110.35088490000004, -7.977347099999974],
              [110.35007050000007, -7.97573959999994],
              [110.35123820000007, -7.975072599999976],
              [110.35755740000008, -7.980998099999965],
              [110.364198, -7.983425499999953],
              [110.36628420000005, -7.980121899999972],
              [110.36680010000003, -7.973527899999965],
              [110.38128160000008, -7.982139599999925],
              [110.39682270000009, -7.980677599999979],
              [110.39868880000006, -7.977244199999973],
              [110.39677690000008, -7.974156799999946],
              [110.39689210000006, -7.97013869999995],
              [110.40022510000006, -7.969128199999943],
              [110.40460280000008, -7.969230499999981],
              [110.41027520000006, -7.972331899999972],
              [110.41364250000004, -7.971405499999946],
              [110.42162510000009, -7.973403699999949],
              [110.42791940000006, -7.970587499999965],
              [110.43258090000006, -7.964977],
              [110.43570720000008, -7.96682],
              [110.44350450000007, -7.966790799999956],
              [110.44375630000008, -7.95105609999996],
              [110.45032020000008, -7.947044299999959],
              [110.45278950000005, -7.948329099999967],
              [110.45500180000005, -7.952346499999976],
              [110.45152490000004, -7.955289299999947],
              [110.45078150000006, -7.961800499999981],
              [110.45521560000009, -7.967380699999978],
              [110.45745090000008, -7.965100899999925],
              [110.45664390000007, -7.958381499999973],
              [110.46584220000005, -7.954398499999968],
              [110.46715080000007, -7.955984099999966],
              [110.46505620000005, -7.957081099999925],
              [110.46488810000005, -7.959421499999962],
              [110.47060410000006, -7.963176899999951],
              [110.46721670000005, -7.966885699999978],
              [110.46347830000008, -7.967503199999953],
              [110.46379110000004, -7.968834499999957],
              [110.46733110000008, -7.971232599999951],
              [110.46974960000006, -7.969847799999968],
              [110.47691360000005, -7.971615899999961],
              [110.47747820000006, -7.970486799999946],
              [110.47264880000006, -7.967344],
              [110.47590660000009, -7.965172399999972],
              [110.472589, -7.953847699999926],
              [110.47811890000008, -7.949888699999974],
              [110.47641750000008, -7.942675099999974],
              [110.48229220000007, -7.942137399999979],
              [110.48821260000005, -7.945064499999944],
              [110.48926540000008, -7.939044499999966],
              [110.49060860000009, -7.939701899999932],
              [110.49264810000005, -7.938067699999976],
              [110.49356590000008, -7.931861199999958],
              [110.49165530000005, -7.926096499999971],
              [110.49618230000004, -7.91486029999993],
              [110.49829720000008, -7.900843699999939],
              [110.496017, -7.896949599999971],
              [110.49558260000003, -7.891286299999933],
              [110.484024, -7.888691],
              [110.47633010000004, -7.889313],
              [110.47074130000004, -7.877096299999948],
              [110.47371670000007, -7.875208499999928],
              [110.468148, -7.870373599999937],
              [110.46757520000006, -7.86677949999995],
              [110.47033580000004, -7.861976399999946],
              [110.47234320000007, -7.861322899999948],
              [110.47370150000006, -7.854681599999935],
              [110.48287960000005, -7.840888],
              [110.48745050000008, -7.839926099999957],
              [110.48942290000008, -7.837537299999951],
              [110.49490510000004, -7.839346],
              [110.49785390000005, -7.837922299999946],
              [110.51628660000006, -7.837653499999931],
              [110.52115670000006, -7.83408739999993],
              [110.51976850000005, -7.831062299999928],
              [110.52185740000004, -7.828618799999958],
              [110.53049380000004, -7.825734399999931],
              [110.52989110000004, -7.823750299999972],
              [110.542365, -7.823536599999954],
              [110.54207730000007, -7.819781],
              [110.54554110000004, -7.815713499999958],
              [110.54468660000003, -7.805448199999944],
              [110.54652950000008, -7.798026399999969],
              [110.54399330000007, -7.796499299999937],
              [110.54432680000008, -7.792830899999956],
              [110.54836270000004, -7.79125879999998],
              [110.55130770000005, -7.794808699999976],
              [110.55565310000009, -7.794895099999962],
              [110.55332150000004, -7.792459299999962],
              [110.55353540000004, -7.787866599999973],
              [110.55782320000009, -7.783253599999966],
              [110.563613, -7.782448699999975],
              [110.56881290000007, -7.785709199999928]
            ]
          ],
          [
            [
              [110.820433, -8.202837699999975],
              [110.81980490000007, -8.20357729999995],
              [110.81938390000005, -8.203447399999959],
              [110.820433, -8.202837699999975]
            ]
          ],
          [
            [
              [110.71845130000008, -8.200161099999946],
              [110.71900810000005, -8.199600699999962],
              [110.71966840000005, -8.201224699999955],
              [110.71845130000008, -8.200161099999946]
            ]
          ],
          [
            [
              [110.71222690000008, -8.199131799999975],
              [110.71272180000005, -8.199422099999936],
              [110.71256950000009, -8.19966],
              [110.71222690000008, -8.199131799999975]
            ]
          ],
          [
            [
              [110.74487140000008, -8.195545899999956],
              [110.74465270000007, -8.195807099999968],
              [110.74455460000007, -8.195382399999971],
              [110.74487140000008, -8.195545899999956]
            ]
          ],
          [
            [
              [110.67662610000008, -8.185614399999963],
              [110.67641250000008, -8.185446599999977],
              [110.67660320000005, -8.185337899999979],
              [110.67662610000008, -8.185614399999963]
            ]
          ],
          [
            [
              [110.67787730000003, -8.184309799999937],
              [110.67818250000005, -8.18406559999994],
              [110.67845720000008, -8.184821899999974],
              [110.67787730000003, -8.184309799999937]
            ]
          ],
          [
            [
              [110.67844960000008, -8.182962199999963],
              [110.67886910000004, -8.182990899999936],
              [110.67886910000004, -8.183844399999941],
              [110.67844960000008, -8.182962199999963]
            ]
          ],
          [
            [
              [110.68112750000006, -8.18272289999993],
              [110.68189040000004, -8.18282679999993],
              [110.68107410000005, -8.182894499999975],
              [110.68112750000006, -8.18272289999993]
            ]
          ]
        ]
      }
    },
    {
      "type": "Feature",
      "properties": {
        "ADM0_EN": "Indonesia",
        "date": "2019-12-20",
        "validOn": "2020-04-01",
        "PROVINCE": "Jawa Tengah",
        "Kabupaten": "Sukoharjo",
        "PRV2": "Jawa_Tengah",
        "layer": "Jawa_Tengah_ADMIN_BPS",
        "path": "D:/rudi/Jawa_Tengah_ADMIN_BPS.shp",
        "listkodim_Kodim": "Kodim 0726/Sukoharjo",
        "listkodim_Korem": "Korem 074/Warastratama"
      },
      "geometry": {
        "type": "MultiPolygon",
        "coordinates": [
          [
            [
              [110.73043860000007, -7.539133599999957],
              [110.73732790000008, -7.538272899999981],
              [110.73744320000009, -7.539505299999973],
              [110.74736850000005, -7.541362399999969],
              [110.74955270000004, -7.544697799999938],
              [110.75455980000004, -7.546032599999933],
              [110.75829670000007, -7.549567599999932],
              [110.76184510000007, -7.547117199999946],
              [110.76207590000007, -7.543675899999926],
              [110.76386720000005, -7.543787099999975],
              [110.76262090000006, -7.542644499999938],
              [110.77062770000003, -7.545073499999944],
              [110.76912290000007, -7.551397099999974],
              [110.778582, -7.554257099999973],
              [110.77823640000008, -7.560508699999957],
              [110.78383640000004, -7.563662499999964],
              [110.78277590000005, -7.575268699999981],
              [110.78773090000004, -7.575346399999944],
              [110.79000170000006, -7.57312479999996],
              [110.79231740000006, -7.573509599999966],
              [110.79272290000006, -7.571397099999956],
              [110.80118570000008, -7.571344799999963],
              [110.80477140000005, -7.574008399999968],
              [110.80651550000005, -7.579375699999957],
              [110.80934910000008, -7.580961699999932],
              [110.80969070000003, -7.583145699999932],
              [110.817695, -7.588931399999979],
              [110.81684970000003, -7.591912199999967],
              [110.818718, -7.594541],
              [110.82220130000007, -7.595158099999935],
              [110.82788940000006, -7.592843599999981],
              [110.83322140000007, -7.594697899999971],
              [110.83646370000008, -7.591022899999928],
              [110.84056740000005, -7.589549099999942],
              [110.84100480000006, -7.58243559999994],
              [110.84731550000004, -7.572726],
              [110.85415940000007, -7.574855299999967],
              [110.85460490000008, -7.569945299999972],
              [110.859726, -7.569984399999953],
              [110.86102950000009, -7.567144799999937],
              [110.87004170000006, -7.56735649999996],
              [110.91139140000007, -7.583895299999938],
              [110.90670040000003, -7.60671009999993],
              [110.90440020000005, -7.614186199999949],
              [110.902946, -7.614452399999948],
              [110.91628580000008, -7.612623799999938],
              [110.93644720000009, -7.617535099999941],
              [110.946671, -7.618341399999963],
              [110.94553160000004, -7.619277199999942],
              [110.94786610000006, -7.623615399999949],
              [110.94745570000003, -7.62913089999995],
              [110.94446070000004, -7.636731199999929],
              [110.942357, -7.637275599999953],
              [110.94802860000004, -7.654903899999965],
              [110.94772550000005, -7.66895],
              [110.95283210000008, -7.680254599999955],
              [110.958417, -7.681478699999957],
              [110.95989480000009, -7.683690599999977],
              [110.95384180000008, -7.683273199999974],
              [110.94942570000006, -7.69509329999994],
              [110.94779540000008, -7.708638199999939],
              [110.945276, -7.712317599999949],
              [110.94410390000007, -7.720022699999959],
              [110.94145980000008, -7.720078799999953],
              [110.94381850000008, -7.720034],
              [110.94390350000003, -7.721341],
              [110.93988320000005, -7.746883399999945],
              [110.94076870000004, -7.766386099999977],
              [110.93611620000007, -7.780306499999938],
              [110.93439480000006, -7.776693299999977],
              [110.93201080000006, -7.777532099999974],
              [110.92933660000006, -7.77095],
              [110.92351050000008, -7.770474599999943],
              [110.91844940000004, -7.765191499999958],
              [110.91646570000006, -7.760611499999925],
              [110.91309350000006, -7.759556699999962],
              [110.91078190000007, -7.756031],
              [110.89434890000007, -7.750727499999925],
              [110.88722680000006, -7.75201119999997],
              [110.883389, -7.755063699999937],
              [110.88307950000006, -7.750000399999976],
              [110.87670470000006, -7.746431299999927],
              [110.87834290000006, -7.751598199999933],
              [110.87037690000005, -7.750144699999964],
              [110.86553120000008, -7.754084899999953],
              [110.86344440000005, -7.753279499999962],
              [110.86349830000006, -7.757225099999971],
              [110.860656, -7.759058599999946],
              [110.86274380000003, -7.765169499999956],
              [110.85984620000005, -7.766239299999938],
              [110.85800270000004, -7.770615899999939],
              [110.856781, -7.776294699999937],
              [110.85816190000008, -7.779815199999973],
              [110.85472870000007, -7.784507699999949],
              [110.85992430000005, -7.795833499999958],
              [110.855896, -7.801349099999925],
              [110.85749050000004, -7.80923219999994],
              [110.854191, -7.813779299999965],
              [110.84996030000008, -7.815166399999953],
              [110.84551240000008, -7.812832299999968],
              [110.84071350000005, -7.804949299999976],
              [110.84147640000003, -7.800111299999969],
              [110.83973250000008, -7.801281],
              [110.83769230000007, -7.797485799999947],
              [110.83185140000006, -7.795430299999964],
              [110.82772570000009, -7.797034099999962],
              [110.82581280000005, -7.794622],
              [110.81536220000004, -7.794019599999956],
              [110.81184750000006, -7.791446599999972],
              [110.81106570000009, -7.792409699999951],
              [110.80606590000008, -7.791132299999958],
              [110.80184690000004, -7.792028899999934],
              [110.80146790000003, -7.794353499999943],
              [110.79748880000005, -7.796018499999946],
              [110.792928, -7.79506669999995],
              [110.793809, -7.795798599999955],
              [110.78525040000005, -7.799900699999966],
              [110.78276270000003, -7.80842],
              [110.78573890000007, -7.813496699999973],
              [110.78538530000009, -7.81697029999998],
              [110.78004750000008, -7.814064099999939],
              [110.778102, -7.815381599999967],
              [110.77604940000003, -7.814126899999962],
              [110.77248680000008, -7.808649599999967],
              [110.76435160000005, -7.809933399999977],
              [110.76532670000006, -7.812762799999973],
              [110.76266130000005, -7.815738799999963],
              [110.76337730000006, -7.823861699999952],
              [110.75768830000004, -7.827710299999978],
              [110.75199430000004, -7.824165899999969],
              [110.750987, -7.819695899999942],
              [110.74507280000006, -7.81785629999996],
              [110.74181750000008, -7.806318499999975],
              [110.73559890000007, -7.803938],
              [110.73281480000009, -7.801197799999954],
              [110.72857920000007, -7.800504199999978],
              [110.72862380000004, -7.798251299999947],
              [110.72443770000007, -7.79477],
              [110.71656650000006, -7.791597099999933],
              [110.71254790000006, -7.792938399999969],
              [110.712899, -7.790121599999964],
              [110.71880750000008, -7.783879399999933],
              [110.72090420000006, -7.783439599999951],
              [110.72191320000007, -7.77786059999994],
              [110.72498520000005, -7.777221199999929],
              [110.72717390000008, -7.769991799999957],
              [110.72961710000004, -7.768897799999934],
              [110.72864850000008, -7.767982],
              [110.73014070000005, -7.762532699999952],
              [110.73483280000005, -7.76261089999997],
              [110.73669430000007, -7.760391699999957],
              [110.74214490000008, -7.761136],
              [110.74314880000009, -7.75870759999998],
              [110.73997950000006, -7.757336199999941],
              [110.74291590000007, -7.756652499999973],
              [110.74179840000005, -7.754828399999951],
              [110.75061080000006, -7.743990499999938],
              [110.75100720000006, -7.740477099999964],
              [110.75485230000004, -7.738775199999964],
              [110.758266, -7.73446389999998],
              [110.75969810000004, -7.727593799999966],
              [110.76140790000005, -7.727349499999946],
              [110.76589610000008, -7.720664899999974],
              [110.76380120000005, -7.719951],
              [110.76425930000005, -7.717459199999951],
              [110.76611330000009, -7.715322],
              [110.76983470000005, -7.716874799999971],
              [110.77056120000009, -7.715903699999956],
              [110.76956940000008, -7.71260209999997],
              [110.77218630000004, -7.713017],
              [110.76970670000009, -7.710763],
              [110.76810450000005, -7.705281699999944],
              [110.76903690000006, -7.703058299999952],
              [110.76749160000008, -7.701345599999968],
              [110.76967340000004, -7.699621099999945],
              [110.76899920000005, -7.696847799999944],
              [110.77416290000008, -7.693411799999978],
              [110.76717720000005, -7.689403099999936],
              [110.76751210000003, -7.688064899999972],
              [110.76973190000007, -7.689011],
              [110.77051180000007, -7.687098799999944],
              [110.76848640000009, -7.684394],
              [110.77612270000009, -7.68238139999994],
              [110.77600860000007, -7.679459099999974],
              [110.77733610000007, -7.678966499999945],
              [110.78141650000003, -7.681193],
              [110.78160560000003, -7.678816199999972],
              [110.77731630000005, -7.676403799999946],
              [110.77766430000008, -7.67413],
              [110.78053010000008, -7.673123199999964],
              [110.77807940000008, -7.671718899999973],
              [110.77915590000003, -7.667278099999976],
              [110.777832, -7.664906799999926],
              [110.78105930000004, -7.662102199999936],
              [110.78556960000009, -7.661177499999951],
              [110.78831480000008, -7.66328139999996],
              [110.79047390000005, -7.66246979999994],
              [110.79006190000007, -7.658952199999931],
              [110.78678130000009, -7.65784119999995],
              [110.78651430000008, -7.65595339999993],
              [110.79383090000005, -7.657141599999932],
              [110.79400640000006, -7.654622099999926],
              [110.79180780000007, -7.651634399999978],
              [110.79411010000007, -7.648960799999941],
              [110.79147360000007, -7.64825529999996],
              [110.79970770000006, -7.643303],
              [110.79875170000008, -7.641422899999952],
              [110.79559540000008, -7.643353799999943],
              [110.78791050000007, -7.641952499999945],
              [110.78208160000008, -7.638082],
              [110.78068790000009, -7.635112],
              [110.77774490000007, -7.635083799999961],
              [110.77698060000006, -7.633003799999926],
              [110.77266690000005, -7.640065199999981],
              [110.76350080000009, -7.635968199999979],
              [110.76828, -7.626837699999953],
              [110.76660740000005, -7.625127499999962],
              [110.76689520000008, -7.622772099999963],
              [110.76460640000005, -7.619824899999969],
              [110.76057430000009, -7.619690399999968],
              [110.75804990000006, -7.617389099999968],
              [110.75631710000005, -7.618772],
              [110.74492080000005, -7.616393799999969],
              [110.74562830000008, -7.611682899999948],
              [110.74305720000007, -7.610235199999977],
              [110.743248, -7.608697899999981],
              [110.74684140000005, -7.60426039999993],
              [110.743309, -7.59893459999995],
              [110.74118960000004, -7.599984199999938],
              [110.73886870000007, -7.598031499999934],
              [110.731987, -7.599923099999955],
              [110.72862890000005, -7.596145899999954],
              [110.72619750000007, -7.597162699999956],
              [110.72005610000008, -7.595002],
              [110.71800030000009, -7.59733319999998],
              [110.70786290000007, -7.59569259999995],
              [110.70266720000006, -7.592685199999949],
              [110.71304440000006, -7.584526299999936],
              [110.71538410000005, -7.578603099999953],
              [110.71239790000004, -7.575913599999978],
              [110.71484210000006, -7.57394249999993],
              [110.71563820000006, -7.575316699999973],
              [110.72150130000006, -7.565867599999933],
              [110.71885680000008, -7.561115699999959],
              [110.72000120000007, -7.558913699999948],
              [110.72173790000005, -7.559598799999947],
              [110.72614160000006, -7.554294299999981],
              [110.721803, -7.550231],
              [110.71199330000007, -7.54797659999997],
              [110.71320340000005, -7.542186199999946],
              [110.71678960000008, -7.54283879999997],
              [110.72550960000007, -7.537985399999968],
              [110.73043860000007, -7.539133599999957]
            ]
          ]
        ]
      }
    },
    {
      "type": "Feature",
      "properties": {
        "ADM0_EN": "Indonesia",
        "date": "2019-12-20",
        "validOn": "2020-04-01",
        "PROVINCE": "Jawa Tengah",
        "Kabupaten": "Demak",
        "PRV2": "Jawa_Tengah",
        "layer": "Jawa_Tengah_ADMIN_BPS",
        "path": "D:/rudi/Jawa_Tengah_ADMIN_BPS.shp",
        "listkodim_Kodim": "Kodim 0716/Demak",
        "listkodim_Korem": "Korem 073/Makutarama"
      },
      "geometry": {
        "type": "MultiPolygon",
        "coordinates": [
          [
            [
              [110.63514710000004, -6.710321399999941],
              [110.63849110000007, -6.713146599999959],
              [110.645195, -6.713006499999949],
              [110.64958190000004, -6.716356699999949],
              [110.65432080000005, -6.715149799999949],
              [110.66162870000005, -6.716110699999945],
              [110.66916660000004, -6.720014499999934],
              [110.67164440000005, -6.726132899999925],
              [110.66994480000005, -6.735489299999927],
              [110.66603850000007, -6.741151299999956],
              [110.67011260000004, -6.748547499999972],
              [110.66931920000007, -6.752441899999951],
              [110.66460420000004, -6.756033899999977],
              [110.66905210000004, -6.757943099999977],
              [110.670105, -6.760134199999925],
              [110.66692350000005, -6.764528699999971],
              [110.67130280000003, -6.766832799999975],
              [110.67346840000005, -6.766408399999932],
              [110.67450730000007, -6.768236599999966],
              [110.67490470000007, -6.76504],
              [110.67776490000006, -6.763207],
              [110.67877960000004, -6.767116],
              [110.68389890000009, -6.770174],
              [110.68738560000008, -6.766369299999951],
              [110.69142150000005, -6.769208399999968],
              [110.69458010000005, -6.768200899999954],
              [110.69536590000007, -6.770625099999961],
              [110.693985, -6.774687699999959],
              [110.69980620000007, -6.777062899999976],
              [110.69859820000005, -6.782157699999971],
              [110.70120240000006, -6.784642699999949],
              [110.70417790000005, -6.794378299999948],
              [110.70903780000003, -6.792497599999933],
              [110.71073910000007, -6.789468699999929],
              [110.71293640000005, -6.788923699999941],
              [110.71531680000004, -6.792182899999943],
              [110.71736690000006, -6.789372199999946],
              [110.72091160000008, -6.788447399999939],
              [110.72944640000009, -6.793328699999961],
              [110.73316960000005, -6.791667399999938],
              [110.73625180000005, -6.793990599999972],
              [110.741066, -6.79401729999995],
              [110.74193570000006, -6.795903199999941],
              [110.748642, -6.794698199999971],
              [110.75056460000008, -6.796340499999928],
              [110.75423430000006, -6.793396],
              [110.75767830000007, -6.793998699999975],
              [110.758505, -6.791220099999975],
              [110.76991080000005, -6.801603099999966],
              [110.777932, -6.802291],
              [110.78340880000007, -6.80691429999996],
              [110.78657970000006, -6.815462],
              [110.79023540000009, -6.816979],
              [110.79273080000007, -6.82054549999998],
              [110.79299690000005, -6.824021899999934],
              [110.79910360000008, -6.831879299999969],
              [110.799836, -6.838261199999977],
              [110.81314690000005, -6.835707],
              [110.81902820000005, -6.848366599999963],
              [110.82081140000008, -6.849704299999928],
              [110.82553680000007, -6.849000199999978],
              [110.83183260000004, -6.84427409999995],
              [110.83516380000009, -6.847153399999968],
              [110.83857840000007, -6.846784499999956],
              [110.83750630000009, -6.854061699999932],
              [110.83631270000006, -6.855911499999934],
              [110.83302140000006, -6.856403799999953],
              [110.83318490000005, -6.859364199999959],
              [110.82573820000005, -6.86096509999993],
              [110.82462650000008, -6.863555],
              [110.82631230000004, -6.866063699999927],
              [110.81849420000009, -6.87009009999997],
              [110.81462550000003, -6.873994699999969],
              [110.81384250000008, -6.877407],
              [110.80889890000009, -6.880260499999963],
              [110.80784790000007, -6.893453099999931],
              [110.801651, -6.89858769999995],
              [110.79502870000005, -6.89965669999998],
              [110.79136660000006, -6.908556899999951],
              [110.78598020000004, -6.911261],
              [110.78674320000005, -6.915222099999937],
              [110.78317340000007, -6.921649199999933],
              [110.78215020000005, -6.928027099999952],
              [110.77725920000006, -6.93408519999997],
              [110.78344660000005, -6.934687399999973],
              [110.786067, -6.936722599999939],
              [110.78259210000004, -6.938521],
              [110.78460630000006, -6.942164899999966],
              [110.78001790000008, -6.940362799999946],
              [110.779031, -6.941133799999932],
              [110.78074580000003, -6.944387199999937],
              [110.779074, -6.94624639999995],
              [110.77456610000007, -6.944218299999932],
              [110.77202370000003, -6.945124199999952],
              [110.77758960000006, -6.949662599999954],
              [110.77399380000008, -6.951087799999925],
              [110.77357420000004, -6.952758599999981],
              [110.77646570000007, -6.964059599999928],
              [110.772615, -6.964691599999981],
              [110.76990690000008, -6.962672299999952],
              [110.763304, -6.967787699999974],
              [110.76576310000007, -6.969154],
              [110.77034770000006, -6.967791199999965],
              [110.77118440000004, -6.969268099999965],
              [110.76906490000005, -6.972220099999959],
              [110.77431490000004, -6.974758099999974],
              [110.76889040000009, -6.979706299999975],
              [110.76345830000008, -6.979576599999973],
              [110.76148230000007, -6.981367099999943],
              [110.76224520000005, -6.985246199999949],
              [110.76763150000005, -6.98416229999998],
              [110.77251430000007, -6.988918299999966],
              [110.77201840000004, -6.991160799999932],
              [110.76676180000004, -6.990918099999931],
              [110.76830290000004, -6.996617299999969],
              [110.763977, -6.997433199999932],
              [110.76353460000007, -6.999619399999972],
              [110.77396390000007, -6.99897569999996],
              [110.77569580000005, -7.001930699999946],
              [110.77145380000007, -7.004642],
              [110.76448060000007, -7.003603899999973],
              [110.76454930000006, -7.005880299999944],
              [110.76876070000009, -7.010987199999931],
              [110.76814270000006, -7.014335599999981],
              [110.76591620000005, -7.014478399999973],
              [110.76433560000004, -7.018070199999954],
              [110.76021580000008, -7.016746],
              [110.75816340000006, -7.018422099999952],
              [110.758146, -7.020057699999938],
              [110.76251220000006, -7.021225399999935],
              [110.761795, -7.022122399999944],
              [110.72875980000003, -7.032825899999978],
              [110.69366450000007, -7.018229499999961],
              [110.69570240000007, -7.020922499999926],
              [110.69961190000004, -7.021502899999973],
              [110.698204, -7.025545899999941],
              [110.69214570000008, -7.024894599999925],
              [110.69091840000004, -7.029994599999952],
              [110.69389340000004, -7.03059959999996],
              [110.69348910000008, -7.033263199999965],
              [110.68929290000005, -7.033130599999936],
              [110.677742, -7.045762499999967],
              [110.67875670000006, -7.047584499999971],
              [110.67740430000003, -7.050068799999963],
              [110.67420670000007, -7.04950649999995],
              [110.66976160000007, -7.053953599999943],
              [110.66841130000006, -7.053666599999929],
              [110.66840360000003, -7.050700199999937],
              [110.670517, -7.048614],
              [110.67035680000004, -7.043115599999965],
              [110.673851, -7.041991699999926],
              [110.67562870000006, -7.0376],
              [110.67919160000008, -7.038109299999974],
              [110.67983240000007, -7.034729899999945],
              [110.682869, -7.035269199999959],
              [110.68191530000007, -7.032426799999939],
              [110.68965150000008, -7.025197],
              [110.69087980000006, -7.021622199999968],
              [110.69046020000008, -7.016826099999946],
              [110.68806460000008, -7.014271699999938],
              [110.68029020000006, -7.013729099999978],
              [110.67976380000005, -7.011672],
              [110.67593040000008, -7.011138099999926],
              [110.67311860000007, -7.007791499999939],
              [110.67344670000006, -7.005435499999976],
              [110.68032070000004, -6.997332099999937],
              [110.67670440000006, -6.99085569999994],
              [110.67851260000003, -6.987399499999981],
              [110.674736, -6.987235],
              [110.66844940000004, -6.983331699999951],
              [110.66809840000008, -6.982243499999981],
              [110.67103570000006, -6.980834499999958],
              [110.66950990000004, -6.979465499999947],
              [110.67183690000007, -6.976375599999926],
              [110.65435790000004, -6.973760099999936],
              [110.65247340000008, -6.975083299999937],
              [110.65036770000006, -6.974333199999933],
              [110.64395140000005, -6.979023899999959],
              [110.63699340000005, -6.976728899999955],
              [110.63179780000007, -6.979367199999956],
              [110.63089940000003, -6.984232199999951],
              [110.62085720000005, -6.981626],
              [110.618988, -6.983696],
              [110.621645, -6.985712799999931],
              [110.620676, -6.987778299999945],
              [110.62244250000003, -6.989412899999934],
              [110.62197310000005, -6.992412],
              [110.62407380000008, -6.993480199999965],
              [110.62197110000005, -7.002211099999954],
              [110.62377930000008, -7.004196099999945],
              [110.62351990000008, -7.007524499999931],
              [110.62239390000008, -7.010952799999927],
              [110.61413670000007, -7.020131],
              [110.61952520000006, -7.02114679999994],
              [110.60387420000006, -7.047120099999972],
              [110.59912110000005, -7.04922629999993],
              [110.59655, -7.053317499999935],
              [110.59396360000005, -7.067842499999927],
              [110.592308, -7.067214],
              [110.58866880000005, -7.072750099999951],
              [110.58693690000007, -7.070856599999956],
              [110.58483890000008, -7.071592799999962],
              [110.585495, -7.070535599999971],
              [110.58357240000004, -7.069443199999967],
              [110.57564540000004, -7.070179],
              [110.574089, -7.073495799999932],
              [110.57096630000007, -7.075687],
              [110.56842290000009, -7.07553809999996],
              [110.56518440000008, -7.086382899999933],
              [110.56322650000004, -7.087749299999928],
              [110.56317510000008, -7.090387899999939],
              [110.56144330000006, -7.090378299999941],
              [110.56177520000006, -7.09385489999994],
              [110.56478120000008, -7.093235],
              [110.56478120000008, -7.095642099999964],
              [110.57350160000004, -7.100807199999963],
              [110.57897950000006, -7.111605599999962],
              [110.58495330000005, -7.11448379999996],
              [110.592308, -7.115025499999945],
              [110.59442140000004, -7.119925899999942],
              [110.59268190000006, -7.124768199999949],
              [110.57957460000006, -7.132602199999951],
              [110.55950930000006, -7.139543499999945],
              [110.54851820000005, -7.137587599999961],
              [110.54642010000003, -7.135199],
              [110.54754570000006, -7.132997199999977],
              [110.54660920000003, -7.131050499999958],
              [110.53853610000004, -7.127679799999953],
              [110.53202060000007, -7.13139579999995],
              [110.52710720000005, -7.129216699999972],
              [110.52114870000008, -7.133187299999975],
              [110.513588, -7.128434199999958],
              [110.51335150000006, -7.12349219999993],
              [110.51020810000006, -7.12193439999993],
              [110.50536350000004, -7.123053499999969],
              [110.49978640000006, -7.118557899999928],
              [110.49955350000005, -7.112034799999947],
              [110.50155640000008, -7.113276799999937],
              [110.50289920000006, -7.111363399999959],
              [110.49578090000006, -7.109907599999929],
              [110.49890140000008, -7.108497599999964],
              [110.50256520000005, -7.101805899999931],
              [110.50028990000004, -7.102056],
              [110.49828340000005, -7.095625799999937],
              [110.48880670000005, -7.091310399999941],
              [110.48240660000005, -7.090713],
              [110.477539, -7.086283199999968],
              [110.489151, -7.077341099999956],
              [110.495636, -7.070562799999948],
              [110.49575040000008, -7.068651199999977],
              [110.49838260000007, -7.069382099999928],
              [110.49776460000004, -7.067510599999935],
              [110.50059510000006, -7.067352299999925],
              [110.49941250000006, -7.063315799999941],
              [110.49619290000004, -7.063541399999963],
              [110.49213410000004, -7.060958899999946],
              [110.49099730000006, -7.05525629999994],
              [110.486763, -7.050243399999943],
              [110.48471070000005, -7.055730299999937],
              [110.48094180000004, -7.05743259999997],
              [110.48078920000006, -7.054298399999936],
              [110.48332210000007, -7.051109299999951],
              [110.48485430000005, -7.053387499999928],
              [110.48581690000009, -7.052454399999931],
              [110.48142990000008, -7.043898499999955],
              [110.48437780000006, -7.042925],
              [110.48327750000004, -7.042500299999972],
              [110.48737730000005, -7.029580799999962],
              [110.49404140000007, -7.030235699999935],
              [110.49584030000005, -7.027446099999963],
              [110.49799260000009, -7.027122099999929],
              [110.499152, -7.025544899999943],
              [110.49783020000007, -7.020787499999926],
              [110.49948630000006, -7.016398399999957],
              [110.50374950000008, -7.014859499999943],
              [110.50387980000005, -7.010730399999943],
              [110.49853920000004, -7.007648899999936],
              [110.49882190000005, -7.00632429999996],
              [110.49576730000007, -7.006843],
              [110.49078660000004, -7.004709699999978],
              [110.498394, -6.993114499999933],
              [110.50152870000005, -6.992716399999949],
              [110.50279230000007, -6.986573699999951],
              [110.50153130000007, -6.985058099999947],
              [110.50205990000006, -6.979736299999956],
              [110.50535780000007, -6.975974],
              [110.50491960000005, -6.97070169999995],
              [110.501358, -6.964667799999972],
              [110.50272370000005, -6.957792299999937],
              [110.50118260000005, -6.953102099999967],
              [110.49057140000008, -6.955230599999936],
              [110.49186710000004, -6.948149699999931],
              [110.48879040000008, -6.948689799999954],
              [110.48915850000009, -6.946978299999955],
              [110.48664980000007, -6.945897199999933],
              [110.47340390000005, -6.942085199999951],
              [110.46321250000005, -6.931527599999981],
              [110.46451, -6.9299],
              [110.46769, -6.93004],
              [110.47052, -6.92539],
              [110.47588, -6.92434],
              [110.47574, -6.92142],
              [110.514469, -6.871668899999975],
              [110.51619410000006, -6.86494689999995],
              [110.51833, -6.86338],
              [110.51523, -6.85929],
              [110.52017970000009, -6.849896899999976],
              [110.52440330000007, -6.849718399999972],
              [110.52612840000006, -6.849064],
              [110.52538, -6.84773],
              [110.52827, -6.84716],
              [110.52789380000007, -6.841014199999961],
              [110.52143, -6.83498],
              [110.52937, -6.83253],
              [110.53611, -6.82782],
              [110.53552730000007, -6.826756599999953],
              [110.54016720000004, -6.821938199999977],
              [110.54443, -6.82072],
              [110.54995850000006, -6.810420799999974],
              [110.55450350000007, -6.806174299999952],
              [110.55999, -6.80393],
              [110.55801320000006, -6.802724],
              [110.55878650000005, -6.798143599999946],
              [110.56497310000009, -6.787317],
              [110.56419980000004, -6.784878099999958],
              [110.56598440000005, -6.777382799999941],
              [110.56848280000008, -6.774586899999974],
              [110.57572, -6.77206],
              [110.57545740000006, -6.769503199999974],
              [110.567531, -6.770541799999933],
              [110.56773, -6.76353],
              [110.56522, -6.76313],
              [110.56223670000008, -6.764474199999938],
              [110.563367, -6.770303899999931],
              [110.55706140000007, -6.772742799999946],
              [110.55491990000007, -6.768162399999937],
              [110.55063680000006, -6.764474199999938],
              [110.55104, -6.76293],
              [110.54555070000004, -6.763968599999941],
              [110.54509230000008, -6.759272399999929],
              [110.53793650000006, -6.75120869999995],
              [110.53737130000007, -6.748621],
              [110.53986980000008, -6.746241599999962],
              [110.54293330000007, -6.74749079999998],
              [110.544361, -6.750881499999934],
              [110.54641330000004, -6.75013789999997],
              [110.54828710000004, -6.745557499999961],
              [110.55218350000007, -6.749037399999963],
              [110.55491990000007, -6.754688699999974],
              [110.56016, -6.75118],
              [110.55966, -6.74489],
              [110.55707, -6.7428],
              [110.55729, -6.73849],
              [110.55134, -6.73352],
              [110.54934520000006, -6.727974899999936],
              [110.55034710000007, -6.726207],
              [110.5554, -6.72262],
              [110.55952, -6.728],
              [110.56176080000006, -6.718729099999962],
              [110.56455670000008, -6.718848],
              [110.56741, -6.72646],
              [110.56946, -6.72689],
              [110.57076, -6.7299],
              [110.57352, -6.73034],
              [110.57349, -6.73559],
              [110.57469, -6.73583],
              [110.58395280000008, -6.730831199999955],
              [110.58445490000008, -6.727384399999949],
              [110.58692360000003, -6.725718699999959],
              [110.59225710000004, -6.724284799999964],
              [110.59814450000005, -6.726799899999946],
              [110.60065460000004, -6.724413399999946],
              [110.60444640000009, -6.724678499999925],
              [110.60623170000008, -6.720461799999953],
              [110.60866550000009, -6.720442799999944],
              [110.61093140000008, -6.71694279999997],
              [110.61531070000007, -6.716174099999932],
              [110.62074350000006, -6.711616799999945],
              [110.62151530000006, -6.709460199999967],
              [110.61849210000008, -6.707012599999928],
              [110.63514710000004, -6.710321399999941]
            ]
          ]
        ]
      }
    },
    {
      "type": "Feature",
      "properties": {
        "ADM0_EN": "Indonesia",
        "date": "2019-12-20",
        "validOn": "2020-04-01",
        "PROVINCE": "Jawa Tengah",
        "Kabupaten": "Karanganyar",
        "PRV2": "Jawa_Tengah",
        "layer": "Jawa_Tengah_ADMIN_BPS",
        "path": "D:/rudi/Jawa_Tengah_ADMIN_BPS.shp",
        "listkodim_Kodim": "Kodim 0727/Karanganyar",
        "listkodim_Korem": "Korem 074/Warastratama"
      },
      "geometry": {
        "type": "MultiPolygon",
        "coordinates": [
          [
            [
              [110.82588960000004, -7.458505099999968],
              [110.82808680000005, -7.457488],
              [110.84075160000003, -7.45964859999998],
              [110.84747490000007, -7.471240599999931],
              [110.84839630000005, -7.468405699999948],
              [110.85081420000006, -7.467651199999978],
              [110.85316030000007, -7.469930699999964],
              [110.85708440000008, -7.469144399999948],
              [110.85702170000008, -7.472736499999939],
              [110.86329780000005, -7.472820299999967],
              [110.86511230000008, -7.476332199999945],
              [110.86342620000005, -7.479052499999966],
              [110.86537930000009, -7.482444199999975],
              [110.871504, -7.485186299999953],
              [110.871788, -7.488429499999938],
              [110.87400060000004, -7.488408099999958],
              [110.87470810000008, -7.486244799999952],
              [110.87691620000004, -7.488303199999962],
              [110.88123830000006, -7.486303899999939],
              [110.88321040000005, -7.487597699999981],
              [110.88236240000003, -7.491372099999978],
              [110.88339810000008, -7.491663199999948],
              [110.88970980000005, -7.491314399999965],
              [110.89186220000005, -7.489796899999931],
              [110.89512940000009, -7.493450299999949],
              [110.91808450000008, -7.496095199999957],
              [110.92131580000006, -7.491120799999976],
              [110.93961890000008, -7.494959299999948],
              [110.94534110000006, -7.496704299999976],
              [110.95445750000005, -7.503736099999969],
              [110.96402740000008, -7.507466799999975],
              [110.97552160000004, -7.515695199999925],
              [110.98778530000004, -7.520744299999933],
              [111.0026, -7.524690799999973],
              [111.00912610000006, -7.529133199999933],
              [111.01430150000004, -7.528492299999925],
              [111.018923, -7.531468399999937],
              [111.02425340000008, -7.527728599999932],
              [111.03175830000004, -7.534075199999961],
              [111.04421360000003, -7.537169],
              [111.04942860000006, -7.537316699999963],
              [111.04575670000008, -7.527067399999964],
              [111.04132210000006, -7.520915899999977],
              [111.04033770000007, -7.511293799999976],
              [111.05059150000005, -7.507929899999965],
              [111.05708070000009, -7.50928209999995],
              [111.05885320000004, -7.503808],
              [111.06298830000009, -7.502775199999974],
              [111.06215540000005, -7.498902399999963],
              [111.06392170000004, -7.495842699999969],
              [111.07164210000008, -7.498539099999959],
              [111.07421950000008, -7.496689799999956],
              [111.07909850000004, -7.499169499999937],
              [111.07886930000006, -7.507834799999955],
              [111.08104710000003, -7.508078499999954],
              [111.08035280000007, -7.511082099999953],
              [111.08273460000004, -7.512965899999926],
              [111.07926540000005, -7.517249899999968],
              [111.08077240000006, -7.521581599999934],
              [111.07904810000008, -7.52437679999997],
              [111.08245850000009, -7.527657],
              [111.08882940000007, -7.52849219999996],
              [111.09210540000004, -7.530518599999937],
              [111.097979, -7.529364099999952],
              [111.11133460000008, -7.531277],
              [111.11557910000005, -7.528812],
              [111.116746, -7.521416899999963],
              [111.11901120000005, -7.52204839999996],
              [111.12326050000007, -7.519471099999976],
              [111.12447360000004, -7.51361129999998],
              [111.129431, -7.511192],
              [111.13084620000006, -7.515311199999928],
              [111.13958290000005, -7.523680799999966],
              [111.14769010000003, -7.52523],
              [111.146401, -7.525280499999951],
              [111.14617270000008, -7.527796299999977],
              [111.15024390000008, -7.533462499999928],
              [111.15173510000005, -7.542159799999979],
              [111.150339, -7.54348959999993],
              [111.15361580000007, -7.549425],
              [111.15189270000008, -7.554584],
              [111.15469980000006, -7.565687099999934],
              [111.16217280000006, -7.574776699999973],
              [111.16327520000004, -7.580254299999979],
              [111.16742110000007, -7.583363599999927],
              [111.16896430000008, -7.590243599999951],
              [111.17351340000005, -7.592437699999948],
              [111.17795460000008, -7.599645799999962],
              [111.18617360000007, -7.606010499999968],
              [111.193095, -7.614265399999965],
              [111.19421390000008, -7.629343],
              [111.18981930000007, -7.636572799999954],
              [111.18952940000008, -7.649272399999973],
              [111.187561, -7.657163599999933],
              [111.18851470000004, -7.668224299999963],
              [111.19218440000009, -7.673012699999958],
              [111.18943020000006, -7.685283099999936],
              [111.181984, -7.693176199999925],
              [111.18393710000004, -7.699515299999973],
              [111.182021, -7.711991599999976],
              [111.17805480000004, -7.715306699999928],
              [111.17614670000006, -7.713933699999927],
              [111.16671750000006, -7.716542699999934],
              [111.16213220000009, -7.71317],
              [111.15156550000006, -7.714787899999976],
              [111.13808440000008, -7.719812799999943],
              [111.12867540000008, -7.727395099999967],
              [111.12105560000003, -7.738271199999929],
              [111.12098690000005, -7.741835599999945],
              [111.11911010000006, -7.743957499999965],
              [111.11179350000003, -7.74862],
              [111.10849, -7.745292599999971],
              [111.11152650000008, -7.742147899999964],
              [111.10985560000006, -7.737362799999971],
              [111.09381870000004, -7.751588799999979],
              [111.07962530000009, -7.748360899999966],
              [111.07228520000007, -7.752666899999952],
              [111.07069140000004, -7.756807499999979],
              [111.06430810000006, -7.755188899999951],
              [111.06330110000005, -7.757163499999933],
              [111.061142, -7.75609819999994],
              [111.06160540000008, -7.757288699999947],
              [111.05945590000005, -7.756562199999962],
              [111.05638730000004, -7.759277299999951],
              [111.05076940000004, -7.759332799999981],
              [111.04794310000005, -7.766532899999959],
              [111.051648, -7.777810099999954],
              [111.04641720000006, -7.782856899999956],
              [111.03759760000008, -7.775738399999966],
              [111.03760380000006, -7.77154429999996],
              [111.035542, -7.771383399999934],
              [111.03215790000007, -7.767075],
              [111.031287, -7.76349579999993],
              [111.020612, -7.763251699999955],
              [111.01770160000007, -7.759748799999954],
              [111.005516, -7.764958399999955],
              [111.00410550000004, -7.763516899999956],
              [110.99985040000007, -7.767081],
              [110.99588010000008, -7.764013299999931],
              [110.99270930000006, -7.764508499999977],
              [110.98974940000005, -7.767160199999978],
              [110.98870980000004, -7.763652799999932],
              [110.98636350000004, -7.763777399999981],
              [110.986392, -7.76113689999994],
              [110.98021970000008, -7.761717099999942],
              [110.970496, -7.76871749999998],
              [110.96808720000007, -7.768944],
              [110.96909820000008, -7.771590199999935],
              [110.96800740000003, -7.771193499999981],
              [110.965616, -7.766694299999926],
              [110.97184840000006, -7.763669],
              [110.97146240000006, -7.759719599999926],
              [110.97427460000006, -7.757781899999941],
              [110.97464160000004, -7.753694199999927],
              [110.97218250000009, -7.751355699999976],
              [110.96454980000004, -7.751464399999975],
              [110.96934570000008, -7.748620599999981],
              [110.97055210000008, -7.745057],
              [110.969174, -7.74126769999998],
              [110.96165590000004, -7.737629299999981],
              [110.95937110000006, -7.733873499999959],
              [110.94154480000009, -7.739724199999955],
              [110.94410320000009, -7.720027199999947],
              [110.94165780000009, -7.720084699999973],
              [110.94381920000006, -7.72003049999995],
              [110.94516150000004, -7.712451699999974],
              [110.94771250000008, -7.708904799999971],
              [110.94968470000003, -7.694388],
              [110.95364910000006, -7.683928399999957],
              [110.95679860000007, -7.684258],
              [110.95820860000003, -7.682699599999978],
              [110.96008320000004, -7.684539599999937],
              [110.958429, -7.68166709999997],
              [110.95327330000003, -7.680866799999933],
              [110.94765030000008, -7.669935799999962],
              [110.94766360000006, -7.654400799999962],
              [110.94245910000006, -7.637081099999932],
              [110.94474140000005, -7.636427799999979],
              [110.94744440000005, -7.629344099999969],
              [110.94791640000005, -7.623904099999947],
              [110.94601140000009, -7.618915299999969],
              [110.91674110000008, -7.61270849999994],
              [110.90295170000007, -7.614451599999938],
              [110.90485110000009, -7.613247],
              [110.91227340000006, -7.584246099999973],
              [110.86839880000008, -7.566652199999965],
              [110.86799760000008, -7.567771799999946],
              [110.86173970000004, -7.567707899999959],
              [110.86232440000003, -7.560531099999935],
              [110.86635250000006, -7.558659],
              [110.868905, -7.547415099999967],
              [110.86657020000007, -7.545534099999941],
              [110.86292950000006, -7.547959699999979],
              [110.86085920000005, -7.546728499999972],
              [110.86271350000004, -7.541647499999954],
              [110.85713140000007, -7.541313399999979],
              [110.855012, -7.535147799999947],
              [110.85041740000008, -7.533379899999943],
              [110.83928130000004, -7.533306699999969],
              [110.83818790000004, -7.531504799999936],
              [110.83523510000003, -7.53284089999994],
              [110.83427810000006, -7.531228699999929],
              [110.82740980000005, -7.529053599999941],
              [110.82728160000005, -7.530416899999977],
              [110.82345860000004, -7.527943499999935],
              [110.82312620000005, -7.529058299999974],
              [110.81756580000007, -7.528826699999968],
              [110.80639470000006, -7.49137989999997],
              [110.80478370000009, -7.459251399999971],
              [110.809298, -7.458268199999964],
              [110.81271120000008, -7.46033019999993],
              [110.81896210000008, -7.459462599999938],
              [110.82301330000007, -7.458118399999933],
              [110.82389070000005, -7.456191],
              [110.82588960000004, -7.458505099999968]
            ]
          ],
          [
            [
              [110.75395750000007, -7.524644099999932],
              [110.76447870000004, -7.526787],
              [110.773433, -7.52632049999994],
              [110.78101060000006, -7.523849],
              [110.79060060000006, -7.526553799999931],
              [110.79624140000004, -7.533825399999955],
              [110.80066790000006, -7.533854799999972],
              [110.79654710000005, -7.548432199999979],
              [110.78967510000007, -7.54706159999995],
              [110.78788120000007, -7.548193199999957],
              [110.78200530000004, -7.545718099999931],
              [110.77141580000006, -7.545556199999965],
              [110.76309480000003, -7.54208559999995],
              [110.76412010000007, -7.543180799999959],
              [110.76234430000005, -7.543400399999939],
              [110.76184510000007, -7.547117199999946],
              [110.75979640000008, -7.547382599999935],
              [110.75891930000006, -7.549739],
              [110.756773, -7.549107599999957],
              [110.75505490000006, -7.546116299999937],
              [110.74914850000005, -7.544446599999958],
              [110.74782560000006, -7.541468499999951],
              [110.73744320000009, -7.539505299999973],
              [110.73768520000004, -7.538326099999949],
              [110.72550960000007, -7.537985399999968],
              [110.71681630000006, -7.542847799999947],
              [110.70916750000004, -7.54041239999998],
              [110.70859530000007, -7.539005299999928],
              [110.70925140000008, -7.532262299999957],
              [110.72103880000009, -7.53136539999997],
              [110.72407530000004, -7.53001729999994],
              [110.72422790000007, -7.528035599999953],
              [110.72687530000007, -7.52607009999997],
              [110.73040770000006, -7.52839849999998],
              [110.7363, -7.52862209999995],
              [110.74306280000008, -7.52714519999995],
              [110.74915310000006, -7.52326869999996],
              [110.75395750000007, -7.524644099999932]
            ]
          ]
        ]
      }
    },
    {
      "type": "Feature",
      "properties": {
        "ADM0_EN": "Indonesia",
        "date": "2019-12-20",
        "validOn": "2020-04-01",
        "PROVINCE": "Jawa Tengah",
        "Kabupaten": "Kota Surakarta",
        "PRV2": "Jawa_Tengah",
        "layer": "Jawa_Tengah_ADMIN_BPS",
        "path": "D:/rudi/Jawa_Tengah_ADMIN_BPS.shp",
        "listkodim_Kodim": "Kodim 0735/Surakarta",
        "listkodim_Korem": "Korem 074/Warastratama"
      },
      "geometry": {
        "type": "MultiPolygon",
        "coordinates": [
          [
            [
              [110.81574880000005, -7.523219599999948],
              [110.81732640000007, -7.528717],
              [110.82312620000005, -7.529058299999974],
              [110.82345860000004, -7.527943499999935],
              [110.82709420000003, -7.530320499999959],
              [110.82740980000005, -7.529053599999941],
              [110.83409890000007, -7.531169899999952],
              [110.83523510000003, -7.53284089999994],
              [110.83732320000007, -7.53137],
              [110.84006330000005, -7.533434399999976],
              [110.85041740000008, -7.533379899999943],
              [110.85496740000008, -7.535014],
              [110.85655380000009, -7.541056699999956],
              [110.862674, -7.54139859999998],
              [110.86111710000006, -7.547144599999967],
              [110.86346420000007, -7.548063399999933],
              [110.86657020000007, -7.545534099999941],
              [110.868927, -7.547142599999972],
              [110.86717990000005, -7.556797899999935],
              [110.86246050000005, -7.560230699999977],
              [110.86026, -7.569386899999927],
              [110.85745240000006, -7.570706799999925],
              [110.85460490000008, -7.569945299999972],
              [110.85451880000005, -7.574619199999972],
              [110.84731550000004, -7.572726],
              [110.84100480000006, -7.58243559999994],
              [110.84056740000005, -7.589549099999942],
              [110.836498, -7.590994099999932],
              [110.83252720000007, -7.59489149999996],
              [110.828728, -7.592847799999959],
              [110.82384490000004, -7.594929699999966],
              [110.81848630000007, -7.594397],
              [110.81678770000008, -7.588367],
              [110.80698980000005, -7.579699],
              [110.80458830000003, -7.573727099999928],
              [110.80210110000007, -7.571714399999962],
              [110.79288130000003, -7.571161299999972],
              [110.79248520000004, -7.573399699999925],
              [110.782608, -7.575879099999952],
              [110.78411860000006, -7.564460699999927],
              [110.77915960000007, -7.56079189999997],
              [110.778582, -7.554257099999973],
              [110.76912290000007, -7.551397099999974],
              [110.77183570000005, -7.54550409999996],
              [110.77725040000007, -7.546742699999982],
              [110.78152260000007, -7.545425199999954],
              [110.78693670000007, -7.547972799999968],
              [110.79576110000005, -7.548599699999954],
              [110.80213170000007, -7.532380099999955],
              [110.806417, -7.532414699999947],
              [110.807457, -7.534484299999974],
              [110.81045530000006, -7.529912],
              [110.81044010000005, -7.526746199999934],
              [110.81351470000004, -7.526555],
              [110.81574880000005, -7.523219599999948]
            ]
          ]
        ]
      }
    },
    {
      "type": "Feature",
      "properties": {
        "ADM0_EN": "Indonesia",
        "date": "2019-12-20",
        "validOn": "2020-04-01",
        "PROVINCE": "Jawa Tengah",
        "Kabupaten": "Blora",
        "PRV2": "Jawa_Tengah",
        "layer": "Jawa_Tengah_ADMIN_BPS",
        "path": "D:/rudi/Jawa_Tengah_ADMIN_BPS.shp",
        "listkodim_Kodim": "Kodim 0721/Blora",
        "listkodim_Korem": "Korem 073/Makutarama"
      },
      "geometry": {
        "type": "MultiPolygon",
        "coordinates": [
          [
            [
              [111.22709640000005, -6.848362899999927],
              [111.23833810000008, -6.850362599999926],
              [111.24055120000008, -6.85874119999994],
              [111.24478250000004, -6.862682499999949],
              [111.25431820000006, -6.858252],
              [111.25932310000007, -6.853500299999951],
              [111.26487140000006, -6.85692279999995],
              [111.27173410000006, -6.857926799999973],
              [111.28475940000004, -6.865131799999972],
              [111.31416660000008, -6.864925099999937],
              [111.33051910000006, -6.868952],
              [111.33779980000008, -6.873009799999977],
              [111.34231340000008, -6.877537799999971],
              [111.34114440000008, -6.880438899999945],
              [111.34787280000006, -6.886013799999944],
              [111.35587580000004, -6.884933],
              [111.35961910000009, -6.88631909999998],
              [111.36363220000004, -6.884557199999961],
              [111.37768550000004, -6.891548099999966],
              [111.382103, -6.890153399999974],
              [111.39002230000006, -6.892722099999958],
              [111.39957430000004, -6.891138499999954],
              [111.402436, -6.887964799999963],
              [111.40465060000008, -6.887700499999937],
              [111.40473940000004, -6.885278199999959],
              [111.40684510000006, -6.884495699999945],
              [111.40833280000004, -6.885863299999926],
              [111.41313170000006, -6.88247819999998],
              [111.41344060000006, -6.889411399999972],
              [111.42552950000004, -6.894144499999925],
              [111.43463130000004, -6.890389899999946],
              [111.43695430000008, -6.886704899999927],
              [111.43665, -6.884166799999946],
              [111.43952180000008, -6.886404499999969],
              [111.44093410000005, -6.884807699999953],
              [111.43984780000005, -6.882997599999953],
              [111.44392240000008, -6.879783099999941],
              [111.44787680000007, -6.88012249999997],
              [111.45428670000007, -6.876358799999934],
              [111.45874020000008, -6.878025],
              [111.46020740000006, -6.882004299999949],
              [111.469429, -6.881943199999967],
              [111.47630240000007, -6.886379199999965],
              [111.47939520000006, -6.886448199999961],
              [111.48203280000007, -6.883341799999926],
              [111.488121, -6.881225499999971],
              [111.49809260000006, -6.894040099999927],
              [111.50446320000009, -6.891170399999965],
              [111.50917050000004, -6.891956299999947],
              [111.51444890000005, -6.889332],
              [111.51707, -6.89669],
              [111.51898420000003, -6.897821699999952],
              [111.53862220000008, -6.900413299999968],
              [111.54029840000004, -6.903732699999978],
              [111.54486850000006, -6.903524799999957],
              [111.54201320000004, -6.907613],
              [111.54388420000004, -6.909118099999944],
              [111.54813380000007, -6.910689799999943],
              [111.55329890000007, -6.909753299999977],
              [111.555685, -6.911958799999979],
              [111.55553670000006, -6.914345599999933],
              [111.56191250000006, -6.912728299999969],
              [111.56848610000009, -6.918978099999947],
              [111.568042, -6.915151399999957],
              [111.56958780000008, -6.914961299999959],
              [111.57640830000008, -6.919239499999946],
              [111.57642360000006, -6.923550099999943],
              [111.57322690000007, -6.924502799999971],
              [111.573143, -6.926763],
              [111.57619470000009, -6.931842699999947],
              [111.57503510000004, -6.937857099999974],
              [111.57694240000006, -6.941441],
              [111.574339, -6.945347699999957],
              [111.57015990000008, -6.946583699999962],
              [111.57214350000004, -6.952383499999939],
              [111.58929440000009, -6.964677799999947],
              [111.59266660000009, -6.963918099999944],
              [111.59501650000004, -6.965825499999937],
              [111.60510250000004, -6.967182099999945],
              [111.610527, -6.974709899999937],
              [111.62255860000005, -6.983471799999961],
              [111.62232210000008, -6.98866929999997],
              [111.61712640000007, -6.99463929999996],
              [111.61499020000008, -7.002216799999928],
              [111.61540980000007, -7.007164899999964],
              [111.61341090000008, -7.011211799999955],
              [111.61522670000005, -7.016937699999971],
              [111.61357370000007, -7.025052499999958],
              [111.61594390000005, -7.031916099999933],
              [111.61377710000005, -7.03559249999995],
              [111.61447140000007, -7.037622399999975],
              [111.61640160000007, -7.037783099999956],
              [111.61650080000004, -7.040804799999933],
              [111.61839290000006, -7.04003229999995],
              [111.61735530000004, -7.042709299999956],
              [111.619209, -7.046549],
              [111.61730960000006, -7.047151499999927],
              [111.61803430000003, -7.049950599999931],
              [111.62234490000009, -7.050700099999972],
              [111.62203980000004, -7.053505799999925],
              [111.62492370000007, -7.052916899999957],
              [111.62554170000004, -7.054710299999954],
              [111.62760160000005, -7.054438499999947],
              [111.62513730000006, -7.055684499999927],
              [111.62495420000005, -7.05916069999995],
              [111.62898250000006, -7.059739499999978],
              [111.62905120000005, -7.063473599999952],
              [111.62571710000009, -7.070705799999928],
              [111.62820430000005, -7.074975399999971],
              [111.62551110000004, -7.072834499999942],
              [111.62521, -7.075063],
              [111.61860650000006, -7.073678399999949],
              [111.61436460000004, -7.078584599999942],
              [111.61574160000004, -7.082770799999935],
              [111.61260980000009, -7.08211179999995],
              [111.614357, -7.08535089999998],
              [111.61314390000007, -7.087016],
              [111.61499020000008, -7.090775],
              [111.61472320000007, -7.095571899999925],
              [111.61675260000004, -7.097717199999977],
              [111.61386870000007, -7.09907],
              [111.61763, -7.10630169999996],
              [111.62167360000007, -7.108307299999979],
              [111.62043760000006, -7.110090699999944],
              [111.61316680000004, -7.110888399999965],
              [111.61244960000005, -7.114655],
              [111.61527250000006, -7.117110199999956],
              [111.61357690000006, -7.118468499999949],
              [111.61327860000006, -7.122917199999961],
              [111.61164090000005, -7.121416499999953],
              [111.61136630000004, -7.12574479999995],
              [111.60607910000004, -7.128427899999963],
              [111.60911560000005, -7.132763799999964],
              [111.60771940000006, -7.137077699999963],
              [111.61063380000007, -7.13542979999994],
              [111.60979460000004, -7.138175399999966],
              [111.61197660000005, -7.138382799999931],
              [111.61194610000007, -7.14060539999997],
              [111.60955040000005, -7.139280299999939],
              [111.61015320000007, -7.143398199999979],
              [111.60783380000004, -7.142087899999979],
              [111.60593410000007, -7.143254699999943],
              [111.60736850000006, -7.146501],
              [111.60127990000007, -7.144643699999961],
              [111.59831240000005, -7.145708499999955],
              [111.59834290000003, -7.155659599999979],
              [111.589592, -7.162226099999941],
              [111.58524920000008, -7.168807899999933],
              [111.58367870000006, -7.175291699999946],
              [111.58747860000005, -7.184898799999928],
              [111.57583060000007, -7.188290799999947],
              [111.56812290000005, -7.185987399999931],
              [111.56557180000004, -7.187530299999935],
              [111.56404110000005, -7.189503599999966],
              [111.56439970000008, -7.192181099999971],
              [111.56824490000008, -7.195844099999931],
              [111.56915280000004, -7.198947899999951],
              [111.56690280000004, -7.206282499999929],
              [111.56187440000008, -7.207407399999965],
              [111.55504610000008, -7.201706399999978],
              [111.54902650000008, -7.205319399999951],
              [111.54331970000004, -7.213639699999931],
              [111.53659060000007, -7.21645209999997],
              [111.54322810000008, -7.224156799999946],
              [111.54233, -7.22716],
              [111.52807610000008, -7.227279599999974],
              [111.52241510000005, -7.237233599999968],
              [111.51425190000003, -7.238635],
              [111.50170890000004, -7.248538399999973],
              [111.48777770000004, -7.243106799999964],
              [111.48545070000006, -7.250000399999976],
              [111.48617550000006, -7.253126099999974],
              [111.490654, -7.257433799999944],
              [111.489357, -7.260964299999955],
              [111.485939, -7.26003309999993],
              [111.47807310000007, -7.252018899999939],
              [111.47399140000005, -7.25410409999995],
              [111.46912060000005, -7.262260499999968],
              [111.46623230000006, -7.263220299999944],
              [111.46006770000008, -7.261778799999945],
              [111.45555880000006, -7.258103799999958],
              [111.45600130000008, -7.249428199999954],
              [111.45156860000009, -7.248269499999935],
              [111.45092010000008, -7.274907599999949],
              [111.44741060000007, -7.275634699999955],
              [111.44338220000009, -7.267827499999953],
              [111.44063570000009, -7.267468399999927],
              [111.43845370000008, -7.269038599999931],
              [111.43912510000007, -7.273803199999975],
              [111.44438930000007, -7.278563499999962],
              [111.44198610000007, -7.28948349999996],
              [111.43802640000007, -7.292503299999964],
              [111.43063350000006, -7.303850599999976],
              [111.42407220000007, -7.307898],
              [111.42371370000006, -7.310316],
              [111.42604060000008, -7.312661599999956],
              [111.43402860000003, -7.315066799999954],
              [111.44125360000004, -7.315421499999957],
              [111.44808190000003, -7.313786],
              [111.457283, -7.321166],
              [111.45771020000007, -7.323880199999962],
              [111.44985680000008, -7.330063399999972],
              [111.44644930000004, -7.338247299999978],
              [111.45083620000008, -7.340535099999954],
              [111.46023560000003, -7.340947599999936],
              [111.46250910000003, -7.343147199999976],
              [111.46250910000003, -7.345831299999929],
              [111.45933530000008, -7.346558499999958],
              [111.45362090000003, -7.343276899999978],
              [111.44977570000009, -7.343160099999977],
              [111.4431, -7.347720599999946],
              [111.44189450000005, -7.35179329999994],
              [111.44498440000007, -7.361170199999947],
              [111.44734190000008, -7.360082099999943],
              [111.44963830000006, -7.355736699999966],
              [111.45550540000005, -7.35214179999997],
              [111.45997620000009, -7.353554699999961],
              [111.46224970000009, -7.357080899999971],
              [111.46225740000006, -7.361423899999977],
              [111.456604, -7.368608],
              [111.46311180000004, -7.371044099999949],
              [111.46414180000005, -7.372279599999956],
              [111.46308130000006, -7.374477399999932],
              [111.45254520000009, -7.374792499999955],
              [111.45049290000009, -7.371159499999976],
              [111.44725040000009, -7.372028299999954],
              [111.43952940000008, -7.369732299999953],
              [111.43160250000005, -7.36448379999996],
              [111.42584990000006, -7.355804899999953],
              [111.41731260000006, -7.352372599999967],
              [111.41626740000004, -7.348817299999951],
              [111.41207120000007, -7.347701499999971],
              [111.409256, -7.349506299999973],
              [111.40384670000009, -7.347772599999928],
              [111.40041350000007, -7.349422899999979],
              [111.39526360000008, -7.346445499999959],
              [111.38516230000005, -7.344774699999959],
              [111.382225, -7.346524699999975],
              [111.37391660000009, -7.344227699999976],
              [111.368721, -7.340698199999963],
              [111.36753080000005, -7.334848399999942],
              [111.36071770000007, -7.330652699999973],
              [111.34492490000008, -7.335303799999963],
              [111.34793090000005, -7.330041399999971],
              [111.34548950000004, -7.328245099999947],
              [111.346878, -7.32352869999994],
              [111.34388730000006, -7.318623],
              [111.34026340000008, -7.318271099999947],
              [111.33360290000007, -7.320893699999942],
              [111.332962, -7.317765699999939],
              [111.33023070000007, -7.315264199999945],
              [111.32621, -7.316625099999953],
              [111.324974, -7.313556099999971],
              [111.32168580000007, -7.311722299999929],
              [111.32141110000003, -7.308948899999962],
              [111.31837460000008, -7.308526],
              [111.31552890000006, -7.305003099999965],
              [111.30942540000007, -7.305764199999942],
              [111.3069, -7.300783599999932],
              [111.30564880000009, -7.302605599999936],
              [111.30354310000007, -7.301980399999934],
              [111.30353540000004, -7.299605299999939],
              [111.29906460000007, -7.30163669999996],
              [111.29734040000005, -7.300101199999972],
              [111.29579920000003, -7.301695299999949],
              [111.29582980000004, -7.300450299999966],
              [111.29370880000005, -7.300175099999933],
              [111.29486840000004, -7.299439399999926],
              [111.29310610000005, -7.29569859999998],
              [111.28675840000005, -7.289817299999982],
              [111.28191370000008, -7.288746299999957],
              [111.28076170000008, -7.290587399999936],
              [111.27923580000004, -7.28796],
              [111.27570340000005, -7.289651399999968],
              [111.26872250000008, -7.289443499999948],
              [111.26403050000005, -7.28707019999996],
              [111.25830080000009, -7.28819459999994],
              [111.251503, -7.284044199999926],
              [111.24893950000006, -7.283902099999978],
              [111.247673, -7.286239099999932],
              [111.24460780000004, -7.285373299999947],
              [111.24136350000003, -7.282273699999962],
              [111.24111940000006, -7.278132899999946],
              [111.23574830000007, -7.270907399999942],
              [111.23078150000003, -7.267652],
              [111.22907250000009, -7.268492199999969],
              [111.22378540000005, -7.261770699999943],
              [111.22371670000007, -7.256511699999976],
              [111.22186280000005, -7.252833799999962],
              [111.21783450000004, -7.250081],
              [111.21800230000008, -7.248643799999968],
              [111.21286010000006, -7.247034499999927],
              [111.23453520000004, -7.243706199999963],
              [111.23786180000008, -7.241020499999934],
              [111.23682010000005, -7.231616699999961],
              [111.23941980000006, -7.226774],
              [111.24414820000004, -7.206921099999931],
              [111.24330140000006, -7.202975199999969],
              [111.24658130000006, -7.18190089999996],
              [111.24517820000005, -7.177114499999959],
              [111.246849, -7.171814899999958],
              [111.24314120000008, -7.169360099999949],
              [111.24153140000004, -7.16519969999996],
              [111.24040990000009, -7.138828699999976],
              [111.237648, -7.137220299999967],
              [111.23469540000008, -7.131362899999942],
              [111.23202510000004, -7.119765699999959],
              [111.22367860000008, -7.104219899999975],
              [111.22112270000008, -7.085288],
              [111.21823880000005, -7.083489899999961],
              [111.21450160000006, -7.077593599999943],
              [111.21739960000008, -7.07020179999995],
              [111.21532440000004, -7.064278099999967],
              [111.21581270000007, -7.056906199999958],
              [111.21878810000004, -7.050194699999963],
              [111.21676630000007, -7.046361899999965],
              [111.21761320000007, -7.029577199999949],
              [111.21246340000005, -7.020360899999957],
              [111.20991510000005, -7.019552199999964],
              [111.20679470000005, -7.021322699999928],
              [111.20166780000005, -7.017956199999958],
              [111.19688410000003, -7.006845399999975],
              [111.18940730000008, -7.001713299999949],
              [111.18855280000008, -6.998494099999959],
              [111.17366030000005, -6.991140299999927],
              [111.17137150000008, -6.985499299999958],
              [111.16511, -6.98137],
              [111.16127010000008, -6.980848299999934],
              [111.154808, -6.983628299999964],
              [111.147522, -6.980745299999967],
              [111.14096830000005, -6.981379],
              [111.13272860000006, -6.977285399999971],
              [111.12210080000006, -6.976562499999943],
              [111.11327510000007, -6.978714699999955],
              [111.11120090000009, -6.977515099999948],
              [111.10654450000004, -6.962053699999956],
              [111.113121, -6.940294199999926],
              [111.11302950000004, -6.923531499999967],
              [111.11643220000008, -6.914867899999933],
              [111.12109370000007, -6.912976699999945],
              [111.125, -6.913475499999947],
              [111.13313180000006, -6.920533399999954],
              [111.13837, -6.92065],
              [111.14202880000005, -6.916444799999965],
              [111.14380640000007, -6.910817599999973],
              [111.14040370000004, -6.903606899999943],
              [111.14141080000007, -6.901489199999958],
              [111.14994050000007, -6.905883699999947],
              [111.15247340000008, -6.910137599999928],
              [111.175827, -6.90563579999997],
              [111.18333430000007, -6.898584299999925],
              [111.18665310000006, -6.898879499999964],
              [111.186943, -6.896781399999952],
              [111.192749, -6.898792199999946],
              [111.19864650000005, -6.898086499999977],
              [111.20115660000005, -6.894352399999946],
              [111.20093540000005, -6.888952199999949],
              [111.20362090000003, -6.879255199999932],
              [111.20866390000003, -6.875],
              [111.209053, -6.871874799999944],
              [111.21266170000007, -6.869461499999943],
              [111.21650690000007, -6.872950499999945],
              [111.22193150000004, -6.871529099999975],
              [111.22377010000008, -6.863223499999947],
              [111.22276720000008, -6.848050499999943],
              [111.22486220000008, -6.846145199999967],
              [111.22709640000005, -6.848362899999927]
            ]
          ]
        ]
      }
    },
    {
      "type": "Feature",
      "properties": {
        "ADM0_EN": "Indonesia",
        "date": "2019-12-20",
        "validOn": "2020-04-01",
        "PROVINCE": "Jawa Tengah",
        "Kabupaten": "Kota Salatiga",
        "PRV2": "Jawa_Tengah",
        "layer": "Jawa_Tengah_ADMIN_BPS",
        "path": "D:/rudi/Jawa_Tengah_ADMIN_BPS.shp",
        "listkodim_Kodim": "Kodim 0714/Salatiga",
        "listkodim_Korem": "Korem 073/Makutarama"
      },
      "geometry": {
        "type": "MultiPolygon",
        "coordinates": [
          [
            [
              [110.57141710000008, -7.445131899999978],
              [110.56548370000007, -7.442765799999961],
              [110.57154860000009, -7.442858299999955],
              [110.57141710000008, -7.445131899999978]
            ]
          ],
          [
            [
              [110.45668790000008, -7.078879799999982],
              [110.46782690000003, -7.079352799999981],
              [110.47722630000004, -7.084102599999937],
              [110.47787480000005, -7.087390399999947],
              [110.48240660000005, -7.090713],
              [110.48764040000009, -7.090951399999938],
              [110.49737550000009, -7.094666],
              [110.49951170000008, -7.096542799999952],
              [110.49975590000008, -7.10171269999995],
              [110.50262450000008, -7.102579099999957],
              [110.49890140000008, -7.108497599999964],
              [110.49575810000005, -7.109660599999927],
              [110.49685670000008, -7.110956199999976],
              [110.50255680000004, -7.11101309999998],
              [110.501648, -7.113271699999927],
              [110.49991850000004, -7.111656799999935],
              [110.49937560000006, -7.112854399999947],
              [110.5, -7.118614699999966],
              [110.50598910000008, -7.123264699999936],
              [110.50951380000004, -7.122068799999965],
              [110.51335150000006, -7.12349219999993],
              [110.51342770000008, -7.128219599999966],
              [110.51731110000009, -7.131299],
              [110.52153010000006, -7.133048],
              [110.52710720000005, -7.129216699999972],
              [110.531807, -7.131659],
              [110.53498840000009, -7.130418799999973],
              [110.53526310000007, -7.128314499999931],
              [110.53659060000007, -7.129899499999965],
              [110.53853610000004, -7.127679799999953],
              [110.54285770000007, -7.128642399999933],
              [110.54741560000008, -7.132219899999939],
              [110.54631040000004, -7.134951399999977],
              [110.54917530000006, -7.137953899999957],
              [110.55112460000004, -7.137248499999941],
              [110.56109430000004, -7.141653399999939],
              [110.55772680000007, -7.146171],
              [110.558182, -7.151749499999937],
              [110.55402570000007, -7.159605299999953],
              [110.553998, -7.167435799999964],
              [110.54750390000004, -7.168160199999932],
              [110.54196620000005, -7.177212299999951],
              [110.54201430000006, -7.182200599999931],
              [110.54314630000005, -7.181415099999981],
              [110.545232, -7.18338209999996],
              [110.54404450000004, -7.188552799999968],
              [110.54592890000004, -7.194587199999944],
              [110.55089570000007, -7.194138499999951],
              [110.55133060000009, -7.192909699999973],
              [110.55371860000008, -7.193914399999926],
              [110.55417630000005, -7.190415799999926],
              [110.55662540000009, -7.190229399999964],
              [110.554336, -7.189362],
              [110.55550770000008, -7.187167699999975],
              [110.55965420000007, -7.192671699999948],
              [110.56166840000009, -7.191841599999975],
              [110.562767, -7.188155199999926],
              [110.56453590000007, -7.19148279999996],
              [110.56645320000007, -7.190541699999926],
              [110.56901550000003, -7.194325899999967],
              [110.57012180000004, -7.192227799999955],
              [110.56907650000005, -7.189295699999946],
              [110.57042690000009, -7.18895619999995],
              [110.57618650000006, -7.194632],
              [110.57672420000006, -7.199267599999928],
              [110.57831590000006, -7.196735699999977],
              [110.57994840000003, -7.200217699999939],
              [110.58406210000004, -7.202777],
              [110.584911, -7.200861199999963],
              [110.58900080000006, -7.200796299999979],
              [110.59094730000004, -7.197454],
              [110.59288, -7.19921],
              [110.60082, -7.19993],
              [110.60084, -7.19515],
              [110.60641, -7.19489],
              [110.61270350000007, -7.198834399999953],
              [110.61323, -7.2033],
              [110.61155, -7.20529],
              [110.61317, -7.21479],
              [110.61616520000007, -7.217443899999978],
              [110.62699890000005, -7.217885899999942],
              [110.62722010000005, -7.223090599999978],
              [110.62407580000007, -7.23001869999996],
              [110.62397870000007, -7.23402619999996],
              [110.62783410000009, -7.246241199999929],
              [110.633804, -7.253623599999969],
              [110.63607790000009, -7.264133899999933],
              [110.631012, -7.26563589999995],
              [110.62502840000008, -7.270803899999976],
              [110.62102870000007, -7.268514099999948],
              [110.62233870000006, -7.277281599999981],
              [110.62446890000007, -7.278570099999968],
              [110.62392430000006, -7.285586299999977],
              [110.61823270000008, -7.285706499999947],
              [110.621675, -7.289278799999977],
              [110.60149390000004, -7.291235399999948],
              [110.60312650000009, -7.300016399999947],
              [110.59929590000007, -7.307096399999978],
              [110.59931950000004, -7.315480699999966],
              [110.60307080000007, -7.322586699999931],
              [110.61005980000004, -7.324561899999935],
              [110.60786, -7.33101],
              [110.61258010000006, -7.333443899999963],
              [110.61953320000003, -7.333026899999936],
              [110.63107630000007, -7.327065199999936],
              [110.63499450000006, -7.328252299999974],
              [110.64080960000007, -7.325768799999935],
              [110.64260520000005, -7.326004],
              [110.64382780000005, -7.331416099999956],
              [110.64641470000004, -7.332482],
              [110.64292220000004, -7.334264399999938],
              [110.63995430000006, -7.338905699999941],
              [110.64004470000003, -7.350586799999974],
              [110.63658680000009, -7.352047399999947],
              [110.63600160000004, -7.360694399999943],
              [110.62912910000006, -7.369446099999948],
              [110.63174270000007, -7.373310799999956],
              [110.62553860000008, -7.382042699999943],
              [110.62961620000004, -7.384713799999929],
              [110.62883760000005, -7.386784099999943],
              [110.634115, -7.388777799999957],
              [110.634554, -7.400324199999943],
              [110.63813280000005, -7.402990699999975],
              [110.63817780000005, -7.406289299999969],
              [110.63569090000004, -7.406351],
              [110.63607470000005, -7.416586499999937],
              [110.63302330000005, -7.417073499999958],
              [110.63186730000007, -7.418828699999949],
              [110.634446, -7.42229059999994],
              [110.63371980000005, -7.425583499999959],
              [110.63579040000008, -7.429658899999936],
              [110.632262, -7.433632],
              [110.63088350000004, -7.439231599999971],
              [110.625944, -7.441443699999979],
              [110.623489, -7.445596],
              [110.62232150000006, -7.444600399999956],
              [110.61899170000004, -7.445737299999962],
              [110.62184140000005, -7.448860099999933],
              [110.62140650000003, -7.454491099999927],
              [110.62338260000007, -7.455340799999931],
              [110.630867, -7.451445099999944],
              [110.63773350000008, -7.452123599999936],
              [110.64427180000007, -7.446589499999959],
              [110.64853010000007, -7.447717599999976],
              [110.64524840000007, -7.451750199999935],
              [110.63269810000008, -7.457321599999943],
              [110.62922670000006, -7.464358799999957],
              [110.63922880000007, -7.472426899999959],
              [110.64012150000008, -7.470366499999955],
              [110.65055080000008, -7.47065589999994],
              [110.66148350000009, -7.474662299999977],
              [110.65543360000004, -7.48050829999994],
              [110.65415190000004, -7.484476099999938],
              [110.65519890000007, -7.486886899999945],
              [110.658165, -7.487848699999972],
              [110.65832520000004, -7.491913799999963],
              [110.66052250000007, -7.495518599999969],
              [110.65912630000008, -7.496947299999931],
              [110.64736880000004, -7.491175299999952],
              [110.63915110000005, -7.495311399999935],
              [110.632989, -7.490042899999935],
              [110.62793850000008, -7.491878899999961],
              [110.62179620000006, -7.49146049999996],
              [110.61864920000005, -7.488306099999932],
              [110.61468440000004, -7.489594499999953],
              [110.60600170000004, -7.48775059999997],
              [110.602268, -7.490274499999941],
              [110.60198840000004, -7.483808599999975],
              [110.59634160000007, -7.483046699999932],
              [110.59624380000008, -7.480895799999928],
              [110.59893240000008, -7.480170899999962],
              [110.59544460000006, -7.477052899999933],
              [110.59086150000007, -7.476004299999943],
              [110.58991490000005, -7.472780199999931],
              [110.58696870000006, -7.472370699999942],
              [110.58214180000004, -7.466337],
              [110.57880950000003, -7.465528399999926],
              [110.57736470000009, -7.462189],
              [110.58913510000008, -7.464817],
              [110.58924090000005, -7.460959099999968],
              [110.58636210000009, -7.460087399999964],
              [110.587524, -7.456358299999977],
              [110.58566730000007, -7.455154599999958],
              [110.58597370000007, -7.452380099999971],
              [110.57871640000008, -7.450032599999929],
              [110.58063510000005, -7.448847699999931],
              [110.580407, -7.445115],
              [110.58314640000009, -7.445045199999981],
              [110.58282380000009, -7.446790499999963],
              [110.58605860000006, -7.445968],
              [110.58442080000009, -7.448785399999963],
              [110.59349310000005, -7.450614099999939],
              [110.59748170000006, -7.454072699999926],
              [110.599778, -7.447846099999936],
              [110.59294550000004, -7.445008299999927],
              [110.58957690000005, -7.445938499999954],
              [110.58945680000005, -7.442423699999949],
              [110.58596580000005, -7.44191369999993],
              [110.58571690000008, -7.437731299999939],
              [110.57975130000005, -7.42528139999996],
              [110.57322670000008, -7.422477399999934],
              [110.57576290000009, -7.431692399999974],
              [110.57312540000004, -7.430438599999945],
              [110.573713, -7.435855],
              [110.57143630000007, -7.440421399999934],
              [110.56751120000007, -7.439451199999951],
              [110.56980940000005, -7.425171599999942],
              [110.56462130000006, -7.42586179999995],
              [110.56232930000004, -7.430809299999964],
              [110.558648, -7.431798799999967],
              [110.55958080000005, -7.436421899999971],
              [110.55815530000007, -7.441079],
              [110.56049250000007, -7.451231499999949],
              [110.55534980000004, -7.45171019999998],
              [110.55112510000004, -7.448219799999947],
              [110.551008, -7.444554099999948],
              [110.55404110000006, -7.444626899999946],
              [110.55468310000003, -7.443206699999962],
              [110.55370650000003, -7.441252099999929],
              [110.547482, -7.438861799999927],
              [110.54783020000008, -7.434724699999947],
              [110.54386290000008, -7.432951899999978],
              [110.53769680000005, -7.43475669999998],
              [110.53075410000008, -7.433299499999976],
              [110.52064220000005, -7.438377299999956],
              [110.51745840000007, -7.437901899999929],
              [110.51252750000003, -7.421975099999941],
              [110.517068, -7.416485799999975],
              [110.50883480000005, -7.412575199999935],
              [110.50918010000004, -7.409819399999947],
              [110.51125350000007, -7.4095],
              [110.50974590000004, -7.40744559999996],
              [110.50629770000006, -7.408273299999962],
              [110.50361110000006, -7.411332199999947],
              [110.497515, -7.410697],
              [110.48421480000007, -7.40754979999997],
              [110.48352210000007, -7.402409699999964],
              [110.47731520000008, -7.405499199999952],
              [110.47560880000009, -7.404447499999947],
              [110.46553610000007, -7.40805389999997],
              [110.45888410000003, -7.413908299999946],
              [110.45623780000005, -7.422895399999959],
              [110.44765470000004, -7.43304059999997],
              [110.447319, -7.436971599999936],
              [110.44297030000007, -7.444252],
              [110.4429, -7.44911],
              [110.43991090000009, -7.452838899999961],
              [110.43782810000005, -7.452971],
              [110.42526250000009, -7.435401899999931],
              [110.42436220000008, -7.430123799999933],
              [110.41925810000004, -7.421960799999965],
              [110.41434480000004, -7.416642599999932],
              [110.41323090000009, -7.407930299999975],
              [110.40531160000006, -7.389744699999937],
              [110.40615080000003, -7.376564499999972],
              [110.403595, -7.37187],
              [110.40361780000006, -7.365453699999932],
              [110.39771270000006, -7.357751299999961],
              [110.39049530000005, -7.352947699999959],
              [110.38124850000008, -7.353361599999971],
              [110.38073730000008, -7.349563099999955],
              [110.37683590000006, -7.344227599999954],
              [110.37759760000006, -7.338373399999966],
              [110.38035550000006, -7.337678499999981],
              [110.37914280000007, -7.334552299999928],
              [110.37158210000007, -7.333382599999936],
              [110.36822510000007, -7.330786699999976],
              [110.36348720000007, -7.331396599999948],
              [110.35514070000005, -7.326165199999934],
              [110.34280390000004, -7.325789399999962],
              [110.33260340000004, -7.32083369999998],
              [110.32920070000006, -7.320816499999978],
              [110.32746890000004, -7.317284599999937],
              [110.33002440000007, -7.312335399999938],
              [110.32553860000007, -7.308987099999968],
              [110.31761170000004, -7.312038899999948],
              [110.314329, -7.310139799999945],
              [110.31367490000008, -7.30898609999997],
              [110.31753540000005, -7.30478039999997],
              [110.32562690000009, -7.303716899999927],
              [110.32821270000005, -7.301510299999961],
              [110.32715610000008, -7.29604],
              [110.32371520000004, -7.292522399999939],
              [110.32177730000006, -7.287512299999946],
              [110.31040960000007, -7.280851299999938],
              [110.31139, -7.28019],
              [110.30927, -7.27611],
              [110.30541270000003, -7.275305899999978],
              [110.29614260000005, -7.268956099999969],
              [110.28327940000008, -7.254367299999956],
              [110.27827450000007, -7.251930699999946],
              [110.27108770000007, -7.252026],
              [110.27050780000008, -7.246281099999976],
              [110.27379590000004, -7.236153699999932],
              [110.27255250000007, -7.233870499999966],
              [110.27162450000009, -7.234804399999973],
              [110.266696, -7.232304699999929],
              [110.26713150000006, -7.23033339999995],
              [110.26401410000005, -7.224468799999954],
              [110.26640790000005, -7.218221899999946],
              [110.25765220000005, -7.217167399999937],
              [110.25845970000006, -7.214284199999952],
              [110.25463250000007, -7.211704299999951],
              [110.25198130000007, -7.197925699999928],
              [110.25999320000005, -7.199276599999962],
              [110.26954440000009, -7.196629399999949],
              [110.27252240000007, -7.199944099999925],
              [110.27249820000009, -7.198885099999927],
              [110.27596310000007, -7.199657799999954],
              [110.27552410000004, -7.196310499999981],
              [110.28134160000008, -7.195406399999968],
              [110.283226, -7.193008899999938],
              [110.28530120000005, -7.193678899999952],
              [110.28443, -7.18839],
              [110.29691630000008, -7.195216199999948],
              [110.31944630000004, -7.194939399999953],
              [110.32300380000004, -7.196808399999952],
              [110.33253920000004, -7.193312799999944],
              [110.34001760000007, -7.194024199999944],
              [110.34048260000009, -7.200161099999946],
              [110.34851, -7.18393],
              [110.35351, -7.18637],
              [110.36318230000006, -7.187277599999959],
              [110.36100890000006, -7.182832899999937],
              [110.35754910000009, -7.18007259999996],
              [110.362836, -7.174671699999976],
              [110.380636, -7.17312869999995],
              [110.38990860000007, -7.16809429999995],
              [110.39841830000006, -7.166760099999976],
              [110.39845220000007, -7.163629699999944],
              [110.39135590000006, -7.163636099999962],
              [110.38722440000004, -7.157207799999981],
              [110.38463440000004, -7.157189499999959],
              [110.37868680000008, -7.151362899999981],
              [110.37701290000007, -7.151857599999971],
              [110.37720240000004, -7.149661599999945],
              [110.37244280000004, -7.15266209999993],
              [110.37058710000008, -7.151247099999978],
              [110.37187590000008, -7.148877299999981],
              [110.36966580000006, -7.148289599999941],
              [110.35295420000006, -7.158112],
              [110.35030920000008, -7.157803099999967],
              [110.35115210000004, -7.155127899999968],
              [110.34828720000007, -7.153511599999945],
              [110.35257850000005, -7.144323799999938],
              [110.35295220000006, -7.136801799999944],
              [110.35096370000008, -7.131834499999968],
              [110.35261330000009, -7.122856699999943],
              [110.34853990000005, -7.118986],
              [110.34994480000006, -7.115851299999974],
              [110.34916910000004, -7.111865399999942],
              [110.35352780000005, -7.110613599999965],
              [110.35348540000007, -7.106881699999974],
              [110.35546070000004, -7.107476799999972],
              [110.36004380000008, -7.104711899999927],
              [110.37107910000009, -7.107507599999963],
              [110.37370610000005, -7.10481649999997],
              [110.37314560000004, -7.097613099999933],
              [110.37641680000007, -7.09442329999996],
              [110.37594220000005, -7.097883699999954],
              [110.37941840000008, -7.101014699999951],
              [110.37647090000007, -7.107759499999929],
              [110.377922, -7.110542299999963],
              [110.38203190000007, -7.111021099999959],
              [110.38407140000004, -7.114009399999929],
              [110.38947740000003, -7.112406699999951],
              [110.39478020000007, -7.112899],
              [110.39639480000005, -7.114477699999952],
              [110.402504, -7.10964249999995],
              [110.40292820000008, -7.11382169999996],
              [110.40457940000005, -7.110080899999957],
              [110.41614770000007, -7.108372499999973],
              [110.42094420000006, -7.104904599999941],
              [110.42244720000008, -7.096894299999974],
              [110.42868040000008, -7.092048199999965],
              [110.44392, -7.091289599999925],
              [110.448333, -7.089076099999943],
              [110.45184320000004, -7.090064],
              [110.45368110000004, -7.086568299999954],
              [110.454057, -7.079417499999977],
              [110.45668790000008, -7.078879799999982]
            ],
            [
              [110.59278, -7.20267],
              [110.59193, -7.20061],
              [110.59224980000005, -7.203065399999957],
              [110.59278, -7.20267]
            ]
          ]
        ]
      }
    }
  ],
  "properties": { "simplified": true }
}
