{"type":"FeatureCollection","name":"korem","crs":{"type":"name","properties":{"name":"urn:ogc:def:crs:OGC:1.3:CRS84"}},"features":[{"type":"Feature","properties":{"ADM0_EN":"Indonesia","date":"2019-12-20","validOn":"2020-04-01","PROVINCE":"Jawa Tengah","Kabupaten":"Boyolali","PRV2":"Jawa_Tengah","layer":"Jawa_Tengah_ADMIN_BPS","path":"D:/rudi/Jawa_Tengah_ADMIN_BPS.shp","listkodim_Kodim":"Kodim 0724/Boyolali","listkodim_Korem":"Korem 074/Warastratama"},"geometry":{"type":"MultiPolygon","coordinates":[[[[111.18357850000007,-7.712422299999957],[111.18881230000005,-7.713485699999978],[111.19154360000005,-7.712441399999932],[111.20124820000007,-7.72106169999995],[111.20824430000005,-7.721287699999948],[111.21414950000008,-7.723412],[111.21551510000006,-7.728367299999945],[111.213623,-7.733051699999976],[111.21572870000006,-7.737803],[111.22266390000004,-7.739761299999941],[111.22737880000005,-7.74503459999994],[111.23325350000005,-7.746757],[111.238472,-7.750941699999942],[111.24402620000006,-7.741394499999956],[111.24908450000004,-7.741957199999945],[111.25213620000005,-7.746804199999929],[111.25981140000005,-7.746648299999947],[111.26025390000007,-7.744365199999947],[111.26667020000008,-7.743446799999958],[111.26712030000004,-7.741420199999936],[111.27074430000005,-7.739772799999969],[111.27252960000004,-7.740718299999969],[111.27125750000005,-7.737089699999956],[111.27454370000004,-7.734913799999958],[111.28330230000006,-7.738294599999961],[111.28707880000007,-7.743069099999957],[111.29008480000005,-7.742880799999966],[111.28907780000009,-7.75],[111.286377,-7.751877699999966],[111.28531650000008,-7.754906099999971],[111.29071810000005,-7.754935699999976],[111.29353330000004,-7.757160099999965],[111.29355620000007,-7.760667799999965],[111.28786470000006,-7.770162099999936],[111.28324890000005,-7.781903199999931],[111.28333280000004,-7.787148399999978],[111.28133390000005,-7.788720099999978],[111.28344720000007,-7.788371499999926],[111.28544610000006,-7.79401919999998],[111.28992460000006,-7.794013],[111.29860690000004,-7.801251799999932],[111.30070490000008,-7.811205399999949],[111.30458830000003,-7.814165099999968],[111.304306,-7.818929599999933],[111.30686190000006,-7.823061399999972],[111.30413820000007,-7.830441499999949],[111.30578610000003,-7.841066299999966],[111.31443020000006,-7.843137699999943],[111.31835180000007,-7.847723899999949],[111.31930540000008,-7.854368199999954],[111.30747990000003,-7.858724099999961],[111.299675,-7.859858],[111.29779050000008,-7.862027099999978],[111.29665370000004,-7.870398499999965],[111.29911040000007,-7.878962499999943],[111.29257960000007,-7.888183599999934],[111.28811640000004,-7.900365799999975],[111.28753680000005,-7.906652099999974],[111.27324670000007,-7.924651599999947],[111.27459710000005,-7.932310099999938],[111.27209470000008,-7.940289899999925],[111.26816560000009,-7.944622],[111.25779720000008,-7.94874429999993],[111.245346,-7.948563499999977],[111.235733,-7.944606699999952],[111.227005,-7.933208],[111.21685030000003,-7.926117399999953],[111.21505740000003,-7.926818299999979],[111.21162410000005,-7.936693199999979],[111.19633480000005,-7.939774],[111.19218440000009,-7.939289499999973],[111.19305420000006,-7.932572299999947],[111.18822480000006,-7.922595],[111.18324280000007,-7.918823699999962],[111.17895510000005,-7.921806799999956],[111.16893770000007,-7.921465399999931],[111.16474910000005,-7.92401689999997],[111.16325380000006,-7.922462899999971],[111.157547,-7.92206189999996],[111.15602110000009,-7.923640699999964],[111.15487670000005,-7.922502],[111.14922330000007,-7.930229199999928],[111.14415740000004,-7.934154499999977],[111.14326480000005,-7.942581599999926],[111.14886470000005,-7.950806599999964],[111.14942170000006,-7.954588399999977],[111.14598080000007,-7.957778899999937],[111.14762880000006,-7.960481099999981],[111.146431,-7.966988499999957],[111.144104,-7.966702899999973],[111.14210510000004,-7.969410399999958],[111.13811490000006,-7.969434699999965],[111.132988,-7.973814899999979],[111.13025660000005,-7.972091099999943],[111.12382420000006,-7.972124599999972],[111.12915040000007,-7.985432099999969],[111.128891,-7.991497],[111.13197330000008,-7.996461799999963],[111.13030240000006,-8.007087699999943],[111.13521580000008,-8.013096799999971],[111.13625340000004,-8.018264699999975],[111.136173,-8.023561099999938],[111.12632750000006,-8.037467899999967],[111.12718960000007,-8.064241399999958],[111.12501950000006,-8.064828899999952],[111.12248610000006,-8.06019109999994],[111.11351010000004,-8.056740699999978],[111.09643550000004,-8.06096649999995],[111.09604640000003,-8.06445789999998],[111.09310910000005,-8.065256099999942],[111.09211730000004,-8.061131399999965],[111.08896640000006,-8.060370399999954],[111.09051510000006,-8.051351499999953],[111.08951570000005,-8.048411299999941],[111.09098820000008,-8.046658499999978],[111.09025570000006,-8.041900599999963],[111.09169010000005,-8.040377599999943],[111.09284210000004,-8.030677799999978],[111.07704160000009,-8.02472679999994],[111.07101440000008,-8.029376],[111.07156370000007,-8.030388799999969],[111.06742860000008,-8.035047499999962],[111.06912990000006,-8.046108199999935],[111.06681820000006,-8.056092199999966],[111.07138820000006,-8.061447099999953],[111.07173160000008,-8.064026799999965],[111.06586460000005,-8.063253399999951],[111.06428530000005,-8.067703199999926],[111.05619810000007,-8.068458499999963],[111.05538180000008,-8.072462],[111.05290980000007,-8.071844099999964],[111.05075070000004,-8.074684099999956],[111.04061890000008,-8.076045],[111.03556820000006,-8.080668399999979],[111.025711,-8.080615],[111.02250670000006,-8.077312499999948],[111.01577760000004,-8.075865699999952],[111.01501460000009,-8.077882699999975],[111.01324460000006,-8.076841299999955],[111.00220490000004,-8.07759],[111,-8.080327],[110.99322510000007,-8.082275399999958],[110.98261260000004,-8.073312699999974],[110.97534180000008,-8.07337659999996],[110.95994910000007,-8.06379039999996],[110.95272830000005,-8.062685899999963],[110.95159150000006,-8.070361099999957],[110.94683840000005,-8.073719],[110.94203180000005,-8.083588599999928],[110.94280240000006,-8.087515799999949],[110.93775180000006,-8.09088509999998],[110.93203730000005,-8.10088339999993],[110.92596440000005,-8.105810099999928],[110.921179,-8.117871499999978],[110.90847010000005,-8.125],[110.91019440000008,-8.134176199999956],[110.90244290000004,-8.154010699999958],[110.90266420000006,-8.161304499999972],[110.89974980000005,-8.166385599999956],[110.90181730000006,-8.170718199999953],[110.89873510000007,-8.178621299999975],[110.90119930000009,-8.182812699999943],[110.89947510000007,-8.187145199999975],[110.90393070000005,-8.190729099999942],[110.90517430000006,-8.197824499999967],[110.90892030000003,-8.206082299999935],[110.90855410000006,-8.210772499999962],[110.89886,-8.21186],[110.88622,-8.20969],[110.88212,-8.2116],[110.87235,-8.20574],[110.85329,-8.20616],[110.84714,-8.20381],[110.84238,-8.20544],[110.84161,-8.2034],[110.83746,-8.20619],[110.83748,-8.20346],[110.83267,-8.20359],[110.82899120000008,-8.200031799999977],[110.82923890000006,-8.194750799999952],[110.83462520000006,-8.189264299999934],[110.83255,-8.180794699999979],[110.83407590000007,-8.175103099999944],[110.82636260000004,-8.16978359999996],[110.82308960000006,-8.161266299999966],[110.81840520000009,-8.15857879999993],[110.81641390000004,-8.154137599999956],[110.81813810000006,-8.144239399999947],[110.81199650000008,-8.147090899999966],[110.80985260000006,-8.155369699999937],[110.79930110000004,-8.16255469999993],[110.79202270000008,-8.159777599999927],[110.78748320000005,-8.154048899999964],[110.78564450000005,-8.148877099999936],[110.78549960000004,-8.139707499999929],[110.78776550000003,-8.128459899999939],[110.789772,-8.125804899999935],[110.78916930000008,-8.114723199999958],[110.78707120000007,-8.101463299999978],[110.77954860000006,-8.08495709999994],[110.77851870000006,-8.067645],[110.77191160000007,-8.05816649999997],[110.76655580000005,-8.044120799999973],[110.75425120000006,-8.025950399999942],[110.75602720000006,-8.014791499999944],[110.76174930000008,-8.003481799999975],[110.76078030000008,-7.991148399999929],[110.76602170000007,-7.990042699999947],[110.76843260000004,-7.979480699999954],[110.76841740000003,-7.955127699999935],[110.77170560000008,-7.945043099999964],[110.77016450000008,-7.942324599999949],[110.77199550000006,-7.927414399999975],[110.76929480000007,-7.915918],[110.77104950000006,-7.902040899999974],[110.77760310000008,-7.892311499999948],[110.77567290000007,-7.885351599999979],[110.77831270000007,-7.87738939999997],[110.78362270000008,-7.873360099999957],[110.78256220000009,-7.862922599999933],[110.78408330000008,-7.85785409999994],[110.78610230000004,-7.857677399999943],[110.78823850000003,-7.85397949999998],[110.78769680000005,-7.850929199999939],[110.78297420000007,-7.851316899999972],[110.78453830000007,-7.847318199999961],[110.78253940000008,-7.846491299999968],[110.782959,-7.830156799999941],[110.78472140000008,-7.826713499999926],[110.78558350000009,-7.817247399999928],[110.78004750000008,-7.814064099999939],[110.778102,-7.815381599999967],[110.77604940000003,-7.814126899999962],[110.77248680000008,-7.808649599999967],[110.76435160000005,-7.809933399999977],[110.76532670000006,-7.812762799999973],[110.76266130000005,-7.815738799999963],[110.76337730000006,-7.823861699999952],[110.75768830000004,-7.827710299999978],[110.75199430000004,-7.824165899999969],[110.750987,-7.819695899999942],[110.74507280000006,-7.81785629999996],[110.74181750000008,-7.806318499999975],[110.73559890000007,-7.803938],[110.73281480000009,-7.801197799999954],[110.72857920000007,-7.800504199999978],[110.72862380000004,-7.798251299999947],[110.72443770000007,-7.79477],[110.71656650000006,-7.791597099999933],[110.713459,-7.791807399999925],[110.71265410000007,-7.794008199999951],[110.71415710000008,-7.798587299999951],[110.70893830000006,-7.805162099999961],[110.69116180000009,-7.808386],[110.67091340000007,-7.803245199999935],[110.67264520000003,-7.800550099999953],[110.671951,-7.796568099999945],[110.67640820000008,-7.790421299999934],[110.67293790000008,-7.786537099999975],[110.67043980000005,-7.786171799999977],[110.66918640000006,-7.786635399999966],[110.67029280000008,-7.789777],[110.66443660000004,-7.792647399999964],[110.65977310000005,-7.802699099999927],[110.657257,-7.804645099999959],[110.64700830000004,-7.795249499999954],[110.63817740000007,-7.800393699999972],[110.62864680000007,-7.800519399999928],[110.62526020000007,-7.803445],[110.62126240000003,-7.799586399999953],[110.61918720000006,-7.798975599999949],[110.61550890000007,-7.801870099999974],[110.60816,-7.79676],[110.60709,-7.798421699999949],[110.59867080000004,-7.800051499999938],[110.60063920000005,-7.805270499999949],[110.59922790000007,-7.806852799999945],[110.59433750000005,-7.806215699999939],[110.58575420000005,-7.808642199999952],[110.58794390000008,-7.805403],[110.5858,-7.802777599999956],[110.57658930000008,-7.806738199999927],[110.57656320000007,-7.801563399999964],[110.58301310000007,-7.798288399999933],[110.58482360000005,-7.790913199999977],[110.58349370000008,-7.790104299999939],[110.58252580000004,-7.791356899999926],[110.58111790000004,-7.789249],[110.57788310000007,-7.789557499999944],[110.56214550000004,-7.782177599999955],[110.55586950000009,-7.784057399999938],[110.55406190000008,-7.78691809999998],[110.55332150000004,-7.792459299999962],[110.55549150000007,-7.793525899999963],[110.554754,-7.795224399999938],[110.55130770000005,-7.794808699999976],[110.55059170000004,-7.792442499999936],[110.54691310000004,-7.791405699999927],[110.54015530000004,-7.795046599999978],[110.53966630000008,-7.798004699999979],[110.53641510000006,-7.797937399999967],[110.53743740000004,-7.794723499999975],[110.536377,-7.794028299999979],[110.53496790000008,-7.796567399999958],[110.530672,-7.798137],[110.52942090000005,-7.790751499999942],[110.52412650000008,-7.786552599999936],[110.52291640000004,-7.78313959999997],[110.51783050000006,-7.782363099999941],[110.51244350000007,-7.779113699999925],[110.50977560000007,-7.77056609999994],[110.49194340000008,-7.766898399999945],[110.49163310000006,-7.741376599999967],[110.46870420000005,-7.638313299999936],[110.46851350000009,-7.617782099999943],[110.46315770000007,-7.604233699999952],[110.45947260000008,-7.583815099999981],[110.46052550000007,-7.580613099999937],[110.45962520000006,-7.569681199999934],[110.45744320000006,-7.565381499999944],[110.456871,-7.559108699999967],[110.44608170000004,-7.541913299999976],[110.43983460000004,-7.536878099999967],[110.42893980000008,-7.53191709999993],[110.42673490000004,-7.529259199999956],[110.40523530000007,-7.517093199999977],[110.38574930000004,-7.513338799999929],[110.38034550000003,-7.514160799999956],[110.38005670000007,-7.51174629999997],[110.38893890000008,-7.506919399999958],[110.39548490000004,-7.498728699999958],[110.40219880000006,-7.499002899999937],[110.40470720000008,-7.497679799999958],[110.40784450000007,-7.498932799999977],[110.41368870000008,-7.497202899999934],[110.42708590000007,-7.485429299999964],[110.43309780000004,-7.477898599999946],[110.43530280000004,-7.469425199999932],[110.43426510000006,-7.465040699999975],[110.43814850000007,-7.455245899999966],[110.44235230000004,-7.449888199999975],[110.44297030000007,-7.444252],[110.447547,-7.435960299999977],[110.44735720000006,-7.433379199999933],[110.45647430000008,-7.422580699999969],[110.45855050000006,-7.414406499999927],[110.46529380000004,-7.408204699999942],[110.47560880000009,-7.404447499999947],[110.47731520000008,-7.405499199999952],[110.48352210000007,-7.402409699999964],[110.48359760000005,-7.407386899999949],[110.49101260000003,-7.409376599999973],[110.50361110000006,-7.411332199999947],[110.50894090000008,-7.407241499999941],[110.51064640000004,-7.408759399999951],[110.50811560000005,-7.412044799999933],[110.51725540000007,-7.417031699999939],[110.51238430000006,-7.421922199999926],[110.51745840000007,-7.437901899999929],[110.52064220000005,-7.438377299999956],[110.53075410000008,-7.433299499999976],[110.53684440000006,-7.434616099999971],[110.54386290000008,-7.432951899999978],[110.54783020000008,-7.434724699999947],[110.547482,-7.438861799999927],[110.55370650000003,-7.441252099999929],[110.55468310000003,-7.443206699999962],[110.551568,-7.444571099999962],[110.55099990000008,-7.447725799999944],[110.55243420000005,-7.450148599999977],[110.555794,-7.451428799999974],[110.56049250000007,-7.451231499999949],[110.55815530000007,-7.441079],[110.55946830000005,-7.435315899999978],[110.558648,-7.431798799999967],[110.56232930000004,-7.430809299999964],[110.56515160000004,-7.425789699999939],[110.56893660000009,-7.42471409999996],[110.56991310000006,-7.426166299999977],[110.56777560000006,-7.432466399999953],[110.56749310000004,-7.439766599999928],[110.57080010000004,-7.440385499999934],[110.57374650000008,-7.43668729999996],[110.57275290000007,-7.430749599999956],[110.57576290000009,-7.431692399999974],[110.57302880000009,-7.423335899999927],[110.57813030000005,-7.423894799999971],[110.58237530000008,-7.429213399999981],[110.58600340000004,-7.441456499999958],[110.58945680000005,-7.442423699999949],[110.58910940000004,-7.44592229999995],[110.592234,-7.444843599999956],[110.599778,-7.447846099999936],[110.59748170000006,-7.454072699999926],[110.59416720000007,-7.450823899999932],[110.58483030000008,-7.448793799999976],[110.584887,-7.445595299999979],[110.58586040000006,-7.446036299999946],[110.58282380000009,-7.446790499999963],[110.58312170000005,-7.44512229999998],[110.580407,-7.445115],[110.58063510000005,-7.448847699999931],[110.57852140000006,-7.449535799999978],[110.58492110000009,-7.450603299999955],[110.58913510000008,-7.464817],[110.57784040000007,-7.461945699999944],[110.57896210000007,-7.465152799999942],[110.58214180000004,-7.466337],[110.58673750000008,-7.472216499999945],[110.58995040000008,-7.472604399999966],[110.59072110000005,-7.475562599999932],[110.59544460000006,-7.477052899999933],[110.59893240000008,-7.480170899999962],[110.59865930000007,-7.481198799999959],[110.59655740000005,-7.480351599999949],[110.59648530000004,-7.483118],[110.60178640000004,-7.48298479999994],[110.60183070000005,-7.490046399999926],[110.60852810000006,-7.487841099999969],[110.61254860000008,-7.489324],[110.61864920000005,-7.488306099999932],[110.621456,-7.491190599999925],[110.62793850000008,-7.491878899999961],[110.63338980000009,-7.490104799999926],[110.63915110000005,-7.495311399999935],[110.64825570000005,-7.49138679999993],[110.64875290000003,-7.492862899999977],[110.66024660000005,-7.496466299999952],[110.65843960000007,-7.488379399999928],[110.65472410000007,-7.486768199999972],[110.65415190000004,-7.484476099999938],[110.65524740000006,-7.480808299999978],[110.66133120000006,-7.475535399999956],[110.660963,-7.474433599999941],[110.64958190000004,-7.470654899999943],[110.64018670000007,-7.470328299999949],[110.63802340000007,-7.472001499999976],[110.629364,-7.464815099999953],[110.63269810000008,-7.457321599999943],[110.64466090000008,-7.452028699999971],[110.64848330000007,-7.44845429999998],[110.64440920000004,-7.446449299999927],[110.63805390000005,-7.451854199999957],[110.631134,-7.451377399999956],[110.62300870000007,-7.455045199999972],[110.62139130000008,-7.453461599999969],[110.62139130000008,-7.448147699999936],[110.61899170000004,-7.445737299999962],[110.62371050000007,-7.44543479999993],[110.62568160000006,-7.442103699999961],[110.63141680000007,-7.43909119999995],[110.63292610000008,-7.432870399999956],[110.63566450000008,-7.429988599999945],[110.63379910000003,-7.42599679999995],[110.63479960000006,-7.422490699999969],[110.63184040000004,-7.418352299999981],[110.63633730000004,-7.416361799999947],[110.63569090000004,-7.406351],[110.63756690000008,-7.406622299999981],[110.63812730000006,-7.40315419999996],[110.63462010000006,-7.400669099999959],[110.63472750000005,-7.389559199999951],[110.62883760000005,-7.386784099999943],[110.62934660000008,-7.384946699999944],[110.62554170000004,-7.382682799999941],[110.63174270000007,-7.373310799999956],[110.62899810000005,-7.369632599999932],[110.63598250000007,-7.36151719999998],[110.63612720000003,-7.352390899999932],[110.63928220000008,-7.350688599999955],[110.64087080000007,-7.344647399999928],[110.63995430000006,-7.338905699999941],[110.64657970000007,-7.332577499999957],[110.64326290000008,-7.330742599999951],[110.64172280000008,-7.325943199999926],[110.63581080000006,-7.328152599999953],[110.63107630000007,-7.327065199999936],[110.617452,-7.333485399999972],[110.61392540000008,-7.333905399999935],[110.60786,-7.33101],[110.61005980000004,-7.324561899999935],[110.60307080000007,-7.322586699999931],[110.59926610000008,-7.314920899999947],[110.59929590000007,-7.307096399999978],[110.603363,-7.300266199999953],[110.60149390000004,-7.291235399999948],[110.621675,-7.289278799999977],[110.61795,-7.28661],[110.62055970000006,-7.28513049999998],[110.62335970000004,-7.285680699999943],[110.62412260000008,-7.284234],[110.62464820000008,-7.278787899999941],[110.62233870000006,-7.277281599999981],[110.62102040000008,-7.268511],[110.62480730000004,-7.270693299999948],[110.63087910000007,-7.265693599999963],[110.63571270000006,-7.265198799999951],[110.63389430000007,-7.253922399999965],[110.62833420000004,-7.247451],[110.62416550000006,-7.234943899999962],[110.624076,-7.229794],[110.62741090000009,-7.219645],[110.64372250000008,-7.219012699999951],[110.64900970000008,-7.223437299999944],[110.65563960000009,-7.225915899999961],[110.66165920000009,-7.223813499999949],[110.66793060000003,-7.227505699999938],[110.66902160000006,-7.228826499999968],[110.66712190000004,-7.230296599999974],[110.66789250000005,-7.231522499999926],[110.67469020000004,-7.237635599999976],[110.68256380000008,-7.24103539999993],[110.69208560000004,-7.240427199999942],[110.69460630000009,-7.230680699999937],[110.69339750000006,-7.229478799999981],[110.69422910000009,-7.224518299999943],[110.70569610000007,-7.21584219999994],[110.70411680000007,-7.208401699999968],[110.69645690000004,-7.207637299999931],[110.69297790000007,-7.205422899999974],[110.69358830000004,-7.202584299999955],[110.68939970000008,-7.192171499999972],[110.690567,-7.188896599999964],[110.69704440000004,-7.18547719999998],[110.70408630000009,-7.185118199999977],[110.707634,-7.179466199999979],[110.72368620000009,-7.16502],[110.727829,-7.157229899999948],[110.72790530000009,-7.152789599999949],[110.73452,-7.143651],[110.74307250000004,-7.139347499999928],[110.74605560000003,-7.14104459999993],[110.74976350000009,-7.148161899999934],[110.74754330000007,-7.152835399999958],[110.743248,-7.155962399999964],[110.74377870000006,-7.163808599999925],[110.74720760000008,-7.166555399999936],[110.75625330000008,-7.169310799999948],[110.75875860000008,-7.171338299999945],[110.75995630000006,-7.17514749999998],[110.76287810000008,-7.176256099999932],[110.76520580000005,-7.174799299999961],[110.76943510000007,-7.177422799999931],[110.76644130000005,-7.180337899999927],[110.761479,-7.179367299999967],[110.759552,-7.182340099999976],[110.76023860000004,-7.186352199999931],[110.76247860000007,-7.187420199999963],[110.76610720000008,-7.184042899999952],[110.76915330000008,-7.183699399999966],[110.77042190000009,-7.186368699999946],[110.77765160000007,-7.18618209999994],[110.77644230000004,-7.190566699999977],[110.77838140000006,-7.19126979999993],[110.78076930000009,-7.188970599999948],[110.78521730000006,-7.19324249999994],[110.78133390000005,-7.20330139999993],[110.78031160000006,-7.213176699999963],[110.776886,-7.218986499999971],[110.777298,-7.222496],[110.773201,-7.223587],[110.77182010000007,-7.226517699999931],[110.77066040000005,-7.226188399999955],[110.771347,-7.236326199999951],[110.76659390000009,-7.244058099999961],[110.78041840000009,-7.24530649999997],[110.78880310000005,-7.24342009999998],[110.79357910000004,-7.240426499999955],[110.80802920000008,-7.228659599999958],[110.80879210000006,-7.223302299999943],[110.81163790000005,-7.219118099999946],[110.82419580000004,-7.212311299999953],[110.82747650000005,-7.202247099999965],[110.83265690000007,-7.198209299999974],[110.84461970000007,-7.200379799999951],[110.84703830000007,-7.202900399999976],[110.84999080000006,-7.202255199999968],[110.858258,-7.211352699999964],[110.85782390000008,-7.215967399999954],[110.85478590000008,-7.21552029999998],[110.85205840000003,-7.21746539999998],[110.84661810000006,-7.214369199999965],[110.84303740000007,-7.21640089999994],[110.84316110000009,-7.21879279999996],[110.83864590000007,-7.220707399999981],[110.83351130000005,-7.230216],[110.82798770000005,-7.236433],[110.82837680000006,-7.250996599999951],[110.82513430000006,-7.249745799999971],[110.822525,-7.245479599999953],[110.82289120000007,-7.24754],[110.81797030000007,-7.246107099999961],[110.82210540000005,-7.249181299999975],[110.82070920000007,-7.250255099999947],[110.82160180000005,-7.252258299999937],[110.82319640000009,-7.251263599999959],[110.82498170000008,-7.252477599999963],[110.82056430000006,-7.255292399999973],[110.82312010000004,-7.255340499999932],[110.82264710000004,-7.25691889999996],[110.82472990000008,-7.258492],[110.82615660000005,-7.255448299999955],[110.82847590000006,-7.255183699999975],[110.82640840000005,-7.257612699999981],[110.82776640000009,-7.259358899999938],[110.82665250000008,-7.262543699999981],[110.82415010000005,-7.260435099999938],[110.82250980000003,-7.26144359999995],[110.82057190000006,-7.260307799999964],[110.82003020000008,-7.255033499999968],[110.817688,-7.251981699999931],[110.81449890000005,-7.252843299999938],[110.81688690000004,-7.255040099999974],[110.81558990000008,-7.257406699999933],[110.81102750000008,-7.257083399999942],[110.81185150000005,-7.255926599999952],[110.809906,-7.254793599999971],[110.80905910000007,-7.25153819999997],[110.807106,-7.256463499999938],[110.802391,-7.256176899999957],[110.799675,-7.253514699999926],[110.80024720000006,-7.256381],[110.797905,-7.25596239999993],[110.79715730000004,-7.25835079999996],[110.80016330000007,-7.258161499999972],[110.79708860000005,-7.261814099999981],[110.79865260000008,-7.263926499999968],[110.79302210000009,-7.264399499999968],[110.79330440000007,-7.261280499999941],[110.79045870000004,-7.263116799999978],[110.78804780000007,-7.258585899999957],[110.78704830000004,-7.259338799999966],[110.78894040000006,-7.264304599999946],[110.78816220000004,-7.266177099999936],[110.78257750000006,-7.262181299999952],[110.78086090000005,-7.263580299999944],[110.78106690000004,-7.261883199999943],[110.77922060000009,-7.262695299999962],[110.77838140000006,-7.260100399999942],[110.77350620000004,-7.26056],[110.77563480000003,-7.263814899999943],[110.77201840000004,-7.264822],[110.77099610000005,-7.263526399999932],[110.76972960000006,-7.266299199999935],[110.76754760000006,-7.264193],[110.76441960000005,-7.264393799999937],[110.76792910000006,-7.265981599999975],[110.76668550000005,-7.267777399999943],[110.76014710000004,-7.269969399999979],[110.77051540000008,-7.270138199999963],[110.77441410000006,-7.267494699999929],[110.78016660000009,-7.268314799999928],[110.78068540000004,-7.269819199999972],[110.77174380000008,-7.271760899999947],[110.77429960000006,-7.271663199999978],[110.77569580000005,-7.275158799999929],[110.77118680000007,-7.277573599999926],[110.76934050000006,-7.276524499999937],[110.77080530000006,-7.280273899999941],[110.76694490000006,-7.281961399999943],[110.77175140000008,-7.285914899999966],[110.76892090000007,-7.286699699999929],[110.76905820000007,-7.288694799999973],[110.77140040000006,-7.28893329999994],[110.77127770000004,-7.291085599999974],[110.76736050000005,-7.29685029999996],[110.76062010000004,-7.296603199999936],[110.76305970000004,-7.299079399999925],[110.76381710000004,-7.29696789999997],[110.76797570000008,-7.298456599999952],[110.77042390000008,-7.294961899999976],[110.77244570000005,-7.294691599999965],[110.77246860000008,-7.301773],[110.76823430000007,-7.305562499999951],[110.77165220000006,-7.303240799999969],[110.77524570000008,-7.303257899999949],[110.77381130000003,-7.301435],[110.77464290000006,-7.298406099999966],[110.77697750000004,-7.298379899999929],[110.77523040000005,-7.29703],[110.77599330000004,-7.295259899999962],[110.78167850000006,-7.295510499999978],[110.77791590000004,-7.2939],[110.78004460000005,-7.291412799999932],[110.77614590000007,-7.287509399999976],[110.77894590000005,-7.285722699999951],[110.77616120000005,-7.284144899999944],[110.77619930000009,-7.281847399999947],[110.78218840000005,-7.278213],[110.78529360000005,-7.284088099999963],[110.78475190000006,-7.279318799999942],[110.78611760000007,-7.277879199999973],[110.78446960000008,-7.276605599999925],[110.78655240000006,-7.275548899999933],[110.78638460000008,-7.272523899999953],[110.79193120000008,-7.270362399999954],[110.79356380000007,-7.27268689999994],[110.79521180000006,-7.27201649999995],[110.79486080000004,-7.274623399999939],[110.79768370000005,-7.274696799999958],[110.79828640000005,-7.272735099999977],[110.80027770000004,-7.272241099999974],[110.80166620000006,-7.273965799999928],[110.80471040000003,-7.267276299999935],[110.80329130000007,-7.26585579999994],[110.80654910000004,-7.26672259999998],[110.80625150000009,-7.267908599999942],[110.809349,-7.267325399999947],[110.81057740000006,-7.268824599999959],[110.81751250000008,-7.269588899999974],[110.80718230000008,-7.27132649999993],[110.80818180000006,-7.271866299999942],[110.80658720000008,-7.273115599999926],[110.81068420000008,-7.273321099999976],[110.805336,-7.277097199999957],[110.81350710000004,-7.27525989999998],[110.81362920000004,-7.276298499999939],[110.80944060000007,-7.281011599999943],[110.81039430000004,-7.282910799999968],[110.80880740000003,-7.281424],[110.80788420000005,-7.283213599999954],[110.80592350000006,-7.282372],[110.80349730000006,-7.285376099999951],[110.804306,-7.286054599999943],[110.80152130000005,-7.287470299999939],[110.80548860000005,-7.287475099999938],[110.80648040000005,-7.285541],[110.80858610000007,-7.28785229999994],[110.81046290000006,-7.28684039999996],[110.81137080000008,-7.291415699999959],[110.80733490000006,-7.293220499999961],[110.80762480000004,-7.29530189999997],[110.80964660000006,-7.294398299999955],[110.81055450000008,-7.296396299999969],[110.814125,-7.290688],[110.81401820000008,-7.293686799999932],[110.81611630000003,-7.294452199999967],[110.81613160000006,-7.296601799999962],[110.81311040000008,-7.294579499999941],[110.81336970000007,-7.297441399999968],[110.80621340000005,-7.300031599999954],[110.806282,-7.302015799999936],[110.80371860000008,-7.300370199999975],[110.80374140000004,-7.302498299999968],[110.80570980000005,-7.303656499999931],[110.79532620000003,-7.306772199999955],[110.79801180000004,-7.307928499999946],[110.80581660000007,-7.305237299999931],[110.80767060000005,-7.306060299999956],[110.81050110000007,-7.303035199999954],[110.814888,-7.302466799999934],[110.81460570000007,-7.307506499999931],[110.80916590000004,-7.308644299999969],[110.81478880000009,-7.309083],[110.81104280000005,-7.312951099999964],[110.81414030000008,-7.311736099999962],[110.81434630000007,-7.313866099999927],[110.81723790000007,-7.310469099999978],[110.81620020000008,-7.308559399999979],[110.818512,-7.303648399999929],[110.81912990000006,-7.307586199999946],[110.82135010000007,-7.304458599999975],[110.82587430000007,-7.305444699999953],[110.82140350000009,-7.307211799999948],[110.81881710000005,-7.311580099999958],[110.82147220000007,-7.309518799999978],[110.82236480000006,-7.311842399999932],[110.823143,-7.309822499999939],[110.82569120000005,-7.310142499999927],[110.82294460000008,-7.311689399999977],[110.82715610000008,-7.312904799999956],[110.82889560000007,-7.311966899999959],[110.82804870000007,-7.312756],[110.83381650000007,-7.315087799999958],[110.83684540000007,-7.313577599999974],[110.83516690000005,-7.315302799999927],[110.83702850000009,-7.315032899999949],[110.83665470000005,-7.316730499999949],[110.838829,-7.314980899999966],[110.83787530000006,-7.316718099999946],[110.83932490000007,-7.317013299999928],[110.83943940000006,-7.319089399999939],[110.83745580000004,-7.31924859999998],[110.83560940000007,-7.322052],[110.82427980000006,-7.320661499999972],[110.82472990000008,-7.321948499999962],[110.82015230000007,-7.32220929999994],[110.82102970000005,-7.32413379999997],[110.83012390000005,-7.321846499999936],[110.83231350000005,-7.322657099999958],[110.82661610000008,-7.32783429999995],[110.83143620000004,-7.324029399999972],[110.83551030000007,-7.324160099999972],[110.83382420000004,-7.325914399999931],[110.83470920000008,-7.326417399999968],[110.83281710000006,-7.326900899999941],[110.83303070000005,-7.328625699999975],[110.83494570000005,-7.327750199999969],[110.83596040000003,-7.330417599999976],[110.83776090000003,-7.329371899999956],[110.83795170000008,-7.330397599999969],[110.83495330000005,-7.333600499999932],[110.833847,-7.339518],[110.83178710000004,-7.339936699999953],[110.83422090000005,-7.341655699999933],[110.83305360000008,-7.34466649999996],[110.834671,-7.343618799999945],[110.83513640000007,-7.339442199999951],[110.83743290000007,-7.338847099999953],[110.83863830000007,-7.331372699999974],[110.84248350000007,-7.333582799999931],[110.84516910000008,-7.331905799999959],[110.840538,-7.331039399999952],[110.839798,-7.330162],[110.84269710000007,-7.329115799999954],[110.842598,-7.327762599999971],[110.83876040000007,-7.326906199999939],[110.83687590000005,-7.322799199999963],[110.83937070000007,-7.323857799999928],[110.84432220000008,-7.322962699999948],[110.839798,-7.322120599999948],[110.83927920000008,-7.320543699999973],[110.84638980000005,-7.319405499999959],[110.84848020000004,-7.317329399999949],[110.84963230000005,-7.317165799999941],[110.84979250000004,-7.319264399999952],[110.85333250000008,-7.318478099999936],[110.85079190000005,-7.316660399999932],[110.85359950000009,-7.316733299999953],[110.85424040000004,-7.318128099999967],[110.86121370000006,-7.316390499999954],[110.84435270000006,-7.316359],[110.841713,-7.313910899999939],[110.84616090000009,-7.31160159999996],[110.85688780000004,-7.311764699999969],[110.84878540000005,-7.309899799999926],[110.85090640000004,-7.309018599999945],[110.84820560000009,-7.310093399999971],[110.84678650000006,-7.308959],[110.84378050000004,-7.310952599999951],[110.842659,-7.308536],[110.84014890000009,-7.311980199999937],[110.84024050000005,-7.309870199999978],[110.83637240000007,-7.312906199999929],[110.83609770000004,-7.311480499999959],[110.83805850000005,-7.310906399999965],[110.83701320000006,-7.308840699999962],[110.83010870000004,-7.30664969999998],[110.83718110000007,-7.305668799999978],[110.83849330000004,-7.307188],[110.83804320000007,-7.305237299999931],[110.84152980000005,-7.305236799999932],[110.84076690000006,-7.303414299999929],[110.84759520000006,-7.304179199999965],[110.84244540000009,-7.301526],[110.83630370000009,-7.30298659999994],[110.837616,-7.299747],[110.83560180000006,-7.29962919999997],[110.83581540000006,-7.301310499999943],[110.83282470000006,-7.302288],[110.83287810000007,-7.300720199999944],[110.83000180000005,-7.300197599999933],[110.83200070000004,-7.299599599999965],[110.83156580000008,-7.297513],[110.82972720000004,-7.29862879999996],[110.82813260000006,-7.296210299999927],[110.82506560000007,-7.296669],[110.82711790000008,-7.295749599999965],[110.82421110000007,-7.293995799999948],[110.82857510000008,-7.293482299999937],[110.83014680000008,-7.296697599999959],[110.83223720000007,-7.294554199999936],[110.83250430000004,-7.297091899999941],[110.83525850000007,-7.298266399999932],[110.83525080000004,-7.295299499999942],[110.83696750000007,-7.294835499999976],[110.83628080000005,-7.292080799999951],[110.83478550000007,-7.292471399999954],[110.83659360000007,-7.29055349999993],[110.83858490000006,-7.296436299999925],[110.84178160000005,-7.296307099999979],[110.84248350000007,-7.298352199999954],[110.84490970000007,-7.297354699999971],[110.84088130000004,-7.294033499999955],[110.84175110000007,-7.293351599999937],[110.83982080000004,-7.292504799999961],[110.83895870000003,-7.289333299999953],[110.842247,-7.290492499999971],[110.84450530000004,-7.285513899999955],[110.84072110000005,-7.287627199999974],[110.84043880000007,-7.282922299999939],[110.83785250000005,-7.286225799999954],[110.83338930000008,-7.287038299999949],[110.83338930000008,-7.28387639999994],[110.83577730000007,-7.284318399999961],[110.83681490000004,-7.281487],[110.83380890000007,-7.282032499999957],[110.83501430000007,-7.280126099999961],[110.83294680000006,-7.280200499999978],[110.83259580000004,-7.278106699999967],[110.82924650000007,-7.27562949999998],[110.83029940000006,-7.275213199999939],[110.82897180000003,-7.272482399999944],[110.834259,-7.276860199999931],[110.83058930000004,-7.268407299999978],[110.83227540000007,-7.268759199999977],[110.83367160000006,-7.263877799999932],[110.83754730000004,-7.265287399999977],[110.83674620000005,-7.267486099999928],[110.83996580000007,-7.266881],[110.84030920000004,-7.269385299999954],[110.84228510000008,-7.268584699999963],[110.84120940000008,-7.271386099999972],[110.84323880000005,-7.275784499999929],[110.84471890000009,-7.269761099999926],[110.84935,-7.271967899999936],[110.85031130000004,-7.270177299999943],[110.85231780000004,-7.271401899999944],[110.85355380000004,-7.269729599999948],[110.85779570000005,-7.271109099999933],[110.86685940000007,-7.265131399999973],[110.86931610000005,-7.266118],[110.87123110000005,-7.269578899999942],[110.869812,-7.272855299999947],[110.87496180000005,-7.276488299999926],[110.87699890000005,-7.277292699999975],[110.87696840000007,-7.275078299999961],[110.87950130000007,-7.274012599999935],[110.88880160000008,-7.272737],[110.89440160000004,-7.273718799999926],[110.90061190000006,-7.275818299999969],[110.90068820000005,-7.281190399999957],[110.90447230000007,-7.283207399999981],[110.90850070000005,-7.281331499999965],[110.91735080000007,-7.282009599999981],[110.91933440000008,-7.280643899999973],[110.92218020000007,-7.269755799999928],[110.92863460000007,-7.277401899999973],[110.93191530000007,-7.276110599999981],[110.93847660000006,-7.277828199999931],[110.94444270000008,-7.277122499999962],[110.94792180000007,-7.281345299999941],[110.955368,-7.28271239999998],[110.96410370000007,-7.276037199999962],[110.96834560000008,-7.275498399999947],[110.970993,-7.277550699999949],[110.97732540000004,-7.276204599999971],[110.982666,-7.277086699999927],[110.98626710000008,-7.274789299999952],[110.99521640000006,-7.273437899999976],[110.99642180000006,-7.267665799999975],[111.00558470000004,-7.26607649999994],[111.007225,-7.260866599999929],[111.01297760000006,-7.262141199999974],[111.01805110000004,-7.258893499999942],[111.02096550000005,-7.260689199999945],[111.02338410000004,-7.25816059999994],[111.02986910000004,-7.256733899999972],[111.03311920000004,-7.257889199999966],[111.031929,-7.264051399999971],[111.03953550000006,-7.266683499999942],[111.04490660000005,-7.266134199999954],[111.05406950000008,-7.268197],[111.05815120000005,-7.270437199999947],[111.06493380000006,-7.267380199999934],[111.07162480000005,-7.267145099999937],[111.07447050000007,-7.263440599999967],[111.07958220000006,-7.261681],[111.07872010000006,-7.257393299999933],[111.08020020000004,-7.254268599999932],[111.08467860000007,-7.254773099999966],[111.08837890000007,-7.251815699999952],[111.09551240000008,-7.252357],[111.09803770000008,-7.249121199999934],[111.10218810000003,-7.247609599999976],[111.11483760000004,-7.249080599999957],[111.12150570000006,-7.248106],[111.12574,-7.250952199999972],[111.12743440000008,-7.257979699999964],[111.13406370000007,-7.259649699999954],[111.13656620000006,-7.261775],[111.14403530000004,-7.26191179999995],[111.14613340000005,-7.264411899999971],[111.148674,-7.264358499999958],[111.15082550000005,-7.269122599999946],[111.15042110000007,-7.273722099999929],[111.14677430000006,-7.279593899999952],[111.14462280000004,-7.279370799999981],[111.14028930000006,-7.283507799999938],[111.14081570000008,-7.290797699999928],[111.13707730000004,-7.297084799999936],[111.13726810000009,-7.299885699999948],[111.14208220000006,-7.307375399999955],[111.14700320000009,-7.308343399999956],[111.15479280000005,-7.313006399999949],[111.15404510000008,-7.316385699999955],[111.141983,-7.332574799999975],[111.14292910000006,-7.337825799999962],[111.14152530000007,-7.341569899999968],[111.142952,-7.346815599999957],[111.140564,-7.352735899999971],[111.14272310000007,-7.357593],[111.14131930000008,-7.361155899999972],[111.14460750000006,-7.360040599999934],[111.14186860000007,-7.363888699999961],[111.14546970000004,-7.368330899999933],[111.14160920000006,-7.37302109999996],[111.14293670000006,-7.374523599999975],[111.137207,-7.378857599999947],[111.13653560000006,-7.382373799999925],[111.13917540000006,-7.385703499999977],[111.13349910000005,-7.391061299999933],[111.13110350000005,-7.395852499999933],[111.12812040000006,-7.396953499999938],[111.12947080000004,-7.401075299999945],[111.12705990000006,-7.404627799999957],[111.12362670000005,-7.405341599999929],[111.12375640000005,-7.409250699999973],[111.11994860000004,-7.409310499999947],[111.11862940000009,-7.419274799999926],[111.12397110000006,-7.434595599999966],[111.12283320000006,-7.439099299999953],[111.12472530000008,-7.439296199999944],[111.12606810000005,-7.442703699999981],[111.12475580000006,-7.445206599999949],[111.12522120000006,-7.450403699999981],[111.12969970000006,-7.452996699999971],[111.1309,-7.456396],[111.12867740000007,-7.460909799999968],[111.13236240000003,-7.46131459999998],[111.13143920000005,-7.463844699999981],[111.13504030000007,-7.462274],[111.13724520000005,-7.466243199999951],[111.13442990000004,-7.468626399999948],[111.13540650000004,-7.470444699999973],[111.13323210000004,-7.474729499999967],[111.13682550000004,-7.480194],[111.13523860000004,-7.483703099999957],[111.14258580000006,-7.48740289999995],[111.14480170000007,-7.493376699999942],[111.14805240000004,-7.494082699999979],[111.152518,-7.49934879999995],[111.15341950000004,-7.505526],[111.15208430000007,-7.507175399999937],[111.153582,-7.509775099999956],[111.15009310000005,-7.511511299999938],[111.14811710000004,-7.516528599999958],[111.15016170000007,-7.517797899999948],[111.15180970000006,-7.522378899999978],[111.146401,-7.525280499999951],[111.14617270000008,-7.527796299999977],[111.15024390000008,-7.533462499999928],[111.15173510000005,-7.542159799999979],[111.150339,-7.54348959999993],[111.15361580000007,-7.549425],[111.15189270000008,-7.554584],[111.15318760000008,-7.562210799999946],[111.16217280000006,-7.574776699999973],[111.16327520000004,-7.580254299999979],[111.16742110000007,-7.583363599999927],[111.16896430000008,-7.590243599999951],[111.17351340000005,-7.592437699999948],[111.17795460000008,-7.599645799999962],[111.190247,-7.61010779999998],[111.193095,-7.614265399999965],[111.19449190000006,-7.620408299999951],[111.19421390000008,-7.629343],[111.18960570000007,-7.637558899999931],[111.18952940000008,-7.649272399999973],[111.18759920000008,-7.656079699999964],[111.18851470000004,-7.668224299999963],[111.19218440000009,-7.673012699999958],[111.18943020000006,-7.685283099999936],[111.181984,-7.693176199999925],[111.18393710000004,-7.699515299999973],[111.182021,-7.711991599999976],[111.18357850000007,-7.712422299999957]],[[110.57207610000006,-7.442473799999959],[110.56553180000009,-7.442425799999967],[110.57120720000006,-7.445026799999937],[110.57207610000006,-7.442473799999959]]]]}},{"type":"Feature","properties":{"ADM0_EN":"Indonesia","date":"2019-12-20","validOn":"2020-04-01","PROVINCE":"Jawa Tengah","Kabupaten":"Blora","PRV2":"Jawa_Tengah","layer":"Jawa_Tengah_ADMIN_BPS","path":"D:/rudi/Jawa_Tengah_ADMIN_BPS.shp","listkodim_Kodim":"Kodim 0721/Blora","listkodim_Korem":"Korem 073/Makutarama"},"geometry":{"type":"MultiPolygon","coordinates":[[[[110.19324720000009,-6.851752099999942],[110.196092,-6.854087],[110.21893930000005,-6.861022399999968],[110.22626460000004,-6.879549],[110.23088090000005,-6.886148899999966],[110.23228340000009,-6.885108399999979],[110.24072930000005,-6.889822399999957],[110.24474510000005,-6.901295],[110.25044210000004,-6.906887599999948],[110.26113080000005,-6.912236499999949],[110.27870910000007,-6.916132799999957],[110.27971990000009,-6.915272499999958],[110.28671,-6.918601499999966],[110.28715620000008,-6.91759019999995],[110.29337250000009,-6.924175399999967],[110.30803,-6.92863449999993],[110.303067,-6.935071],[110.30904,-6.936201],[110.30976740000006,-6.934353399999964],[110.306059,-6.932801],[110.307008,-6.932364],[110.311163,-6.936468699999978],[110.29969910000005,-6.940680499999928],[110.292038,-6.949866699999973],[110.29301450000008,-6.95194],[110.29187010000004,-6.955469099999959],[110.29965970000006,-6.959940399999937],[110.295929,-6.967958899999928],[110.28820040000005,-6.965428799999927],[110.28766020000006,-6.968732],[110.286311,-6.968451899999934],[110.29093350000005,-6.973083],[110.29382290000007,-6.97947279999994],[110.29319230000004,-6.982152299999939],[110.28523230000008,-6.982828099999949],[110.28455440000005,-6.986404],[110.28197480000006,-6.987282899999968],[110.28377270000004,-6.988642699999957],[110.28206640000008,-6.989935399999979],[110.28373240000008,-6.992704599999968],[110.28695680000004,-6.993057199999953],[110.28749850000008,-6.996337399999959],[110.28092960000004,-6.998907499999973],[110.28019720000009,-7.003998199999955],[110.28250890000004,-7.004990599999928],[110.28566740000008,-7.010196199999939],[110.28470610000005,-7.012380599999972],[110.27623750000004,-7.011821699999928],[110.27368930000006,-7.014114799999959],[110.274826,-7.019045299999959],[110.27087020000005,-7.024599199999955],[110.27229410000007,-7.026511699999958],[110.27195770000009,-7.033804],[110.27371010000007,-7.035220799999934],[110.27121880000004,-7.034969299999943],[110.27191530000005,-7.040066199999956],[110.26924130000003,-7.04604],[110.27061460000004,-7.050365899999974],[110.27458920000004,-7.048724299999947],[110.28258520000009,-7.049701199999959],[110.28535460000006,-7.051896499999941],[110.28858180000009,-7.050752599999953],[110.29402920000007,-7.053339],[110.29192350000005,-7.055433299999947],[110.30065150000007,-7.065232699999967],[110.29923250000007,-7.06712669999996],[110.30115510000007,-7.068084699999929],[110.30075840000006,-7.072271299999954],[110.30318450000004,-7.07885639999995],[110.30114750000007,-7.079534],[110.30476380000005,-7.085226499999976],[110.30354310000007,-7.097431099999937],[110.30564320000008,-7.101618099999939],[110.31009670000009,-7.102925699999957],[110.31323370000007,-7.10627089999997],[110.31699990000004,-7.10458749999998],[110.31735850000007,-7.106670899999926],[110.32407010000009,-7.101458799999932],[110.32823530000007,-7.102174599999955],[110.33165740000004,-7.099294199999974],[110.33270260000006,-7.103519399999925],[110.33688360000008,-7.104374399999926],[110.34462550000006,-7.097150399999975],[110.34270310000005,-7.090580099999954],[110.34627530000006,-7.086233399999969],[110.354596,-7.105693],[110.36300890000007,-7.104554099999973],[110.36572480000007,-7.106663],[110.37107910000009,-7.107507599999963],[110.37370610000005,-7.10481649999997],[110.37314560000004,-7.097613099999933],[110.37641680000007,-7.09442329999996],[110.37594220000005,-7.097883699999954],[110.37941840000008,-7.101014699999951],[110.37647090000007,-7.107759499999929],[110.377922,-7.110542299999963],[110.38203190000007,-7.111021099999959],[110.38407140000004,-7.114009399999929],[110.38947740000003,-7.112406699999951],[110.39478020000007,-7.112899],[110.39639480000005,-7.114477699999952],[110.402504,-7.10964249999995],[110.40292820000008,-7.11382169999996],[110.40457940000005,-7.110080899999957],[110.41614770000007,-7.108372499999973],[110.42094420000006,-7.104904599999941],[110.42244720000008,-7.096894299999974],[110.42868040000008,-7.092048199999965],[110.44392,-7.091289599999925],[110.448333,-7.089076099999943],[110.45184320000004,-7.090064],[110.45490420000004,-7.078657499999963],[110.46782690000003,-7.079352799999981],[110.47629550000005,-7.083391699999936],[110.47758480000005,-7.085433899999941],[110.48468020000007,-7.081281599999954],[110.495636,-7.070562799999948],[110.49575040000008,-7.068651199999977],[110.49838260000007,-7.069382099999928],[110.49776460000004,-7.067510599999935],[110.50059510000006,-7.067352299999925],[110.49941250000006,-7.063315799999941],[110.49619290000004,-7.063541399999963],[110.49213410000004,-7.060958899999946],[110.49099730000006,-7.05525629999994],[110.486763,-7.050243399999943],[110.48471070000005,-7.055730299999937],[110.48094180000004,-7.05743259999997],[110.48078920000006,-7.054298399999936],[110.48332210000007,-7.051109299999951],[110.48485430000005,-7.053387499999928],[110.48581690000009,-7.052454399999931],[110.48142990000008,-7.043898499999955],[110.48437780000006,-7.042925],[110.48327750000004,-7.042500299999972],[110.48737730000005,-7.029580799999962],[110.49404140000007,-7.030235699999935],[110.49584030000005,-7.027446099999963],[110.49799260000009,-7.027122099999929],[110.499152,-7.025544899999943],[110.49783020000007,-7.020787499999926],[110.49948630000006,-7.016398399999957],[110.50374950000008,-7.014859499999943],[110.50387980000005,-7.010730399999943],[110.49853920000004,-7.007648899999936],[110.49882190000005,-7.00632429999996],[110.49576730000007,-7.006843],[110.49078660000004,-7.004709699999978],[110.498394,-6.993114499999933],[110.50152870000005,-6.992716399999949],[110.50279230000007,-6.986573699999951],[110.50153130000007,-6.985058099999947],[110.50205990000006,-6.979736299999956],[110.50535780000007,-6.975974],[110.50491960000005,-6.97070169999995],[110.501358,-6.964667799999972],[110.50280760000004,-6.958866599999965],[110.50118260000005,-6.953102099999967],[110.49057140000008,-6.955230599999936],[110.49186710000004,-6.948149699999931],[110.48879040000008,-6.948689799999954],[110.48915850000009,-6.946978299999955],[110.48664980000007,-6.945897199999933],[110.47340390000005,-6.942085199999951],[110.46321250000005,-6.931527599999981],[110.46451,-6.9299],[110.46769,-6.93004],[110.47052,-6.92539],[110.47588,-6.92434],[110.47574,-6.92142],[110.514469,-6.871668899999975],[110.51619410000006,-6.86494689999995],[110.51833,-6.86338],[110.51523,-6.85929],[110.52017970000009,-6.849896899999976],[110.52440330000007,-6.849718399999972],[110.52612840000006,-6.849064],[110.52538,-6.84773],[110.52827,-6.84716],[110.52789380000007,-6.841014199999961],[110.52143,-6.83498],[110.52937,-6.83253],[110.53611,-6.82782],[110.53552730000007,-6.826756599999953],[110.54016720000004,-6.821938199999977],[110.54443,-6.82072],[110.54995850000006,-6.810420799999974],[110.55450350000007,-6.806174299999952],[110.55999,-6.80393],[110.55801320000006,-6.802724],[110.55878650000005,-6.798143599999946],[110.56497310000009,-6.787317],[110.56419980000004,-6.784878099999958],[110.56598440000005,-6.777382799999941],[110.56848280000008,-6.774586899999974],[110.57572,-6.77206],[110.57545740000006,-6.769503199999974],[110.567531,-6.770541799999933],[110.56773,-6.76353],[110.56522,-6.76313],[110.56223670000008,-6.764474199999938],[110.563367,-6.770303899999931],[110.55706140000007,-6.772742799999946],[110.55491990000007,-6.768162399999937],[110.55063680000006,-6.764474199999938],[110.55104,-6.76293],[110.54555070000004,-6.763968599999941],[110.54509230000008,-6.759272399999929],[110.53793650000006,-6.75120869999995],[110.53737130000007,-6.748621],[110.53986980000008,-6.746241599999962],[110.54293330000007,-6.74749079999998],[110.544361,-6.750881499999934],[110.54641330000004,-6.75013789999997],[110.54828710000004,-6.745557499999961],[110.55218350000007,-6.749037399999963],[110.55491990000007,-6.754688699999974],[110.56016,-6.75118],[110.55966,-6.74489],[110.55707,-6.7428],[110.55729,-6.73849],[110.55134,-6.73352],[110.54934520000006,-6.727974899999936],[110.55034710000007,-6.726207],[110.5554,-6.72262],[110.55952,-6.728],[110.56176080000006,-6.718729099999962],[110.56455670000008,-6.718848],[110.56741,-6.72646],[110.56946,-6.72689],[110.57076,-6.7299],[110.57352,-6.73034],[110.57349,-6.73559],[110.57469,-6.73583],[110.58395280000008,-6.730831199999955],[110.58445490000008,-6.727384399999949],[110.58692360000003,-6.725718699999959],[110.60084350000005,-6.719859299999939],[110.61000440000004,-6.709716899999933],[110.61495,-6.70689],[110.61504960000008,-6.70452389999997],[110.62849710000006,-6.686754199999939],[110.64066970000005,-6.665102],[110.64654320000005,-6.648000799999977],[110.63762420000006,-6.630726],[110.63825510000004,-6.618801499999961],[110.63978740000005,-6.61739069999993],[110.64375830000006,-6.61868359999994],[110.64690050000007,-6.617540599999927],[110.65356990000004,-6.608741399999928],[110.65578470000008,-6.597099899999932],[110.654938,-6.593127899999956],[110.645282,-6.58918749999998],[110.64390910000009,-6.585123899999928],[110.64492910000007,-6.583376499999929],[110.64850920000003,-6.586075499999936],[110.65505790000009,-6.584725799999944],[110.65925440000007,-6.580250599999943],[110.66186330000005,-6.573585299999934],[110.65979370000008,-6.568624099999965],[110.64789560000008,-6.560302899999954],[110.644784,-6.556421499999942],[110.64649010000005,-6.553781299999969],[110.653691,-6.553669299999967],[110.655788,-6.544608599999947],[110.66064920000008,-6.545518499999957],[110.66588750000005,-6.541195399999935],[110.66489,-6.5328],[110.66847360000008,-6.533059499999979],[110.67200880000007,-6.536189899999954],[110.67718060000004,-6.533858599999974],[110.68186,-6.52771],[110.68344260000003,-6.518567599999926],[110.68319,-6.51447],[110.67931630000004,-6.512252499999931],[110.67434520000006,-6.513161299999979],[110.66858440000004,-6.511397899999963],[110.66596250000003,-6.508971299999928],[110.66422,-6.50325],[110.66758,-6.50109],[110.66941460000004,-6.502931899999965],[110.67295770000004,-6.502761599999928],[110.67253640000007,-6.498972499999979],[110.675993,-6.496505499999955],[110.68440520000007,-6.49707849999993],[110.68774590000004,-6.49985769999995],[110.6902,-6.49876],[110.69149,-6.49444],[110.68987990000005,-6.488386],[110.69474,-6.48575],[110.702707,-6.474820899999941],[110.70684820000008,-6.475720399999943],[110.71092,-6.47257],[110.71369940000005,-6.468214199999977],[110.71262,-6.46555],[110.71397230000008,-6.457731699999954],[110.71771290000004,-6.452534899999932],[110.72412310000004,-6.447495199999935],[110.733004,-6.445160199999975],[110.73520190000005,-6.442898099999979],[110.75633150000004,-6.442184299999951],[110.77574790000006,-6.432347599999957],[110.78494,-6.42566],[110.799276,-6.427522],[110.81546590000005,-6.424980799999958],[110.82510270000006,-6.418370599999946],[110.83606730000008,-6.407777299999964],[110.83926520000006,-6.409476199999972],[110.84015040000008,-6.408291199999951],[110.86263630000008,-6.406592299999943],[110.86681940000005,-6.40856249999996],[110.88496520000007,-6.409390599999938],[110.90176890000004,-6.404593599999941],[110.91401,-6.40516],[110.91749,-6.40284],[110.91995,-6.40563],[110.92601560000008,-6.408039],[110.95371260000007,-6.413511799999981],[110.96218340000007,-6.412821699999938],[110.96551470000009,-6.409633299999939],[110.97086850000005,-6.408443499999976],[110.97505630000006,-6.410037799999941],[110.977293,-6.409086],[111.04620220000004,-6.426146699999947],[111.04739190000004,-6.428906899999959],[111.04389410000005,-6.431548099999929],[111.04498870000003,-6.44553929999995],[111.04896,-6.45983],[111.054175,-6.49151349999994],[111.06352850000007,-6.519521499999939],[111.07866060000003,-6.547822],[111.08234,-6.55963],[111.09882720000007,-6.594342099999949],[111.12624,-6.63697],[111.14385290000007,-6.653303899999969],[111.15646170000008,-6.657827199999929],[111.18293850000003,-6.66282769999998],[111.18630010000004,-6.664680099999941],[111.18493270000005,-6.668128699999954],[111.18807760000004,-6.666429899999969],[111.19286510000006,-6.666448],[111.20585690000007,-6.67347929999994],[111.21466570000007,-6.681386299999929],[111.22933510000007,-6.686342699999955],[111.23408210000008,-6.686335499999927],[111.24289620000008,-6.691448499999979],[111.25378290000003,-6.690130299999964],[111.25785170000006,-6.688098099999934],[111.272257,-6.690532299999973],[111.29080720000007,-6.687731699999972],[111.30558840000003,-6.69674509999993],[111.32040770000009,-6.697696899999926],[111.3331,-6.70207],[111.338168,-6.700695],[111.34304120000007,-6.703055399999926],[111.35793660000007,-6.704368899999963],[111.37827,-6.70189],[111.38565,-6.69734],[111.38840910000005,-6.69844889999996],[111.39065890000006,-6.694146699999976],[111.40588590000004,-6.690149],[111.44399690000006,-6.670618599999955],[111.46182860000005,-6.663523099999964],[111.467428,-6.657086499999934],[111.46629370000005,-6.647816899999953],[111.46402720000009,-6.646904899999981],[111.46512650000005,-6.646719299999972],[111.46511870000006,-6.64111719999994],[111.47068590000003,-6.637988599999971],[111.48125850000008,-6.627471399999934],[111.48881680000005,-6.625243],[111.49018230000007,-6.62414769999998],[111.48974220000008,-6.62159029999998],[111.49191,-6.6206],[111.50852790000005,-6.632228399999974],[111.512711,-6.633099299999969],[111.5259,-6.62962],[111.54034,-6.63463],[111.542835,-6.633156399999962],[111.54797460000009,-6.635954599999934],[111.549131,-6.633713199999931],[111.54874560000007,-6.636839799999962],[111.5627,-6.63963],[111.62916140000004,-6.701042599999937],[111.63293570000008,-6.702070299999946],[111.63285920000004,-6.703902],[111.64069080000007,-6.711144099999956],[111.69140330000005,-6.753817199999958],[111.68444940000006,-6.770505799999967],[111.67801590000005,-6.770793499999968],[111.67609930000003,-6.774287499999957],[111.67378060000004,-6.774592],[111.67553060000006,-6.769343499999934],[111.67199890000006,-6.770593399999939],[111.67130160000005,-6.763366799999972],[111.66283710000005,-6.771588899999927],[111.65983760000006,-6.782123],[111.66403020000007,-6.789974699999959],[111.66438980000004,-6.797143699999936],[111.66209040000007,-6.79823209999995],[111.66146330000004,-6.801777899999934],[111.65717040000004,-6.806903599999941],[111.65837090000008,-6.808129699999938],[111.65777570000006,-6.811251],[111.66093010000009,-6.816080499999941],[111.65826850000008,-6.820604],[111.65600470000004,-6.821093099999928],[111.65295430000003,-6.82500749999997],[111.64708710000008,-6.823377599999958],[111.63502610000006,-6.828921699999967],[111.62911110000005,-6.824944099999925],[111.61954560000004,-6.821834],[111.61882020000007,-6.822745299999951],[111.613594,-6.831524799999954],[111.61054990000008,-6.845479399999931],[111.61071010000006,-6.849386599999946],[111.61303040000007,-6.852646599999957],[111.61157220000007,-6.855473899999936],[111.61245720000005,-6.860503599999959],[111.61504020000007,-6.862194699999975],[111.61261240000005,-6.86402529999998],[111.60950310000004,-6.871024899999952],[111.61211390000005,-6.874483099999964],[111.61080080000005,-6.879214],[111.61337770000006,-6.877914499999974],[111.61511230000008,-6.881515],[111.61125470000007,-6.88285],[111.60921240000005,-6.887126],[111.60010710000006,-6.892698499999938],[111.599743,-6.895199599999955],[111.60261410000004,-6.901428799999962],[111.607881,-6.902293],[111.60245220000007,-6.911257199999966],[111.586126,-6.909616799999981],[111.57895810000008,-6.912447899999961],[111.57539820000005,-6.917283599999962],[111.57642360000006,-6.923550099999943],[111.57322690000007,-6.924502799999971],[111.57337190000004,-6.927843499999938],[111.57619470000009,-6.931842699999947],[111.57503510000004,-6.937857099999974],[111.57694240000006,-6.941441],[111.574339,-6.945347699999957],[111.57015990000008,-6.946583699999962],[111.57214350000004,-6.952383499999939],[111.58929440000009,-6.964677799999947],[111.59266660000009,-6.963918099999944],[111.59501650000004,-6.965825499999937],[111.60510250000004,-6.967182099999945],[111.610527,-6.974709899999937],[111.62191010000004,-6.98223059999998],[111.62312730000008,-6.986617899999942],[111.62195580000008,-6.986319],[111.62232210000008,-6.98866929999997],[111.61780540000007,-6.993007099999943],[111.61499020000008,-7.002216799999928],[111.61540980000007,-7.007164899999964],[111.61341090000008,-7.011211799999955],[111.61508940000004,-7.020057599999973],[111.61357370000007,-7.025052499999958],[111.61594390000005,-7.031916099999933],[111.61377710000005,-7.03559249999995],[111.61447140000007,-7.037622399999975],[111.61640160000007,-7.037783099999956],[111.61650080000004,-7.040804799999933],[111.61839290000006,-7.04003229999995],[111.61735530000004,-7.042709299999956],[111.619209,-7.046549],[111.61730960000006,-7.047151499999927],[111.61803430000003,-7.049950599999931],[111.62234490000009,-7.050700099999972],[111.62203980000004,-7.053505799999925],[111.62492370000007,-7.052916899999957],[111.62554170000004,-7.054710299999954],[111.62760160000005,-7.054438499999947],[111.62513730000006,-7.055684499999927],[111.62495420000005,-7.05916069999995],[111.62898250000006,-7.059739499999978],[111.62905120000005,-7.063473599999952],[111.62571710000009,-7.070705799999928],[111.62820430000005,-7.074975399999971],[111.62551110000004,-7.072834499999942],[111.62521,-7.075063],[111.61860650000006,-7.073678399999949],[111.61436460000004,-7.078584599999942],[111.61574160000004,-7.082770799999935],[111.61260980000009,-7.08211179999995],[111.614357,-7.08535089999998],[111.61314390000007,-7.087016],[111.61499020000008,-7.090775],[111.61472320000007,-7.095571899999925],[111.61675260000004,-7.097717199999977],[111.61386870000007,-7.09907],[111.61763,-7.10630169999996],[111.62167360000007,-7.108307299999979],[111.62043760000006,-7.110090699999944],[111.61316680000004,-7.110888399999965],[111.61244960000005,-7.114655],[111.61527250000006,-7.117110199999956],[111.61357690000006,-7.118468499999949],[111.61327860000006,-7.122917199999961],[111.61164090000005,-7.121416499999953],[111.61136630000004,-7.12574479999995],[111.60607910000004,-7.128427899999963],[111.60911560000005,-7.132763799999964],[111.60771940000006,-7.137077699999963],[111.61063380000007,-7.13542979999994],[111.60979460000004,-7.138175399999966],[111.61197660000005,-7.138382799999931],[111.61194610000007,-7.14060539999997],[111.60955040000005,-7.139280299999939],[111.61015320000007,-7.143398199999979],[111.60783380000004,-7.142087899999979],[111.60593410000007,-7.143254699999943],[111.60736850000006,-7.146501],[111.60127990000007,-7.144643699999961],[111.59831240000005,-7.145708499999955],[111.59834290000003,-7.155659599999979],[111.58695980000005,-7.165413799999953],[111.58367870000006,-7.175291699999946],[111.58747860000005,-7.184898799999928],[111.57583060000007,-7.188290799999947],[111.56812290000005,-7.185987399999931],[111.56475830000005,-7.188402099999962],[111.56439970000008,-7.192181099999971],[111.56824490000008,-7.195844099999931],[111.56915280000004,-7.198947899999951],[111.56603350000006,-7.207362399999965],[111.55913280000004,-7.206314499999962],[111.55504610000008,-7.201706399999978],[111.54902650000008,-7.205319399999951],[111.54331970000004,-7.213639699999931],[111.53749850000008,-7.215249],[111.53689570000006,-7.217753799999969],[111.54322810000008,-7.224156799999946],[111.54233,-7.22716],[111.52807610000008,-7.227279599999974],[111.52241510000005,-7.237233599999968],[111.51425190000003,-7.238635],[111.50170890000004,-7.248538399999973],[111.48777770000004,-7.243106799999964],[111.48545070000006,-7.250000399999976],[111.48617550000006,-7.253126099999974],[111.490654,-7.257433799999944],[111.489357,-7.260964299999955],[111.485939,-7.26003309999993],[111.47807310000007,-7.252018899999939],[111.47399140000005,-7.25410409999995],[111.46912060000005,-7.262260499999968],[111.46623230000006,-7.263220299999944],[111.46006770000008,-7.261778799999945],[111.45555880000006,-7.258103799999958],[111.45600130000008,-7.249428199999954],[111.45156860000009,-7.248269499999935],[111.45092010000008,-7.274907599999949],[111.44741060000007,-7.275634699999955],[111.44338220000009,-7.267827499999953],[111.44063570000009,-7.267468399999927],[111.43845370000008,-7.269038599999931],[111.43912510000007,-7.273803199999975],[111.44438930000007,-7.278563499999962],[111.44198610000007,-7.28948349999996],[111.43802640000007,-7.292503299999964],[111.43063350000006,-7.303850599999976],[111.42359160000007,-7.30919549999993],[111.42604060000008,-7.312661599999956],[111.43218230000008,-7.314736799999935],[111.44013210000008,-7.315513099999976],[111.44808190000003,-7.313786],[111.457283,-7.321166],[111.45771020000007,-7.323880199999962],[111.44985680000008,-7.330063399999972],[111.44644930000004,-7.338247299999978],[111.45083620000008,-7.340535099999954],[111.46023560000003,-7.340947599999936],[111.46250910000003,-7.343147199999976],[111.46250910000003,-7.345831299999929],[111.45933530000008,-7.346558499999958],[111.45362090000003,-7.343276899999978],[111.44977570000009,-7.343160099999977],[111.4431,-7.347720599999946],[111.44189450000005,-7.35179329999994],[111.44498440000007,-7.361170199999947],[111.44734190000008,-7.360082099999943],[111.44963830000006,-7.355736699999966],[111.45550540000005,-7.35214179999997],[111.45997620000009,-7.353554699999961],[111.46224970000009,-7.357080899999971],[111.46225740000006,-7.361423899999977],[111.456604,-7.368608],[111.46311180000004,-7.371044099999949],[111.46414180000005,-7.372279599999956],[111.46308130000006,-7.374477399999932],[111.45254520000009,-7.374792499999955],[111.45049290000009,-7.371159499999976],[111.44725040000009,-7.372028299999954],[111.43952940000008,-7.369732299999953],[111.43160250000005,-7.36448379999996],[111.42584990000006,-7.355804899999953],[111.41731260000006,-7.352372599999967],[111.41626740000004,-7.348817299999951],[111.41207120000007,-7.347701499999971],[111.409256,-7.349506299999973],[111.40384670000009,-7.347772599999928],[111.40041350000007,-7.349422899999979],[111.39526360000008,-7.346445499999959],[111.38516230000005,-7.344774699999959],[111.382225,-7.346524699999975],[111.37391660000009,-7.344227699999976],[111.368721,-7.340698199999963],[111.36753080000005,-7.334848399999942],[111.36071770000007,-7.330652699999973],[111.34492490000008,-7.335303799999963],[111.34793090000005,-7.330041399999971],[111.34548950000004,-7.328245099999947],[111.346878,-7.32352869999994],[111.34388730000006,-7.318623],[111.34026340000008,-7.318271099999947],[111.33360290000007,-7.320893699999942],[111.332962,-7.317765699999939],[111.33023070000007,-7.315264199999945],[111.32621,-7.316625099999953],[111.324974,-7.313556099999971],[111.32168580000007,-7.311722299999929],[111.32141110000003,-7.308948899999962],[111.31837460000008,-7.308526],[111.31552890000006,-7.305003099999965],[111.30942540000007,-7.305764199999942],[111.3069,-7.300783599999932],[111.30564880000009,-7.302605599999936],[111.30354310000007,-7.301980399999934],[111.30353540000004,-7.299605299999939],[111.29906460000007,-7.30163669999996],[111.29734040000005,-7.300101199999972],[111.29579920000003,-7.301695299999949],[111.29582980000004,-7.300450299999966],[111.29370880000005,-7.300175099999933],[111.29486840000004,-7.299439399999926],[111.29310610000005,-7.29569859999998],[111.28675840000005,-7.289817299999982],[111.28191370000008,-7.288746299999957],[111.28076170000008,-7.290587399999936],[111.27923580000004,-7.28796],[111.27570340000005,-7.289651399999968],[111.26872250000008,-7.289443499999948],[111.26403050000005,-7.28707019999996],[111.25830080000009,-7.28819459999994],[111.251503,-7.284044199999926],[111.24893950000006,-7.283902099999978],[111.247673,-7.286239099999932],[111.24460780000004,-7.285373299999947],[111.24136350000003,-7.282273699999962],[111.24111940000006,-7.278132899999946],[111.23574830000007,-7.270907399999942],[111.23078150000003,-7.267652],[111.22907250000009,-7.268492199999969],[111.22378540000005,-7.261770699999943],[111.22371670000007,-7.256511699999976],[111.22186280000005,-7.252833799999962],[111.21783450000004,-7.250081],[111.21800230000008,-7.248643799999968],[111.20768740000005,-7.244919699999969],[111.20084380000009,-7.244825299999945],[111.19765470000004,-7.246387],[111.19965360000003,-7.254953399999977],[111.19377130000004,-7.256253199999946],[111.18878940000008,-7.259497099999976],[111.18249510000004,-7.25952719999998],[111.17769620000007,-7.264311299999974],[111.17507930000005,-7.262742],[111.16887660000003,-7.263375699999926],[111.16697690000007,-7.260554799999966],[111.16316980000005,-7.260412599999938],[111.15963750000009,-7.257956499999977],[111.15037530000006,-7.260070799999937],[111.149292,-7.263887899999929],[111.14648440000008,-7.264521099999968],[111.14403530000004,-7.26191179999995],[111.13600160000004,-7.261765899999943],[111.13298030000004,-7.259226299999966],[111.12712860000005,-7.257787699999938],[111.12586970000007,-7.251235],[111.123436,-7.248821699999951],[111.11216740000003,-7.24917789999995],[111.10247040000007,-7.24736779999995],[111.09530640000008,-7.252455199999929],[111.09179690000008,-7.252933],[111.089035,-7.251102399999979],[111.08559420000006,-7.254525199999932],[111.08081050000004,-7.254283899999962],[111.07869380000005,-7.258052699999951],[111.07986450000004,-7.26132819999998],[111.07486730000005,-7.262598],[111.07241820000007,-7.266943399999946],[111.06493380000006,-7.267380199999934],[111.058206,-7.270408599999939],[111.04490660000005,-7.266134199999954],[111.04148860000004,-7.266973],[111.03266140000005,-7.264407099999971],[111.03311920000004,-7.257889199999966],[111.02949520000004,-7.256869699999982],[111.02338410000004,-7.25816059999994],[111.02099530000004,-7.260640199999955],[111.01838680000009,-7.258987899999966],[111.013031,-7.26216119999998],[111.00749970000004,-7.260947699999974],[111.00507360000006,-7.266337399999941],[110.99678040000003,-7.267364],[110.99521640000006,-7.273437899999976],[110.98642730000006,-7.274418799999978],[110.982666,-7.277086699999927],[110.97610470000006,-7.276254599999959],[110.971138,-7.277540199999976],[110.96869660000004,-7.275548399999934],[110.96410370000007,-7.276037199999962],[110.95482630000004,-7.28267],[110.94837190000004,-7.28143689999996],[110.94498440000007,-7.277204],[110.93632510000003,-7.277615499999968],[110.93194580000005,-7.276108199999953],[110.92863460000007,-7.277401899999973],[110.925209,-7.275075899999933],[110.92224120000009,-7.269586499999946],[110.91970060000006,-7.280487],[110.91765590000006,-7.281952399999966],[110.907753,-7.281441199999961],[110.90483090000004,-7.28314679999994],[110.90083310000006,-7.282065399999965],[110.90089420000004,-7.276036699999963],[110.89440160000004,-7.273718799999926],[110.88880160000008,-7.272737],[110.87993620000009,-7.273942899999952],[110.87762450000008,-7.274765],[110.87699890000005,-7.277292699999975],[110.875,-7.27650639999996],[110.87027740000008,-7.27337069999993],[110.87080380000003,-7.268486499999938],[110.86749270000007,-7.265151],[110.85779570000005,-7.271109099999933],[110.85256960000004,-7.269965099999979],[110.85327150000006,-7.268135],[110.84789280000007,-7.269362399999977],[110.84700780000009,-7.268767299999979],[110.84864040000008,-7.267491799999959],[110.85305790000007,-7.266171899999961],[110.84534450000007,-7.267588099999955],[110.84413150000006,-7.262692399999935],[110.83678440000006,-7.258314599999949],[110.83495330000005,-7.252507699999967],[110.83115390000006,-7.250953199999969],[110.83002470000008,-7.248408299999937],[110.828186,-7.248551299999974],[110.82810970000008,-7.236200799999949],[110.83361050000008,-7.230077199999926],[110.83824160000006,-7.221112199999936],[110.842308,-7.219095699999968],[110.84303740000007,-7.21640089999994],[110.84591060000008,-7.214438799999925],[110.85205840000003,-7.21746539999998],[110.85478590000008,-7.21552029999998],[110.85865860000007,-7.215319399999942],[110.85768650000006,-7.210318499999971],[110.84925080000005,-7.201468],[110.84583280000004,-7.202770699999974],[110.845314,-7.200745099999949],[110.83387760000005,-7.197892599999932],[110.82747650000005,-7.202247099999965],[110.82419580000004,-7.212311299999953],[110.81203460000006,-7.21873039999997],[110.808876,-7.223137399999928],[110.80733490000006,-7.229263699999933],[110.79415890000007,-7.240016],[110.78880310000005,-7.24342009999998],[110.78119660000004,-7.245213499999977],[110.76679230000008,-7.244444299999941],[110.77191930000004,-7.235430199999939],[110.77034430000003,-7.226688199999955],[110.77289580000007,-7.223773899999969],[110.777298,-7.222496],[110.77670290000009,-7.219442799999968],[110.78041840000009,-7.212765699999977],[110.78115840000004,-7.203586099999939],[110.78550720000004,-7.193872899999974],[110.78076930000009,-7.188970599999948],[110.77858730000008,-7.191267499999981],[110.77637480000004,-7.19097469999997],[110.77765160000007,-7.18618209999994],[110.77043850000007,-7.186440699999935],[110.76795220000008,-7.183691],[110.76285550000006,-7.187138199999936],[110.76023860000004,-7.186352199999931],[110.759552,-7.182340099999976],[110.76090240000008,-7.179819099999975],[110.76644130000005,-7.180337899999927],[110.76943510000007,-7.177422799999931],[110.76408120000008,-7.17434309999993],[110.76463430000007,-7.175432899999976],[110.76321,-7.175891699999966],[110.760425,-7.175427199999945],[110.75782780000009,-7.170360499999958],[110.74429320000007,-7.164461099999926],[110.74366760000004,-7.155446],[110.74754330000007,-7.152835399999958],[110.74806210000008,-7.149703],[110.749949,-7.148791],[110.74567410000009,-7.140473799999938],[110.742363,-7.139133399999935],[110.74118040000008,-7.141149],[110.73519130000005,-7.142972],[110.72763820000006,-7.153499599999975],[110.72786710000008,-7.157052],[110.72368620000009,-7.16502],[110.708168,-7.178855399999975],[110.70447540000004,-7.184410499999956],[110.70212550000008,-7.185791499999937],[110.69704440000004,-7.18547719999998],[110.690567,-7.188896599999964],[110.68926240000008,-7.191984099999956],[110.69098660000009,-7.193323599999928],[110.69128420000004,-7.198155399999962],[110.69339740000004,-7.201953199999934],[110.69280240000006,-7.205030399999941],[110.69728850000007,-7.207746499999928],[110.70407870000008,-7.208379699999966],[110.70498660000004,-7.20920179999996],[110.70359040000005,-7.212056599999926],[110.70542140000003,-7.212849099999971],[110.70580290000004,-7.215580399999965],[110.69451140000007,-7.224000399999966],[110.69250720000008,-7.240418799999929],[110.68296810000004,-7.241555699999935],[110.67469020000004,-7.237635599999976],[110.66723630000007,-7.231246399999975],[110.66793060000003,-7.227505699999938],[110.66249850000008,-7.223973699999931],[110.65499880000004,-7.225891099999956],[110.648529,-7.223240799999928],[110.64407350000005,-7.219048499999928],[110.62765580000007,-7.219371699999954],[110.62397870000007,-7.23402619999996],[110.62783410000009,-7.246241199999929],[110.633804,-7.253623599999969],[110.63576510000007,-7.265103299999964],[110.631012,-7.26563589999995],[110.62502840000008,-7.270803899999976],[110.62102870000007,-7.268514099999948],[110.62233870000006,-7.277281599999981],[110.62446890000007,-7.278570099999968],[110.62392430000006,-7.285586299999977],[110.61823270000008,-7.285706499999947],[110.621675,-7.289278799999977],[110.60149390000004,-7.291235399999948],[110.60312650000009,-7.300016399999947],[110.59929590000007,-7.307096399999978],[110.59931950000004,-7.315480699999966],[110.60307080000007,-7.322586699999931],[110.61005980000004,-7.324561899999935],[110.60786,-7.33101],[110.61356410000008,-7.333780699999977],[110.61719020000004,-7.33358469999996],[110.63107630000007,-7.327065199999936],[110.63499450000006,-7.328252299999974],[110.64080960000007,-7.325768799999935],[110.64260520000005,-7.326004],[110.64382780000005,-7.331416099999956],[110.64641470000004,-7.332482],[110.64292220000004,-7.334264399999938],[110.63995430000006,-7.338905699999941],[110.64004470000003,-7.350586799999974],[110.63658680000009,-7.352047399999947],[110.63600160000004,-7.360694399999943],[110.62912910000006,-7.369446099999948],[110.63174270000007,-7.373310799999956],[110.62553860000008,-7.382042699999943],[110.62961620000004,-7.384713799999929],[110.62883760000005,-7.386784099999943],[110.634115,-7.388777799999957],[110.634554,-7.400324199999943],[110.63813280000005,-7.402990699999975],[110.63817780000005,-7.406289299999969],[110.63569090000004,-7.406351],[110.63607470000005,-7.416586499999937],[110.63302330000005,-7.417073499999958],[110.63186730000007,-7.418828699999949],[110.634446,-7.42229059999994],[110.63371980000005,-7.425583499999959],[110.63579040000008,-7.429658899999936],[110.632262,-7.433632],[110.63088350000004,-7.439231599999971],[110.625944,-7.441443699999979],[110.623489,-7.445596],[110.62232150000006,-7.444600399999956],[110.61899170000004,-7.445737299999962],[110.62184140000005,-7.448860099999933],[110.62140650000003,-7.454491099999927],[110.62338260000007,-7.455340799999931],[110.630867,-7.451445099999944],[110.63773350000008,-7.452123599999936],[110.64427180000007,-7.446589499999959],[110.64853010000007,-7.447717599999976],[110.64524840000007,-7.451750199999935],[110.63269810000008,-7.457321599999943],[110.62922670000006,-7.464358799999957],[110.63922880000007,-7.472426899999959],[110.64012150000008,-7.470366499999955],[110.65055080000008,-7.47065589999994],[110.66148350000009,-7.474662299999977],[110.65543360000004,-7.48050829999994],[110.65415190000004,-7.484476099999938],[110.65519890000007,-7.486886899999945],[110.658165,-7.487848699999972],[110.65832520000004,-7.491913799999963],[110.66052250000007,-7.495518599999969],[110.65912630000008,-7.496947299999931],[110.64736880000004,-7.491175299999952],[110.63915110000005,-7.495311399999935],[110.632989,-7.490042899999935],[110.62793850000008,-7.491878899999961],[110.62179620000006,-7.49146049999996],[110.61864920000005,-7.488306099999932],[110.61468440000004,-7.489594499999953],[110.60600170000004,-7.48775059999997],[110.602268,-7.490274499999941],[110.60198840000004,-7.483808599999975],[110.59634160000007,-7.483046699999932],[110.59624380000008,-7.480895799999928],[110.59893240000008,-7.480170899999962],[110.59544460000006,-7.477052899999933],[110.59086150000007,-7.476004299999943],[110.58991490000005,-7.472780199999931],[110.58696870000006,-7.472370699999942],[110.58214180000004,-7.466337],[110.57880950000003,-7.465528399999926],[110.57736470000009,-7.462189],[110.58913510000008,-7.464817],[110.58924090000005,-7.460959099999968],[110.58636210000009,-7.460087399999964],[110.587524,-7.456358299999977],[110.58566730000007,-7.455154599999958],[110.58597370000007,-7.452380099999971],[110.57871640000008,-7.450032599999929],[110.58063510000005,-7.448847699999931],[110.580407,-7.445115],[110.58314640000009,-7.445045199999981],[110.58282380000009,-7.446790499999963],[110.58605860000006,-7.445968],[110.58442080000009,-7.448785399999963],[110.59349310000005,-7.450614099999939],[110.59748170000006,-7.454072699999926],[110.599778,-7.447846099999936],[110.59294550000004,-7.445008299999927],[110.58957690000005,-7.445938499999954],[110.58945680000005,-7.442423699999949],[110.58596580000005,-7.44191369999993],[110.58571690000008,-7.437731299999939],[110.57975130000005,-7.42528139999996],[110.57322670000008,-7.422477399999934],[110.57576290000009,-7.431692399999974],[110.57312540000004,-7.430438599999945],[110.573713,-7.435855],[110.57143630000007,-7.440421399999934],[110.56751120000007,-7.439451199999951],[110.56980940000005,-7.425171599999942],[110.56462130000006,-7.42586179999995],[110.56232930000004,-7.430809299999964],[110.558648,-7.431798799999967],[110.55958080000005,-7.436421899999971],[110.55815530000007,-7.441079],[110.56049250000007,-7.451231499999949],[110.55534980000004,-7.45171019999998],[110.55112510000004,-7.448219799999947],[110.551008,-7.444554099999948],[110.55404110000006,-7.444626899999946],[110.55468310000003,-7.443206699999962],[110.55370650000003,-7.441252099999929],[110.547482,-7.438861799999927],[110.54783020000008,-7.434724699999947],[110.54386290000008,-7.432951899999978],[110.53769680000005,-7.43475669999998],[110.53075410000008,-7.433299499999976],[110.52064220000005,-7.438377299999956],[110.51745840000007,-7.437901899999929],[110.51252750000003,-7.421975099999941],[110.517068,-7.416485799999975],[110.50883480000005,-7.412575199999935],[110.50918010000004,-7.409819399999947],[110.51125350000007,-7.4095],[110.50974590000004,-7.40744559999996],[110.50629770000006,-7.408273299999962],[110.50361110000006,-7.411332199999947],[110.497515,-7.410697],[110.48421480000007,-7.40754979999997],[110.48352210000007,-7.402409699999964],[110.47731520000008,-7.405499199999952],[110.47560880000009,-7.404447499999947],[110.46553610000007,-7.40805389999997],[110.46009710000004,-7.412232599999925],[110.45623780000005,-7.422895399999959],[110.44862360000008,-7.431084599999963],[110.447319,-7.436971599999936],[110.44297030000007,-7.444252],[110.4429,-7.44911],[110.43991090000009,-7.452838899999961],[110.436896,-7.452298399999961],[110.42526250000009,-7.435401899999931],[110.42436220000008,-7.430123799999933],[110.41925810000004,-7.421960799999965],[110.41434480000004,-7.416642599999932],[110.41323090000009,-7.407930299999975],[110.40531160000006,-7.389744699999937],[110.40615080000003,-7.376564499999972],[110.403595,-7.37187],[110.40293120000007,-7.364444699999979],[110.39771270000006,-7.357751299999961],[110.39049530000005,-7.352947699999959],[110.38124850000008,-7.353361599999971],[110.38073730000008,-7.349563099999955],[110.37683590000006,-7.344227599999954],[110.37759760000006,-7.338373399999966],[110.38035550000006,-7.337678499999981],[110.37914280000007,-7.334552299999928],[110.37158210000007,-7.333382599999936],[110.36822510000007,-7.330786699999976],[110.36348720000007,-7.331396599999948],[110.35514070000005,-7.326165199999934],[110.34280390000004,-7.325789399999962],[110.33260340000004,-7.32083369999998],[110.32920070000006,-7.320816499999978],[110.32746890000004,-7.317284599999937],[110.33002440000007,-7.312335399999938],[110.32553860000007,-7.308987099999968],[110.31761170000004,-7.312038899999948],[110.314329,-7.310139799999945],[110.31367490000008,-7.30898609999997],[110.31753540000005,-7.30478039999997],[110.32771160000004,-7.302535099999943],[110.32715610000008,-7.29604],[110.32371520000004,-7.292522399999939],[110.32177730000006,-7.287512299999946],[110.31040960000007,-7.280851299999938],[110.31139,-7.28019],[110.30927,-7.27611],[110.30541270000003,-7.275305899999978],[110.29614260000005,-7.268956099999969],[110.28327940000008,-7.254367299999956],[110.27827450000007,-7.251930699999946],[110.27108770000007,-7.252026],[110.27050780000008,-7.246281099999976],[110.27379590000004,-7.236153699999932],[110.27255250000007,-7.233870499999966],[110.27162450000009,-7.234804399999973],[110.266696,-7.232304699999929],[110.26713150000006,-7.23033339999995],[110.26401410000005,-7.224468799999954],[110.26640790000005,-7.218221899999946],[110.25765220000005,-7.217167399999937],[110.25845970000006,-7.214284199999952],[110.25463250000007,-7.211704299999951],[110.25198130000007,-7.197925699999928],[110.25884270000006,-7.198324499999956],[110.25263850000005,-7.19154709999998],[110.25228250000004,-7.189171699999974],[110.24520110000009,-7.183887899999945],[110.23942510000006,-7.18757329999994],[110.22982790000009,-7.187575299999935],[110.22104640000003,-7.184079099999963],[110.21406560000008,-7.185729499999979],[110.20938060000009,-7.181189099999926],[110.20874030000004,-7.177910199999928],[110.20305280000008,-7.177536499999974],[110.19308950000004,-7.172696099999939],[110.19130340000004,-7.169914299999959],[110.19290030000008,-7.165287199999966],[110.184929,-7.151666899999952],[110.18054020000005,-7.152506399999936],[110.17770790000009,-7.148547399999927],[110.16895180000006,-7.143429799999979],[110.16591980000004,-7.145256499999959],[110.16135880000007,-7.143416099999968],[110.15190870000004,-7.147080399999936],[110.14602430000008,-7.143264099999953],[110.14585880000004,-7.138045299999931],[110.14414570000008,-7.13678619999996],[110.14111670000005,-7.138247],[110.14009360000006,-7.137228299999947],[110.14209860000005,-7.133471699999973],[110.14171360000006,-7.12878859999995],[110.14421970000006,-7.130805399999929],[110.14477810000005,-7.125347599999941],[110.14813580000003,-7.126747],[110.15054830000008,-7.125690899999938],[110.15358610000004,-7.127846199999965],[110.15898420000008,-7.126136199999962],[110.16119020000008,-7.116782899999976],[110.16609590000007,-7.112819199999933],[110.17364850000007,-7.111624899999981],[110.17605580000009,-7.10936479999998],[110.18236130000008,-7.109886699999947],[110.193055,-7.106040599999972],[110.190926,-7.105134599999928],[110.19101710000007,-7.101780599999927],[110.18799890000008,-7.10259259999998],[110.19353360000008,-7.095621],[110.19090910000006,-7.092520099999945],[110.19320550000003,-7.089191299999925],[110.19109220000007,-7.084936499999969],[110.19325890000005,-7.081606699999952],[110.19261810000006,-7.079890099999943],[110.18673580000006,-7.080842399999938],[110.18317680000007,-7.077573299999926],[110.17729060000005,-7.082138899999961],[110.17569610000004,-7.089889399999947],[110.17668790000005,-7.09426389999993],[110.17384610000005,-7.098878699999943],[110.17545770000004,-7.100646599999948],[110.17416880000007,-7.100953499999946],[110.16977060000005,-7.097486699999934],[110.16720980000008,-7.099831599999959],[110.16552890000008,-7.096236199999964],[110.16343070000005,-7.097236899999928],[110.16523480000006,-7.098636299999953],[110.16154030000007,-7.100074699999936],[110.152075,-7.098783699999956],[110.14512110000004,-7.100532599999951],[110.14194490000006,-7.097091199999966],[110.13926930000008,-7.098552599999948],[110.13315960000006,-7.097286699999927],[110.132285,-7.099342499999977],[110.13016450000003,-7.09606],[110.12780010000006,-7.09782869999998],[110.12538970000008,-7.097355799999946],[110.12091050000004,-7.092831],[110.11737920000007,-7.095077599999968],[110.11079270000005,-7.095006499999954],[110.10806840000004,-7.098686399999963],[110.10240350000004,-7.099592199999961],[110.09564770000009,-7.104239799999959],[110.09454680000005,-7.107147899999973],[110.09051590000007,-7.107315],[110.08840720000006,-7.110264799999925],[110.08569950000003,-7.109362499999975],[110.08377080000008,-7.112908299999958],[110.08459470000008,-7.114055599999972],[110.07686620000004,-7.120647399999939],[110.059082,-7.119634099999928],[110.05550390000008,-7.121190499999955],[110.05505650000003,-7.123587899999961],[110.049797,-7.124683799999957],[110.05091,-7.12757],[110.04879,-7.126158199999963],[110.04647830000005,-7.129660099999967],[110.04411320000008,-7.129593299999954],[110.04077910000007,-7.134877699999947],[110.03818510000008,-7.134705499999939],[110.03624720000005,-7.138981799999954],[110.03437810000008,-7.138762899999961],[110.033783,-7.140667899999926],[110.03250120000007,-7.13917349999997],[110.02981570000009,-7.143711099999962],[110.02683260000003,-7.144716199999948],[110.02735140000004,-7.146751399999971],[110.01257320000008,-7.152548699999954],[110.01250460000006,-7.154724599999952],[110.01007080000005,-7.154852399999982],[110.00836750000008,-7.159476899999959],[109.99941930000006,-7.162929399999939],[109.99778220000007,-7.166116899999963],[109.99366340000006,-7.168786599999976],[109.99283320000006,-7.172252899999933],[109.98565410000003,-7.173548499999981],[109.98202240000006,-7.179593399999931],[109.96390130000009,-7.191396699999927],[109.95639490000008,-7.194727399999977],[109.94859660000009,-7.195379099999968],[109.93481450000007,-7.201784099999941],[109.93054940000007,-7.195058199999949],[109.92697860000004,-7.192716399999938],[109.92287440000007,-7.186953499999959],[109.93008420000007,-7.180120399999964],[109.93206790000005,-7.171844399999941],[109.939827,-7.157551699999942],[109.93977360000008,-7.142285799999968],[109.94686890000008,-7.132117699999981],[109.94911450000006,-7.132090299999959],[109.94911960000007,-7.124214099999961],[109.953743,-7.120032299999934],[109.95539860000008,-7.114516699999967],[109.95925140000008,-7.110599],[109.96367320000007,-7.094838299999935],[109.96480030000004,-7.095452099999932],[109.96631120000006,-7.091430699999933],[109.97405610000004,-7.087815299999932],[109.97425860000004,-7.083512199999973],[109.97756070000008,-7.082994099999951],[109.97905470000006,-7.077801099999931],[109.978079,-7.07489389999995],[109.97977370000007,-7.072059],[109.97774270000008,-7.066160499999967],[109.98028350000004,-7.062522],[109.97733270000003,-7.04955039999993],[109.97263220000008,-7.047495699999956],[109.97232060000005,-7.044645299999956],[109.97484690000005,-7.041729299999929],[109.97420250000005,-7.033867699999973],[109.977393,-7.031481199999973],[109.98255740000008,-7.032145199999945],[109.988343,-7.024782099999925],[109.99384320000007,-7.025167899999929],[109.99587640000004,-7.027086699999927],[110.003952,-7.019508299999927],[110.011528,-7.017323899999951],[110.01314540000004,-7.018524099999979],[110.01548390000005,-7.010309399999926],[110.02306370000008,-7.006338599999935],[110.02608490000006,-7.001887299999964],[110.02495580000004,-6.997522299999957],[110.03027660000004,-6.996864599999981],[110.03296970000008,-6.991426899999965],[110.03639990000005,-6.99364369999995],[110.03967290000008,-6.989700299999981],[110.04264070000005,-6.989289699999972],[110.04493710000008,-6.979814],[110.05080420000007,-6.98043679999995],[110.05074310000003,-6.966958499999976],[110.04877470000008,-6.965752099999975],[110.04781180000003,-6.959987799999965],[110.04800420000004,-6.958745],[110.051651,-6.95875209999997],[110.05332950000007,-6.954038099999934],[110.04702760000004,-6.946657099999925],[110.05095670000009,-6.94153689999996],[110.045929,-6.941810099999941],[110.04417420000004,-6.940531199999953],[110.04035320000008,-6.942969099999971],[110.03998710000008,-6.938999699999954],[110.03485870000009,-6.938733499999955],[110.03407290000007,-6.937477599999966],[110.03569790000006,-6.93259809999995],[110.03071590000008,-6.929556299999945],[110.04017640000006,-6.92376749999994],[110.04372410000008,-6.924563399999954],[110.04518890000008,-6.921471099999962],[110.03904890000007,-6.916939],[110.03896750000007,-6.918007899999964],[110.03363,-6.918111899999928],[110.03328880000004,-6.914425299999948],[110.02817420000008,-6.914967399999966],[110.03002010000006,-6.912409099999934],[110.02836780000007,-6.910877199999959],[110.03913960000006,-6.905107599999951],[110.04193,-6.90561],[110.04005980000005,-6.903925299999969],[110.05647170000009,-6.904270299999951],[110.058349,-6.902065499999935],[110.06180310000008,-6.903131099999939],[110.07028590000004,-6.901287],[110.10703450000005,-6.889945299999965],[110.12597420000009,-6.880686799999978],[110.12929360000004,-6.881008],[110.13525740000006,-6.878441],[110.15587060000007,-6.867502199999933],[110.15774720000007,-6.863197799999966],[110.17108250000007,-6.850645699999973],[110.17288060000004,-6.839212799999927],[110.17195260000005,-6.836071899999979],[110.17473650000005,-6.835215299999959],[110.17623560000004,-6.836857099999975],[110.176842,-6.844748],[110.17958,-6.848351799999932],[110.190448,-6.853539],[110.19324720000009,-6.851752099999942]],[[110.34831,-7.15143],[110.34846,-7.14841],[110.34577930000006,-7.145150799999954],[110.34381950000005,-7.145181199999968],[110.34348290000008,-7.148266099999944],[110.34205370000006,-7.148927599999979],[110.33936870000008,-7.145075299999974],[110.33882180000006,-7.149478099999953],[110.33572030000005,-7.152201199999979],[110.33195480000006,-7.153603],[110.32799210000007,-7.152059399999928],[110.33107,-7.15734],[110.34143830000005,-7.160506599999962],[110.34403780000008,-7.165071499999954],[110.33875610000007,-7.173331099999928],[110.33148540000008,-7.17273],[110.32994410000003,-7.170377599999938],[110.32458640000004,-7.173665799999981],[110.324211,-7.177484299999946],[110.31843630000009,-7.179374099999961],[110.32453480000004,-7.179721499999971],[110.32192750000007,-7.181367399999942],[110.33175230000006,-7.182397],[110.33295870000006,-7.182906399999979],[110.33141130000007,-7.183877099999961],[110.33232120000008,-7.184343699999943],[110.33759450000008,-7.184266799999932],[110.34240220000004,-7.187909899999966],[110.34048260000009,-7.200161099999946],[110.34851,-7.18393],[110.35351,-7.18637],[110.36318230000006,-7.187277599999959],[110.36100890000006,-7.182832899999937],[110.35754910000009,-7.18007259999996],[110.362836,-7.174671699999976],[110.380636,-7.17312869999995],[110.38990860000007,-7.16809429999995],[110.39841830000006,-7.166760099999976],[110.39845220000007,-7.163629699999944],[110.39135590000006,-7.163636099999962],[110.38722440000004,-7.157207799999981],[110.38463440000004,-7.157189499999959],[110.37868680000008,-7.151362899999981],[110.37701290000007,-7.151857599999971],[110.37720240000004,-7.149661599999945],[110.37244280000004,-7.15266209999993],[110.37058710000008,-7.151247099999978],[110.37187590000008,-7.148877299999981],[110.36966580000006,-7.148289599999941],[110.35188210000007,-7.158193199999971],[110.35030920000008,-7.157803099999967],[110.35115210000004,-7.155127899999968],[110.34828720000007,-7.153511599999945],[110.34831,-7.15143]]],[[[110.28515750000008,-6.988813],[110.28457120000007,-6.98899339999997],[110.28491450000007,-6.988728499999979],[110.28515750000008,-6.988813]]],[[[110.34240070000004,-5.890924],[110.34299480000004,-5.890190399999938],[110.34382380000005,-5.891476399999931],[110.34240070000004,-5.890924]]],[[[110.40537070000005,-5.894001099999969],[110.40944380000008,-5.885808399999974],[110.41117770000005,-5.885556299999962],[110.41109640000008,-5.892877099999964],[110.40668470000008,-5.896475599999974],[110.40537070000005,-5.894001099999969]]],[[[110.43180890000008,-5.888408599999934],[110.43411310000005,-5.891904199999942],[110.43352920000007,-5.896149199999968],[110.43069860000008,-5.893029299999966],[110.42774750000007,-5.892273899999964],[110.42591730000004,-5.887198799999965],[110.42288070000006,-5.88783989999996],[110.42625280000004,-5.884458299999949],[110.42578380000003,-5.881308499999932],[110.429141,-5.883698099999947],[110.43180890000008,-5.888408599999934]]],[[[110.35269980000004,-5.879610199999945],[110.35455850000005,-5.874220499999979],[110.35734740000004,-5.87266429999994],[110.35601190000006,-5.879318599999976],[110.35269980000004,-5.879610199999945]]],[[[110.230132,-5.863069],[110.22988130000005,-5.86210989999995],[110.23225970000004,-5.862496699999951],[110.230132,-5.863069]]],[[[110.23920060000006,-5.848143899999968],[110.24017660000004,-5.847848299999953],[110.23944040000003,-5.849777399999937],[110.23920060000006,-5.848143899999968]]],[[[110.37810790000009,-5.831097899999975],[110.378823,-5.830287599999963],[110.37828090000005,-5.832170799999972],[110.37810790000009,-5.831097899999975]]],[[[110.19300510000005,-5.811858799999925],[110.19566380000003,-5.815500899999961],[110.19455330000005,-5.817236499999979],[110.18774890000009,-5.819685099999958],[110.18242930000008,-5.819394199999977],[110.180701,-5.817548],[110.18827660000005,-5.809489099999951],[110.19041280000005,-5.809320099999979],[110.19300510000005,-5.811858799999925]]],[[[110.37244480000004,-5.80668739999993],[110.37567060000003,-5.803675399999975],[110.37454290000005,-5.80670989999993],[110.37240340000005,-5.807803199999967],[110.37244480000004,-5.80668739999993]]],[[[110.162802,-5.79948539999998],[110.16375710000005,-5.799796899999933],[110.16336530000007,-5.801532699999939],[110.162802,-5.79948539999998]]],[[[110.34677230000005,-5.796732899999938],[110.34594440000006,-5.79868289999996],[110.34226120000005,-5.79960449999993],[110.34219920000004,-5.796115799999939],[110.34487650000005,-5.794068799999934],[110.34693950000008,-5.794914399999925],[110.34677230000005,-5.796732899999938]]],[[[110.23364230000004,-5.770026399999949],[110.23862240000005,-5.766798],[110.23874940000007,-5.76887789999995],[110.23364230000004,-5.770026399999949]]],[[[110.25155850000004,-5.735193199999969],[110.24816130000005,-5.737257499999942],[110.24738620000005,-5.740649499999961],[110.25057870000006,-5.750873499999955],[110.25441380000007,-5.755916499999955],[110.24582420000007,-5.762717699999939],[110.23979620000006,-5.749000099999932],[110.23890210000008,-5.749602699999969],[110.23654990000006,-5.746669899999972],[110.23439910000008,-5.740328799999929],[110.23110840000004,-5.737875499999973],[110.24046220000008,-5.735098599999958],[110.24015690000004,-5.729368299999976],[110.24636810000004,-5.731176799999957],[110.24816760000004,-5.729781399999979],[110.24898830000006,-5.725698],[110.25070540000007,-5.727534099999957],[110.25155850000004,-5.735193199999969]]],[[[110.18993220000004,-5.73938579999998],[110.19120350000009,-5.743274799999938],[110.19003730000009,-5.739809299999934],[110.18586050000005,-5.738256499999977],[110.18682270000005,-5.736271199999976],[110.18993220000004,-5.73938579999998]]],[[[110.41196,-5.736159199999975],[110.41187740000004,-5.741861399999948],[110.40951790000008,-5.745623199999955],[110.40738720000007,-5.746311099999957],[110.40275230000009,-5.733285799999976],[110.407074,-5.73415609999995],[110.40881840000009,-5.731410099999948],[110.41196,-5.736159199999975]]],[[[110.40213410000007,-5.732039799999939],[110.40244660000008,-5.732588799999974],[110.40169760000003,-5.73249839999994],[110.40213410000007,-5.732039799999939]]],[[[110.56969430000004,-7.44377819999994],[110.56548370000007,-7.442765799999961],[110.57057820000006,-7.44258259999998],[110.57246470000007,-7.443958099999975],[110.57141710000008,-7.445131899999978],[110.56969430000004,-7.44377819999994]]],[[[110.62979410000008,-6.573913399999981],[110.63156790000005,-6.577742499999943],[110.62553780000007,-6.575580899999977],[110.62637730000006,-6.573784],[110.62979410000008,-6.573913399999981]]],[[[110.58217630000007,-5.860534099999938],[110.58487620000005,-5.861944799999947],[110.58485140000005,-5.866988699999979],[110.57881250000008,-5.860182799999961],[110.58217630000007,-5.860534099999938]]],[[[110.48835920000005,-5.855407499999956],[110.48843510000006,-5.858073],[110.48584960000005,-5.860370299999943],[110.48467590000007,-5.859689799999956],[110.48585390000005,-5.855588099999977],[110.48835920000005,-5.855407499999956]]],[[[110.60589450000003,-5.842453299999931],[110.60750880000006,-5.846932899999956],[110.60680350000007,-5.85143329999994],[110.60342260000004,-5.863082799999972],[110.59990480000005,-5.866318699999965],[110.59790320000008,-5.861730699999953],[110.60037280000006,-5.855886199999929],[110.59899550000006,-5.854336399999966],[110.601253,-5.841336199999944],[110.602374,-5.839721],[110.60589450000003,-5.842453299999931]]],[[[110.58547050000004,-5.844540299999949],[110.58296540000003,-5.845510599999955],[110.58373730000005,-5.843651799999975],[110.58581810000004,-5.843460399999969],[110.58547050000004,-5.844540299999949]]],[[[110.48668260000005,-5.771405899999934],[110.483666,-5.77478949999994],[110.48220270000007,-5.780861499999958],[110.47625570000008,-5.786904799999945],[110.47477920000006,-5.793835599999966],[110.47743560000004,-5.798534099999927],[110.48038940000004,-5.798547099999951],[110.48394250000007,-5.802614099999971],[110.48681470000008,-5.80250419999993],[110.48894630000007,-5.807521899999927],[110.48706230000005,-5.811235899999929],[110.49359990000005,-5.815500099999952],[110.49472160000005,-5.818459399999938],[110.49019010000006,-5.82238609999996],[110.48287050000005,-5.823730599999976],[110.48349020000006,-5.827917799999966],[110.48177050000004,-5.830587899999955],[110.48517020000008,-5.835064299999942],[110.48469830000005,-5.836947399999929],[110.46817580000004,-5.830984699999931],[110.47444070000006,-5.842813499999977],[110.47690250000005,-5.844556],[110.47494070000005,-5.843673799999976],[110.47344360000005,-5.848800799999935],[110.47740540000007,-5.853369799999939],[110.47508430000005,-5.854104699999937],[110.47444860000007,-5.856192299999975],[110.47193590000006,-5.854275799999925],[110.46784660000009,-5.854865599999926],[110.46518580000009,-5.858189799999934],[110.46559030000009,-5.862745399999937],[110.46414810000005,-5.863726699999972],[110.46128670000007,-5.86293569999998],[110.45339250000006,-5.865937499999973],[110.446935,-5.863198099999977],[110.44878880000005,-5.869833],[110.44606380000005,-5.875839],[110.44965250000007,-5.88547479999994],[110.44791130000004,-5.889004599999964],[110.44602290000006,-5.886218499999927],[110.44084240000007,-5.883147799999961],[110.44020430000006,-5.884140899999977],[110.435442,-5.880259099999932],[110.43116420000007,-5.881911099999968],[110.43296180000004,-5.873226299999942],[110.42922380000005,-5.86227839999998],[110.43132240000006,-5.858796],[110.41821490000007,-5.844955199999958],[110.41033,-5.840039299999944],[110.43563530000006,-5.834102399999949],[110.44337780000006,-5.834539599999971],[110.45434750000004,-5.82971619999995],[110.45971790000004,-5.825181799999939],[110.46320960000008,-5.825062399999979],[110.475687,-5.81901309999995],[110.47940870000008,-5.808624399999928],[110.47648690000005,-5.801935],[110.47242350000005,-5.797747299999969],[110.47157710000005,-5.798936699999956],[110.47658090000004,-5.806217],[110.47743330000009,-5.811849399999971],[110.47571570000008,-5.814534799999933],[110.46982270000007,-5.814811499999962],[110.46744760000007,-5.813042499999938],[110.47023360000009,-5.807658899999979],[110.46876560000004,-5.805387699999926],[110.46401720000006,-5.81314969999994],[110.46084540000004,-5.811932],[110.46182140000008,-5.80325849999997],[110.46072140000007,-5.800582799999972],[110.45902420000004,-5.807537899999943],[110.45683070000007,-5.80811239999997],[110.45826280000006,-5.809402099999943],[110.45604050000009,-5.814504],[110.45300530000009,-5.816221399999961],[110.45006190000004,-5.814694499999973],[110.45000570000008,-5.80948],[110.45414150000005,-5.801901599999951],[110.45838170000007,-5.800408799999957],[110.463936,-5.795432699999935],[110.47766430000007,-5.773802499999931],[110.48359680000004,-5.770016599999963],[110.48668260000005,-5.771405899999934]]],[[[110.50801460000008,-5.821118299999966],[110.50848430000008,-5.819473099999925],[110.50905810000006,-5.821084499999927],[110.50801460000008,-5.821118299999966]]],[[[110.507223,-5.809807],[110.50697120000007,-5.807780199999968],[110.50906790000005,-5.809791299999972],[110.507223,-5.809807]]],[[[110.55897630000004,-5.799820199999942],[110.55357620000007,-5.804306],[110.56064060000006,-5.79768],[110.55897630000004,-5.799820199999942]]],[[[110.51027210000007,-5.800577899999951],[110.50767120000006,-5.801365699999963],[110.50738140000004,-5.798585699999933],[110.51027210000007,-5.800577899999951]]],[[[110.45623670000003,-5.798694699999942],[110.45428580000004,-5.798312599999974],[110.45465530000007,-5.797475499999962],[110.45623670000003,-5.798694699999942]]],[[[110.51122830000008,-5.784631599999955],[110.51010260000004,-5.779763399999979],[110.51283410000008,-5.780978199999936],[110.51475660000006,-5.784334399999977],[110.513251,-5.785482],[110.51122830000008,-5.784631599999955]]],[[[111.30552980000004,-6.673334699999941],[111.30725190000004,-6.67549269999995],[111.30442870000007,-6.675941],[111.30552980000004,-6.673334699999941]]],[[[111.29961090000006,-6.669912299999964],[111.30010180000005,-6.672210199999938],[111.298804,-6.672977099999969],[111.29704420000007,-6.670430599999975],[111.29961090000006,-6.669912299999964]]],[[[111.30533,-6.669920199999979],[111.30116590000006,-6.67214569999993],[111.30114320000007,-6.669719799999939],[111.30533,-6.669920199999979]]],[[[111.30195060000005,-6.667548799999963],[111.299418,-6.667656699999952],[111.30107720000007,-6.666293799999949],[111.30195060000005,-6.667548799999963]]],[[[111.25410820000008,-6.666733699999952],[111.25410860000005,-6.667463399999974],[111.253892,-6.666733799999975],[111.25410820000008,-6.666733699999952]]],[[[111.25929820000005,-6.666649899999925],[111.25843340000006,-6.666920599999969],[111.25967640000005,-6.666190299999926],[111.25929820000005,-6.666649899999925]]],[[[111.31271990000005,-6.666024499999935],[111.31491470000009,-6.663956499999927],[111.31687740000007,-6.665222699999958],[111.313811,-6.667815899999937],[111.31271990000005,-6.666024499999935]]],[[[111.30080480000004,-6.658322],[111.30211850000006,-6.659834899999964],[111.30031020000007,-6.661858199999926],[111.298866,-6.65975409999993],[111.30080480000004,-6.658322]]],[[[111.30626890000008,-6.658224099999927],[111.30657770000005,-6.660163299999965],[111.30478,-6.660341799999969],[111.30626890000008,-6.658224099999927]]],[[[111.31694710000005,-6.655068],[111.31675040000005,-6.655725299999972],[111.31626470000003,-6.655154399999958],[111.31694710000005,-6.655068]]],[[[111.26633650000008,-6.640300099999934],[111.26642610000005,-6.640235799999971],[111.26650670000004,-6.640221099999962],[111.26633650000008,-6.640300099999934]]],[[[111.28620110000008,-6.634417499999927],[111.28669070000007,-6.633493499999929],[111.28697230000006,-6.634336799999971],[111.28620110000008,-6.634417499999927]]],[[[110.91909030000005,-6.38332459999998],[110.92120360000007,-6.380775399999948],[110.92359160000007,-6.380951899999957],[110.92019650000009,-6.385189499999967],[110.91909030000005,-6.38332459999998]]]]}},{"type":"Feature","properties":{"ADM0_EN":"Indonesia","date":"2019-12-20","validOn":"2020-04-01","PROVINCE":"Jawa Tengah","Kabupaten":"Kota Semarang","PRV2":"Jawa_Tengah","layer":"Jawa_Tengah_ADMIN_BPS","path":"D:/rudi/Jawa_Tengah_ADMIN_BPS.shp","listkodim_Kodim":"Kodim 0733/Semarang (BS)","listkodim_Korem":"Kodim 0733/Kota Semarang"},"geometry":{"type":"MultiPolygon","coordinates":[[[[110.463562,-6.932247099999927],[110.47340390000005,-6.942085199999951],[110.48094180000004,-6.945363],[110.48753040000008,-6.946128399999964],[110.48879040000008,-6.948689799999954],[110.49220160000004,-6.947490899999934],[110.49016570000003,-6.953312399999959],[110.49097680000006,-6.955219499999941],[110.50100420000007,-6.95262189999994],[110.50254820000004,-6.957448],[110.50119020000005,-6.963807599999939],[110.50447950000006,-6.969908499999974],[110.50535780000007,-6.975974],[110.50193020000006,-6.981498699999975],[110.50287630000008,-6.985765899999933],[110.50162510000007,-6.992218499999979],[110.498394,-6.993114499999933],[110.49549450000006,-6.998933199999954],[110.49336390000008,-6.999693699999966],[110.49038520000005,-7.004347899999971],[110.49576730000007,-7.006843],[110.49809890000006,-7.006002299999977],[110.503883,-7.010724499999981],[110.50343130000005,-7.013475399999948],[110.50079080000006,-7.016985299999931],[110.49948630000006,-7.016398399999957],[110.49784040000009,-7.020757699999933],[110.49818430000005,-7.026630699999941],[110.49598690000005,-7.027432899999951],[110.49539080000005,-7.029759599999977],[110.48774720000006,-7.029064099999971],[110.483059,-7.042226899999946],[110.48481810000004,-7.04353],[110.48127250000005,-7.044028099999935],[110.48600770000007,-7.051991899999962],[110.48441310000004,-7.053138699999977],[110.48307040000009,-7.051183199999969],[110.480896,-7.05343339999996],[110.48068240000003,-7.056777],[110.484993,-7.055477599999961],[110.48636630000004,-7.050660099999959],[110.48789210000007,-7.051368699999955],[110.49099730000006,-7.05525629999994],[110.49144750000005,-7.060323699999969],[110.49619290000004,-7.063541399999963],[110.49919150000005,-7.063238599999977],[110.50081640000008,-7.067266899999936],[110.49822240000009,-7.067245499999956],[110.49748230000006,-7.06934739999997],[110.49597930000004,-7.068458],[110.495636,-7.070562799999948],[110.48468020000007,-7.081281599999954],[110.47758480000005,-7.085433899999941],[110.47656250000006,-7.083539499999972],[110.46803280000006,-7.079435299999943],[110.45433420000006,-7.078808599999945],[110.45192130000004,-7.090073299999972],[110.44777360000006,-7.089187199999969],[110.44334480000003,-7.091288899999938],[110.42868040000008,-7.092048199999965],[110.42224120000009,-7.097384899999952],[110.42094420000006,-7.104904599999941],[110.41559750000005,-7.108399099999929],[110.40457940000005,-7.110080899999957],[110.40328820000008,-7.113599499999964],[110.40223710000004,-7.109649399999967],[110.39724770000004,-7.114579699999979],[110.38984590000007,-7.111875399999974],[110.38423160000008,-7.114063699999974],[110.38209960000006,-7.111179399999969],[110.377922,-7.110542299999963],[110.37647090000007,-7.107759499999929],[110.37958170000007,-7.101332899999932],[110.37648070000006,-7.097979699999939],[110.37669510000006,-7.094933499999968],[110.37358120000005,-7.096682499999929],[110.37302110000007,-7.105802499999925],[110.37107910000009,-7.107507599999963],[110.370382,-7.106631099999959],[110.37025260000007,-7.108358799999962],[110.36242810000005,-7.104434],[110.35525510000008,-7.105845],[110.35163120000004,-7.101072],[110.34687650000006,-7.085950499999967],[110.34287220000004,-7.090146299999958],[110.34482110000005,-7.096895399999937],[110.33660890000004,-7.104393399999935],[110.33267210000008,-7.103372499999978],[110.332222,-7.09919119999995],[110.32897430000008,-7.101842599999941],[110.322464,-7.102373599999964],[110.31733250000008,-7.106755299999975],[110.317255,-7.104743799999937],[110.31328530000008,-7.105786399999943],[110.30522940000009,-7.101394499999969],[110.30354310000007,-7.097431099999937],[110.30476380000005,-7.085226499999976],[110.30108640000009,-7.079807699999947],[110.30314640000006,-7.079220299999974],[110.30291750000004,-7.076863799999956],[110.30091010000007,-7.072496799999954],[110.30129240000008,-7.068228699999963],[110.29935440000008,-7.067659499999934],[110.30057530000005,-7.064471199999957],[110.29190830000005,-7.055203399999925],[110.293457,-7.052634199999943],[110.275124,-7.048790299999951],[110.27141620000003,-7.050622199999964],[110.26914980000004,-7.046358099999964],[110.27191530000005,-7.040066199999956],[110.27121880000004,-7.034969299999943],[110.27371010000007,-7.035220799999934],[110.27138510000009,-7.032916799999953],[110.27229410000007,-7.026511699999958],[110.27087910000006,-7.024616599999945],[110.27233630000006,-7.02099579999998],[110.27459720000007,-7.019826399999943],[110.27355960000006,-7.014405699999941],[110.27468110000007,-7.012436399999956],[110.28398330000005,-7.012725699999976],[110.28545380000008,-7.010453199999972],[110.28527070000007,-7.00818529999998],[110.28066250000006,-7.004448399999944],[110.28092960000004,-6.998907499999973],[110.28428650000006,-6.996875699999975],[110.28639220000008,-6.997785],[110.28748320000005,-6.996149499999945],[110.28712460000008,-6.993513099999973],[110.28203620000005,-6.99060929999996],[110.28384420000003,-6.98936],[110.28229430000005,-6.986676899999964],[110.28439790000004,-6.986566],[110.28501390000008,-6.98300949999998],[110.293372,-6.981115099999954],[110.29396450000007,-6.978866799999935],[110.29128760000009,-6.973760399999946],[110.28610980000008,-6.968759599999942],[110.28751130000006,-6.968704],[110.28811330000008,-6.965417],[110.295433,-6.968399499999975],[110.29618070000004,-6.967384799999934],[110.299614,-6.960021899999958],[110.29340350000007,-6.95702],[110.29185480000007,-6.954662299999939],[110.29198110000004,-6.950527199999954],[110.29919310000008,-6.941005699999948],[110.30620260000006,-6.937561099999925],[110.31178070000004,-6.937202599999978],[110.33024250000005,-6.946216799999945],[110.35005860000007,-6.951984599999946],[110.35177180000005,-6.953812],[110.36976220000008,-6.95496849999995],[110.383175,-6.954401599999926],[110.37536420000004,-6.951876299999981],[110.38191040000004,-6.950326699999948],[110.38262160000005,-6.947563499999944],[110.38630970000008,-6.946403499999974],[110.38567830000005,-6.949855599999978],[110.38708820000005,-6.951618099999962],[110.39011690000007,-6.951073199999939],[110.38886760000008,-6.948634299999981],[110.39251620000005,-6.94591719999994],[110.39457840000006,-6.949377899999945],[110.39614860000006,-6.947868199999959],[110.39506590000008,-6.94581],[110.40181170000005,-6.944751099999962],[110.402478,-6.949486299999933],[110.40726070000005,-6.949510099999941],[110.412206,-6.945157199999926],[110.41647470000004,-6.945999599999936],[110.41650330000004,-6.944200699999953],[110.41843070000004,-6.943172799999957],[110.41853540000005,-6.951506799999947],[110.42012180000006,-6.953339199999959],[110.42068340000009,-6.952368299999932],[110.42118780000004,-6.955014299999959],[110.42418590000005,-6.955766199999971],[110.42529950000005,-6.953881699999954],[110.41956980000003,-6.949284599999942],[110.419665,-6.947980599999937],[110.42624180000007,-6.951997099999971],[110.42716030000008,-6.950564699999973],[110.42341020000003,-6.946819399999981],[110.42358160000003,-6.936849499999937],[110.425685,-6.936011899999926],[110.42650040000007,-6.942066099999977],[110.42836350000005,-6.944459799999947],[110.43141870000005,-6.943260599999974],[110.43636320000007,-6.951464099999953],[110.43688670000006,-6.949346399999968],[110.43426930000004,-6.947252499999934],[110.43562560000004,-6.944278199999928],[110.43821920000005,-6.942053399999963],[110.43896870000009,-6.94523],[110.44107680000008,-6.945764799999949],[110.44295490000007,-6.938271899999961],[110.44628510000007,-6.936727699999949],[110.44989,-6.93731],[110.45681,-6.93527],[110.46219,-6.93159],[110.463562,-6.932247099999927]],[[110.28457120000007,-6.98899339999997],[110.28512080000007,-6.988831299999958],[110.28491450000007,-6.988728499999979],[110.28457120000007,-6.98899339999997]]]]}},{"type":"Feature","properties":{"ADM0_EN":"Indonesia","date":"2019-12-20","validOn":"2020-04-01","PROVINCE":"Daerah Istimewa Yogyakarta","Kabupaten":"Bantul","PRV2":"Daerah_Istimewa_Yogyakarta","layer":"Daerah_Istimewa_Yogyakarta_ADMIN_BPS","path":"D:/rudi/Daerah_Istimewa_Yogyakarta_ADMIN_BPS.shp","listkodim_Kodim":"Kodim 0729/Bantul","listkodim_Korem":"Korem 072/Pamungkas"},"geometry":{"type":"MultiPolygon","coordinates":[[[[110.57780740000004,-8.139657799999952],[110.57751220000006,-8.139034099999947],[110.57847340000006,-8.138994099999934],[110.57780740000004,-8.139657799999952]]],[[[110.555236,-8.134324599999957],[110.55544960000009,-8.134645099999943],[110.55512910000004,-8.134698499999956],[110.555236,-8.134324599999957]]],[[[110.55378650000006,-8.133985099999961],[110.55370250000004,-8.134096599999964],[110.55352710000005,-8.133898299999942],[110.55378650000006,-8.133985099999961]]],[[[110.339687,-8.027989],[110.27296010000003,-8.009005499999944],[110.21141140000009,-7.986745299999939],[110.160334,-7.955562],[110.096512,-7.925328],[109.96934080000005,-7.87400539999993],[109.87772440000003,-7.843771499999946],[109.68753,-7.79698],[109.61428,-7.78309],[109.62363,-7.7841],[109.625,-7.78248],[109.62114,-7.78126],[109.59502,-7.77686],[109.60879560000006,-7.780123899999978],[109.61017690000006,-7.781152],[109.60876050000007,-7.781919199999948],[109.579804,-7.775157],[109.52587,-7.76564],[109.46721,-7.75864],[109.46577,-7.76259],[109.46104,-7.7627],[109.45743,-7.76518],[109.45474,-7.76523],[109.45347,-7.76331],[109.451,-7.76673],[109.44952,-7.76526],[109.44373,-7.76791],[109.43974,-7.76638],[109.43668,-7.76824],[109.43662,-7.77316],[109.43331,-7.7759],[109.43127,-7.77263],[109.42153,-7.77056],[109.41702,-7.77105],[109.41206,-7.77638],[109.41048,-7.77501],[109.41278,-7.77031],[109.40917,-7.76585],[109.39971,-7.76255],[109.39816,-7.76353],[109.39695,-7.75717],[109.39503,-7.75766],[109.39182,-7.75477],[109.38868,-7.75615],[109.38725,-7.75449],[109.38629,-7.75099],[109.38827,-7.743],[109.38756,-7.73689],[109.39108,-7.73307],[109.3916,-7.7292],[109.39374,-7.72805],[109.39195,-7.7257],[109.39421850000008,-7.721252899999968],[109.38796240000005,-7.719617299999925],[109.38758090000005,-7.714119899999957],[109.39058690000007,-7.70210069999996],[109.39524840000007,-7.698649399999965],[109.39546210000009,-7.696451599999932],[109.38788610000006,-7.687800399999958],[109.38590240000008,-7.687878599999976],[109.38476560000004,-7.69091549999996],[109.37983710000009,-7.687169499999925],[109.38711550000005,-7.680992499999945],[109.38694,-7.672794799999963],[109.39147950000006,-7.672496299999978],[109.39189910000005,-7.670677099999978],[109.38933560000004,-7.668615799999941],[109.38597110000006,-7.670736699999964],[109.38330840000003,-7.666182],[109.383667,-7.663727199999926],[109.38946240000007,-7.658126699999968],[109.38362120000005,-7.653645499999925],[109.384491,-7.651470599999925],[109.39011390000007,-7.649582299999963],[109.38899660000004,-7.645848799999953],[109.39206,-7.644328899999948],[109.39207580000004,-7.647170199999948],[109.397377,-7.648690199999976],[109.40299070000009,-7.646566499999949],[109.40375520000003,-7.651422399999944],[109.40476770000004,-7.648198899999954],[109.40676170000006,-7.65116409999996],[109.40785690000007,-7.649159699999927],[109.41447390000008,-7.648125099999959],[109.41944410000008,-7.638373699999931],[109.42382810000004,-7.637196],[109.42499540000006,-7.634031199999981],[109.42696550000005,-7.633208699999955],[109.43446030000007,-7.635745],[109.44006350000006,-7.63055079999998],[109.44059750000008,-7.626078099999972],[109.44566690000005,-7.621070199999963],[109.44387210000008,-7.615313799999967],[109.44115670000008,-7.612988899999948],[109.44130550000006,-7.607837],[109.43757630000005,-7.60418169999997],[109.43761450000005,-7.601034099999936],[109.43254850000005,-7.598742899999934],[109.43000790000008,-7.594105699999943],[109.42701720000008,-7.593557299999929],[109.42525480000006,-7.588958199999979],[109.42312620000007,-7.588955799999951],[109.42035680000004,-7.585930299999973],[109.42105870000006,-7.578542699999957],[109.41569520000007,-7.570673899999974],[109.41607670000008,-7.563039699999933],[109.420723,-7.558028599999943],[109.42816170000003,-7.556206199999963],[109.43150330000009,-7.552067199999954],[109.43302160000007,-7.549262],[109.43206030000005,-7.541927799999939],[109.43392950000003,-7.539],[109.43417340000008,-7.530662199999938],[109.43663790000005,-7.527574499999957],[109.45601660000005,-7.523130399999957],[109.46225740000006,-7.519381],[109.46510320000004,-7.519709499999976],[109.46804810000003,-7.522433199999966],[109.48181920000007,-7.517865099999938],[109.48480990000007,-7.51121089999998],[109.49085370000006,-7.510084899999981],[109.49733740000005,-7.503727399999946],[109.49965670000006,-7.510187599999938],[109.507782,-7.508692199999928],[109.518339,-7.510863599999936],[109.525177,-7.515419399999928],[109.53730780000006,-7.515608699999973],[109.54514310000008,-7.522700699999973],[109.54983520000008,-7.513253199999951],[109.55178070000005,-7.511395399999969],[109.55557250000004,-7.511616199999935],[109.55853270000006,-7.509895299999926],[109.56909940000008,-7.509962499999972],[109.57210540000005,-7.51324169999998],[109.58245850000009,-7.513270299999931],[109.58759310000005,-7.51524969999997],[109.58917240000005,-7.513496299999929],[109.59298710000007,-7.513411499999961],[109.60212710000008,-7.506154],[109.61318210000007,-7.504241399999955],[109.61525730000005,-7.500590799999941],[109.61515810000009,-7.496612],[109.61889650000006,-7.492052499999943],[109.63306430000006,-7.481577399999935],[109.63756560000007,-7.481167299999981],[109.64261630000004,-7.485210399999971],[109.64746860000008,-7.494881599999928],[109.65477750000008,-7.495949699999926],[109.66432950000006,-7.492786299999977],[109.672287,-7.500837799999942],[109.67253110000007,-7.50299739999997],[109.68157960000008,-7.501966899999957],[109.68402860000003,-7.503393099999926],[109.68772890000008,-7.502062799999976],[109.68927770000005,-7.496728899999937],[109.69851690000007,-7.495790899999974],[109.71112060000007,-7.482925399999942],[109.715271,-7.482068],[109.71939090000006,-7.478104099999939],[109.72529610000004,-7.476058],[109.73291020000005,-7.478372099999945],[109.73594670000006,-7.474663699999951],[109.73275760000007,-7.471814599999959],[109.73279570000005,-7.469723199999976],[109.73471360000008,-7.470811599999934],[109.73764560000006,-7.468742599999928],[109.74100310000006,-7.468762099999935],[109.74217940000005,-7.46558669999996],[109.74648550000006,-7.462919399999976],[109.74940880000008,-7.458253199999945],[109.75070950000008,-7.457782],[109.75169370000003,-7.461138199999937],[109.75285990000003,-7.460730099999978],[109.75624760000005,-7.449100499999929],[109.75268890000007,-7.445536299999958],[109.75480310000006,-7.43980849999997],[109.76054380000005,-7.44059649999997],[109.77216340000007,-7.447853],[109.77891250000005,-7.448120899999935],[109.78644530000008,-7.450694399999975],[109.80177630000009,-7.451188499999944],[109.80784090000009,-7.449061599999936],[109.82655520000009,-7.447935799999925],[109.82824020000004,-7.443525099999931],[109.82735080000003,-7.438360399999965],[109.83173370000009,-7.432658599999968],[109.83272550000004,-7.422369],[109.82920070000006,-7.421831099999963],[109.82958990000009,-7.420349599999952],[109.82734680000004,-7.419651899999963],[109.82245560000007,-7.421303899999941],[109.81698260000007,-7.41548789999996],[109.80755530000005,-7.413554499999975],[109.80468410000009,-7.410924099999932],[109.79242090000008,-7.411521799999946],[109.78649140000005,-7.40631819999993],[109.78108980000007,-7.406353],[109.779335,-7.40231319999998],[109.77254490000007,-7.398885699999937],[109.76761870000007,-7.392731],[109.76326190000009,-7.392957699999954],[109.75805670000005,-7.388734299999953],[109.75141140000005,-7.390658799999926],[109.75123630000007,-7.388629199999968],[109.753096,-7.384321299999954],[109.76066250000008,-7.386231699999939],[109.76135030000006,-7.383222099999955],[109.76450060000008,-7.382453],[109.76851660000005,-7.371589099999937],[109.772438,-7.369433399999934],[109.77423860000005,-7.36492579999998],[109.77980490000004,-7.365004299999953],[109.78297810000004,-7.362860199999943],[109.78330020000004,-7.360340199999939],[109.78667520000005,-7.357091599999933],[109.78570080000009,-7.350233699999933],[109.78766380000008,-7.341231299999947],[109.79199180000006,-7.338059599999951],[109.79256440000006,-7.334005799999943],[109.79662330000008,-7.327330599999925],[109.79892730000006,-7.32491959999993],[109.806633,-7.323566899999946],[109.81004830000006,-7.315573399999948],[109.81513980000005,-7.312935799999934],[109.81596380000008,-7.309467799999936],[109.820961,-7.303930199999968],[109.82315830000005,-7.303664699999956],[109.82536320000008,-7.299271099999942],[109.82842260000007,-7.29733989999994],[109.83066560000009,-7.297877299999925],[109.83507540000005,-7.291815699999972],[109.83614350000005,-7.287499899999943],[109.83975220000008,-7.286389299999939],[109.843216,-7.280391699999939],[109.84182740000006,-7.276728099999957],[109.84317780000003,-7.274563799999953],[109.84148410000006,-7.272887199999957],[109.845398,-7.268763499999977],[109.849968,-7.256428699999958],[109.85005190000004,-7.250993699999981],[109.85247040000007,-7.251059],[109.85463720000007,-7.241467399999976],[109.86224370000008,-7.232468599999947],[109.87517550000007,-7.22506],[109.88381990000005,-7.225599299999942],[109.90696720000005,-7.221252399999969],[109.91197970000007,-7.214070299999946],[109.90937040000006,-7.206878599999925],[109.91067510000005,-7.199985899999945],[109.91329190000005,-7.199418499999979],[109.91539160000008,-7.195510899999931],[109.91790930000008,-7.194657699999937],[109.91795220000006,-7.190750699999967],[109.922221,-7.187947899999926],[109.92436110000006,-7.188278599999933],[109.93089340000006,-7.195230899999956],[109.93416240000005,-7.201497199999949],[109.94862180000007,-7.195230399999957],[109.96139050000005,-7.192655699999932],[109.98202240000006,-7.179593399999931],[109.98612230000003,-7.173158],[109.99283320000006,-7.172252899999933],[109.99275270000004,-7.168986599999926],[109.99734320000005,-7.166605799999957],[109.99964290000008,-7.162941599999954],[110.00823140000006,-7.159408599999949],[110.00988310000008,-7.154892799999971],[110.01250460000006,-7.154724599999952],[110.01308440000008,-7.152196899999979],[110.013504,-7.153172],[110.01615910000004,-7.15100289999998],[110.017366,-7.151760099999933],[110.01753220000006,-7.14947989999996],[110.01963810000007,-7.150241299999948],[110.02201080000009,-7.14797109999995],[110.02285010000008,-7.149157],[110.02680210000005,-7.147076099999936],[110.02725980000008,-7.144221699999946],[110.02952650000009,-7.144196199999953],[110.03177640000007,-7.139704699999982],[110.03375250000005,-7.140738499999941],[110.03856660000008,-7.13440559999998],[110.04096990000005,-7.134729799999945],[110.04077150000006,-7.133474299999932],[110.04389960000009,-7.131705299999965],[110.04312130000005,-7.130561799999953],[110.04611970000008,-7.130188899999951],[110.04862980000007,-7.126674599999944],[110.05079,-7.12754],[110.04996490000008,-7.124355799999933],[110.05505650000003,-7.123587899999961],[110.05550390000008,-7.121190499999955],[110.06010880000008,-7.11934569999994],[110.06948540000008,-7.121329599999967],[110.07700350000005,-7.120359399999927],[110.08466340000007,-7.114325],[110.08569340000008,-7.109373099999971],[110.08840720000006,-7.110264799999925],[110.09051590000007,-7.107315],[110.09454680000005,-7.107147899999973],[110.09564770000009,-7.104239799999959],[110.10439910000008,-7.098436399999969],[110.10779370000006,-7.098771099999965],[110.11079270000005,-7.095006499999954],[110.11737920000007,-7.095077599999968],[110.12228320000008,-7.093034299999943],[110.12508060000005,-7.096694499999955],[110.12847070000004,-7.097428499999978],[110.12946090000008,-7.096226],[110.132285,-7.099342499999977],[110.13315960000006,-7.097286699999927],[110.13779910000005,-7.09674339999998],[110.13977180000006,-7.098486699999967],[110.14237980000007,-7.097129799999948],[110.14475770000007,-7.100520199999949],[110.15228210000004,-7.098667899999953],[110.15455460000004,-7.099989099999959],[110.16305890000007,-7.099729499999967],[110.16523480000006,-7.098636299999953],[110.16341290000008,-7.097628499999928],[110.16527330000008,-7.096218699999952],[110.16720980000008,-7.099831599999959],[110.16977060000005,-7.097486699999934],[110.17509130000008,-7.101290499999948],[110.17420970000006,-7.099251299999935],[110.17663450000003,-7.094485199999951],[110.17579530000006,-7.088495599999931],[110.17761110000004,-7.081764599999929],[110.18265890000004,-7.079550599999948],[110.18283380000008,-7.07764119999996],[110.18657560000008,-7.08076079999995],[110.19251130000004,-7.079840099999956],[110.19331230000006,-7.081506099999956],[110.19109220000007,-7.084936499999969],[110.19320550000003,-7.089191299999925],[110.19081750000004,-7.092410899999948],[110.19365570000008,-7.09537679999994],[110.19153830000005,-7.096129],[110.18770960000006,-7.102319699999953],[110.19054060000008,-7.101354199999946],[110.19240630000007,-7.106618399999945],[110.18236130000008,-7.109886699999947],[110.17605580000009,-7.10936479999998],[110.17386990000006,-7.111727499999972],[110.16517150000004,-7.113377199999945],[110.16121240000007,-7.116722699999968],[110.15955870000005,-7.125793299999941],[110.15358610000004,-7.127846199999965],[110.15054830000008,-7.125690899999938],[110.14813580000003,-7.126747],[110.14477810000005,-7.125347599999941],[110.14426110000005,-7.130300699999964],[110.14353640000007,-7.131066699999963],[110.14245770000008,-7.128624899999977],[110.14009360000006,-7.137228299999947],[110.145851,-7.138041899999962],[110.14602430000008,-7.143264099999953],[110.15190870000004,-7.147080399999936],[110.16135880000007,-7.143416099999968],[110.16523720000004,-7.145297899999946],[110.16895180000006,-7.143429799999979],[110.17770790000009,-7.148547399999927],[110.18029490000004,-7.152260499999954],[110.18427290000005,-7.151597699999968],[110.19271670000006,-7.164734099999976],[110.19125460000004,-7.169274299999927],[110.19237120000008,-7.172216],[110.20304290000007,-7.177544199999943],[110.20826220000004,-7.177191199999982],[110.209365,-7.18116109999994],[110.21134850000004,-7.181705099999931],[110.213167,-7.185315499999945],[110.22104640000003,-7.184079099999963],[110.230423,-7.187584399999935],[110.23884580000004,-7.187660199999925],[110.245697,-7.183960399999933],[110.24974370000007,-7.188340199999971],[110.25213860000008,-7.188829799999951],[110.25263850000005,-7.19154709999998],[110.25860810000006,-7.198123],[110.25232940000006,-7.197529299999928],[110.25454890000009,-7.211217199999965],[110.25792260000009,-7.213615499999946],[110.257451,-7.216526099999953],[110.26653940000006,-7.21768609999998],[110.26415820000005,-7.224819899999943],[110.26669690000006,-7.231989299999952],[110.27162450000009,-7.234804399999973],[110.27231740000008,-7.233982499999968],[110.27378070000009,-7.236109399999975],[110.27062990000007,-7.245500099999958],[110.27083590000007,-7.251219299999946],[110.27185060000005,-7.252409],[110.27760320000004,-7.251732799999957],[110.28327940000008,-7.254367299999956],[110.29614260000005,-7.268956099999969],[110.303673,-7.274391899999955],[110.30857320000007,-7.275566599999934],[110.31147,-7.27955],[110.31076,-7.28058],[110.32143860000008,-7.287129899999968],[110.32714930000009,-7.29602959999994],[110.32733430000008,-7.302886599999965],[110.317955,-7.304669799999942],[110.31395720000006,-7.308127399999933],[110.314627,-7.310408499999937],[110.31797030000007,-7.312227199999938],[110.32596590000009,-7.309383399999945],[110.32950590000007,-7.31179],[110.32749180000008,-7.316702299999974],[110.32901,-7.320733099999927],[110.33260340000004,-7.32083369999998],[110.34369660000004,-7.325998699999957],[110.35514070000005,-7.326165199999934],[110.36348720000007,-7.331396599999948],[110.36895750000008,-7.331102399999963],[110.37189480000006,-7.333488899999963],[110.37937930000004,-7.334854599999971],[110.38035550000006,-7.337678499999981],[110.37774990000008,-7.338090399999942],[110.37677760000008,-7.345341],[110.37966920000008,-7.347439699999939],[110.38124850000008,-7.353361599999971],[110.39049530000005,-7.352947699999959],[110.39771270000006,-7.357751299999961],[110.40361780000006,-7.365453699999932],[110.403595,-7.37187],[110.40642550000007,-7.377584],[110.40527340000006,-7.389591199999927],[110.41363530000007,-7.409157299999947],[110.41434480000004,-7.416642599999932],[110.42382810000004,-7.429228799999976],[110.42522430000008,-7.435320799999943],[110.43184660000009,-7.445641],[110.43929290000005,-7.453609399999948],[110.43418120000007,-7.465468899999962],[110.43507380000005,-7.468878699999948],[110.43312070000007,-7.477849499999934],[110.427124,-7.48539059999996],[110.41411590000007,-7.496808],[110.41105650000009,-7.496762299999943],[110.40846250000004,-7.498822699999948],[110.40489960000008,-7.497630099999981],[110.39537810000007,-7.499296199999947],[110.38952630000006,-7.506619399999977],[110.38068990000005,-7.511698599999932],[110.38030540000005,-7.513826299999948],[110.38574930000004,-7.513338799999929],[110.40522920000006,-7.517090699999926],[110.41101070000008,-7.519839699999977],[110.42942810000005,-7.532286099999965],[110.44395450000007,-7.539836399999956],[110.45626070000009,-7.557588499999952],[110.45949550000006,-7.569444199999964],[110.46048740000003,-7.580072899999948],[110.459465,-7.583695399999954],[110.46315770000007,-7.604233699999952],[110.46849730000008,-7.61768079999996],[110.46870420000005,-7.638313299999936],[110.49181370000008,-7.742530099999954],[110.49176790000007,-7.766805199999965],[110.50939410000007,-7.770264299999951],[110.51244350000007,-7.779113699999925],[110.51888280000009,-7.782807299999945],[110.522662,-7.783097299999952],[110.52508010000008,-7.787828099999956],[110.529577,-7.791040599999974],[110.53122890000009,-7.798343399999965],[110.536377,-7.794028299999979],[110.53741450000007,-7.79452509999993],[110.53621670000007,-7.79771089999997],[110.53958340000008,-7.79803759999993],[110.54015530000004,-7.795046599999978],[110.54675290000006,-7.79139749999996],[110.54928750000005,-7.791504],[110.55231640000005,-7.795228899999927],[110.55565310000009,-7.794895099999962],[110.55332150000004,-7.792459299999962],[110.55353540000004,-7.787866599999973],[110.555397,-7.786820399999954],[110.55572190000004,-7.784387599999945],[110.56214550000004,-7.782177599999955],[110.57737190000006,-7.789217],[110.58288870000007,-7.78966029999998],[110.584316,-7.790808599999934],[110.58388520000005,-7.797823199999925],[110.57656320000007,-7.801563399999964],[110.57696510000005,-7.807145099999957],[110.58565510000005,-7.802814299999966],[110.58799730000004,-7.804961],[110.58518970000006,-7.808029],[110.58605180000006,-7.808616399999948],[110.59413910000006,-7.806344499999966],[110.59947970000007,-7.80683369999997],[110.60073070000004,-7.805020599999978],[110.59905240000006,-7.799751199999946],[110.60708620000008,-7.798421799999971],[110.60782,-7.79665],[110.60789490000008,-7.798219199999949],[110.61180120000006,-7.798651699999937],[110.61608890000008,-7.80211909999997],[110.61841570000007,-7.799143099999981],[110.622773,-7.800477099999966],[110.62562640000004,-7.803394399999945],[110.628092,-7.800948],[110.63817740000007,-7.800393699999972],[110.64694080000004,-7.795303299999944],[110.65786120000007,-7.80478549999998],[110.66356180000008,-7.793832899999927],[110.66994880000004,-7.790075299999955],[110.66866480000004,-7.787110499999926],[110.67080570000007,-7.786172099999931],[110.674166,-7.78774379999993],[110.67663790000006,-7.791357799999957],[110.67220270000007,-7.795861399999978],[110.67273920000008,-7.799644899999976],[110.67109650000003,-7.802507599999956],[110.67602510000006,-7.803651899999977],[110.67919890000007,-7.806330799999955],[110.69207730000005,-7.808445099999972],[110.70870180000009,-7.805292699999939],[110.71420590000008,-7.799004699999955],[110.71280290000004,-7.791949],[110.71577070000006,-7.791967599999964],[110.72391890000006,-7.794428599999947],[110.72842480000008,-7.797622399999966],[110.72917210000008,-7.800710899999956],[110.74233190000007,-7.806702499999972],[110.74279110000003,-7.813401499999941],[110.74507280000006,-7.81785629999996],[110.75133180000006,-7.819892099999947],[110.75199430000004,-7.824165899999969],[110.756366,-7.827334],[110.76310260000008,-7.824360899999931],[110.76287840000003,-7.815066799999954],[110.76532670000006,-7.812762799999973],[110.76435160000005,-7.809933399999977],[110.77218160000007,-7.80854329999994],[110.77604940000003,-7.814126899999962],[110.77788080000005,-7.81523],[110.77983390000009,-7.81388],[110.78563690000004,-7.817923499999949],[110.78299710000005,-7.830982199999937],[110.78253180000007,-7.846235199999967],[110.78446960000008,-7.84728089999993],[110.78342440000006,-7.851701699999978],[110.78741460000003,-7.851000699999929],[110.78828430000004,-7.855024799999967],[110.78649140000005,-7.857427599999937],[110.78405760000004,-7.85776519999996],[110.784378,-7.860278599999958],[110.78256220000009,-7.862922599999933],[110.78362270000008,-7.873360099999957],[110.77726740000008,-7.879737299999931],[110.77557370000005,-7.886486499999933],[110.777832,-7.891917199999966],[110.77104950000006,-7.902040899999974],[110.76919290000006,-7.915600199999972],[110.77212520000006,-7.926809299999945],[110.77014160000004,-7.941711899999973],[110.77170560000008,-7.945043099999964],[110.76841740000003,-7.955127699999935],[110.76843260000004,-7.979480699999954],[110.76602170000007,-7.990042699999947],[110.76078030000008,-7.991148399999929],[110.76132960000007,-8.002645499999971],[110.75602720000006,-8.014791499999944],[110.75417350000004,-8.02579],[110.76655580000005,-8.044120799999973],[110.77171330000004,-8.057699199999945],[110.77851870000006,-8.067645],[110.77941130000005,-8.08403009999995],[110.78707120000007,-8.101463299999978],[110.78916930000008,-8.114723199999958],[110.78979490000006,-8.125],[110.78549960000004,-8.139707499999929],[110.78702540000006,-8.153210599999966],[110.79099270000006,-8.15899369999994],[110.79868320000008,-8.162684399999932],[110.80973820000008,-8.155511799999942],[110.81225590000008,-8.146713199999965],[110.81813810000006,-8.144239399999947],[110.81690220000007,-8.155151299999943],[110.81840520000009,-8.15857879999993],[110.82308960000006,-8.161266299999966],[110.82636260000004,-8.16978359999996],[110.83386990000008,-8.17453379999995],[110.83255,-8.180794699999979],[110.83448030000005,-8.19026279999997],[110.82923890000006,-8.194750799999952],[110.82908020000008,-8.203775599999972],[110.82500140000008,-8.202350299999978],[110.82083660000006,-8.203103599999963],[110.82126580000005,-8.202013099999931],[110.81793820000007,-8.19982639999995],[110.81001010000006,-8.198731099999975],[110.80755020000004,-8.20062809999996],[110.80297980000006,-8.197248199999933],[110.79945020000008,-8.197933699999965],[110.797439,-8.195579099999975],[110.798048,-8.190039399999932],[110.794623,-8.192969],[110.789023,-8.19394],[110.787249,-8.19272],[110.781298,-8.196372],[110.773232,-8.196452],[110.772999,-8.195332],[110.766807,-8.196503],[110.76337,-8.195185],[110.74907440000004,-8.196714],[110.73756960000009,-8.192430099999967],[110.73152680000004,-8.192633],[110.725063,-8.199308],[110.72251,-8.197319],[110.720299,-8.199602],[110.715385,-8.197729],[110.708718,-8.200833],[110.705987,-8.199221],[110.70623,-8.195245],[110.710178,-8.192137],[110.710124,-8.187188],[110.70731,-8.183529],[110.704387,-8.185895],[110.70177,-8.18455],[110.700021,-8.18714],[110.699931,-8.186055],[110.695896,-8.187146],[110.686737,-8.185437],[110.683206,-8.181983],[110.67955690000008,-8.182891199999972],[110.669006,-8.176945],[110.662747,-8.176574],[110.65908040000005,-8.172831299999928],[110.654694,-8.173229],[110.649668,-8.169001],[110.6441,-8.168345],[110.635803,-8.16176],[110.625,-8.158226],[110.603908,-8.145594],[110.598611,-8.145672],[110.596354,-8.149311],[110.594976,-8.147052],[110.591272,-8.147358],[110.585086,-8.144567],[110.583437,-8.140825],[110.57879560000003,-8.137972799999943],[110.567681,-8.137415],[110.553301,-8.13346],[110.550273,-8.134413],[110.54781150000008,-8.12836539999995],[110.545928,-8.132289],[110.544943,-8.131817],[110.545601,-8.134971],[110.534408,-8.129845],[110.532536,-8.131416],[110.527216,-8.131386],[110.526972,-8.129404],[110.522407,-8.128386],[110.521741,-8.126156],[110.517161,-8.124999],[110.516277,-8.122978],[110.514324,-8.123463],[110.51422,-8.122284],[110.512868,-8.123815],[110.50320880000004,-8.118798599999934],[110.491807,-8.116992],[110.485786,-8.112139],[110.481491,-8.112238],[110.476457,-8.109934],[110.472316,-8.110679],[110.469024,-8.107936],[110.469191,-8.109889],[110.467374,-8.110146],[110.45018,-8.100472],[110.43874,-8.100553],[110.434566,-8.098835],[110.434667,-8.093925],[110.430167,-8.088995],[110.418395,-8.086502],[110.41625,-8.082581],[110.409586,-8.081332],[110.408351,-8.079191],[110.397248,-8.078477],[110.387611,-8.072763],[110.375226,-8.071614],[110.368327,-8.061464],[110.363485,-8.059573],[110.355185,-8.05228],[110.348625,-8.041434],[110.344515,-8.030456],[110.339687,-8.027989]]],[[[110.82041760000004,-8.203104699999926],[110.81950630000006,-8.20358479999993],[110.82008850000005,-8.20270789999995],[110.82041760000004,-8.203104699999926]]],[[[110.71852980000006,-8.19992549999995],[110.71905450000008,-8.199654299999963],[110.71972910000005,-8.20149239999995],[110.71852980000006,-8.19992549999995]]],[[[110.71226020000006,-8.199112699999944],[110.71272180000005,-8.199422099999936],[110.71256950000009,-8.19966],[110.71226020000006,-8.199112699999944]]],[[[110.74484940000008,-8.195698299999947],[110.74449980000009,-8.195698099999959],[110.74471850000003,-8.195339],[110.74484940000008,-8.195698299999947]]],[[[110.67648880000007,-8.185676399999977],[110.67660320000005,-8.185337899999979],[110.67672530000004,-8.185477099999957],[110.67648880000007,-8.185676399999977]]],[[[110.678152,-8.18406559999994],[110.67845720000008,-8.18456539999994],[110.67783160000005,-8.184593],[110.678152,-8.18406559999994]]],[[[110.67844960000008,-8.182962199999963],[110.67886910000004,-8.182990899999936],[110.67886910000004,-8.183844399999941],[110.67844960000008,-8.182962199999963]]],[[[110.68123430000009,-8.182674199999951],[110.68189040000004,-8.18282679999993],[110.68116560000004,-8.182925],[110.68123430000009,-8.182674199999951]]],[[[110.67172490000007,-8.17986209999998],[110.67180120000006,-8.18042],[110.67148840000004,-8.180349399999955],[110.67172490000007,-8.17986209999998]]],[[[110.66243990000004,-8.177362499999958],[110.66234180000004,-8.17786069999994],[110.661984,-8.177494499999966],[110.66243990000004,-8.177362499999958]]],[[[110.604748,-8.147530599999925],[110.60442760000007,-8.148279199999934],[110.60415160000008,-8.148062099999947],[110.604748,-8.147530599999925]]],[[[110.58570540000005,-8.145516099999952],[110.58520940000005,-8.145790099999942],[110.58520040000008,-8.14555219999994],[110.58570540000005,-8.145516099999952]]]]}},{"type":"Feature","properties":{"ADM0_EN":"Indonesia","date":"2019-12-20","validOn":"2020-04-01","PROVINCE":"Jawa Tengah","Kabupaten":"Hutan","PRV2":"Jawa_Tengah","layer":"Jawa_Tengah_ADMIN_BPS","path":"D:/rudi/Jawa_Tengah_ADMIN_BPS.shp","listkodim_Kodim":"Hutan","listkodim_Korem":"Hutan"},"geometry":{"type":"MultiPolygon","coordinates":[[[[110.34105850000009,-7.148030399999925],[110.34348290000008,-7.148266099999944],[110.34381950000005,-7.145181199999968],[110.34501540000008,-7.145083299999953],[110.34707030000004,-7.148304399999972],[110.34853520000007,-7.147875],[110.34828720000007,-7.153511599999945],[110.35115210000004,-7.155127899999968],[110.35030920000008,-7.157803099999967],[110.35188210000007,-7.158193199999971],[110.369433,-7.148049799999967],[110.37161750000007,-7.148298699999941],[110.37160090000003,-7.152457599999934],[110.37720240000004,-7.149661599999945],[110.37726220000008,-7.152246299999945],[110.37924040000007,-7.151415],[110.38381160000006,-7.156876899999929],[110.38654240000005,-7.156581599999981],[110.39061620000007,-7.163446199999953],[110.39781610000006,-7.163379199999952],[110.39841830000006,-7.166760099999976],[110.39076180000006,-7.167704699999945],[110.38151890000006,-7.172832899999946],[110.36357530000004,-7.17436779999997],[110.35754910000009,-7.18007259999996],[110.36320620000004,-7.187295],[110.35351,-7.18637],[110.34857060000007,-7.18344019999995],[110.34084010000004,-7.199913099999947],[110.34255930000006,-7.18793],[110.33759450000008,-7.184266799999932],[110.33124120000008,-7.184342099999981],[110.33270480000004,-7.182694499999968],[110.32196930000003,-7.181748199999959],[110.32440680000008,-7.180355799999973],[110.32358210000007,-7.179508599999963],[110.31807570000007,-7.179775399999926],[110.32383640000006,-7.178312499999947],[110.32445260000009,-7.174422],[110.32994410000003,-7.170377599999938],[110.33148540000008,-7.17273],[110.33529880000009,-7.173385499999938],[110.34001690000008,-7.171975],[110.34403780000008,-7.165071499999954],[110.34297470000007,-7.162194499999941],[110.33908210000004,-7.159313299999951],[110.33107,-7.15734],[110.32799210000007,-7.152059399999928],[110.33195480000006,-7.153603],[110.33572030000005,-7.152201199999979],[110.33942190000005,-7.148225899999943],[110.33939,-7.14523],[110.34105850000009,-7.148030399999925]]]]}},{"type":"Feature","properties":{"ADM0_EN":"Indonesia","date":"2019-12-20","validOn":"2020-04-01","PROVINCE":"Jawa Tengah","Kabupaten":"Banjarnegara","PRV2":"Jawa_Tengah","layer":"Jawa_Tengah_ADMIN_BPS","path":"D:/rudi/Jawa_Tengah_ADMIN_BPS.shp","listkodim_Kodim":"Kodim 0704/Banjarnegara","listkodim_Korem":"Korem 071/Wijayakusuma"},"geometry":{"type":"MultiPolygon","coordinates":[[[[108.88326270000005,-7.748406299999942],[108.88356790000006,-7.748209899999949],[108.88322450000004,-7.748861199999965],[108.88326270000005,-7.748406299999942]]],[[[108.88332370000006,-7.747809299999972],[108.88302620000007,-7.748284299999966],[108.88291170000008,-7.748153099999968],[108.88332370000006,-7.747809299999972]]],[[[108.78504950000007,-7.706921499999964],[108.784729,-7.707401599999969],[108.78469850000005,-7.707194699999945],[108.78504950000007,-7.706921499999964]]],[[[108.78468330000004,-7.706892399999958],[108.78438570000009,-7.706953899999974],[108.78455360000004,-7.706579599999941],[108.78468330000004,-7.706892399999958]]],[[[108.64067080000007,-7.142262399999936],[108.64599610000005,-7.142544199999975],[108.65080260000008,-7.14925379999994],[108.65864870000007,-7.155612699999949],[108.66261120000007,-7.154654299999947],[108.66705330000008,-7.15672909999995],[108.67610940000009,-7.156559399999935],[108.68105320000006,-7.15260539999997],[108.69819790000008,-7.150365099999931],[108.713768,-7.134953899999971],[108.71613320000006,-7.128285299999959],[108.722168,-7.125555899999938],[108.724022,-7.122351099999946],[108.723418,-7.118677299999945],[108.72657020000008,-7.115037799999925],[108.74111940000006,-7.114635799999974],[108.74686440000005,-7.111613199999965],[108.75561240000008,-7.115112],[108.77091220000005,-7.111848699999939],[108.77593240000004,-7.098028599999964],[108.77829750000006,-7.095253899999932],[108.77427680000005,-7.088465099999951],[108.77438360000008,-7.083459299999959],[108.77793120000007,-7.076184199999943],[108.78417590000004,-7.069527],[108.78304290000005,-7.064466399999958],[108.78517920000007,-7.057958],[108.77996070000006,-7.046252599999946],[108.77651220000007,-7.043847899999946],[108.77473450000008,-7.034764699999926],[108.778122,-7.032939399999975],[108.77907570000008,-7.026816699999927],[108.78742990000006,-7.026588299999958],[108.79068,-7.024861699999974],[108.78905490000005,-7.015056499999957],[108.79046630000005,-7.012614199999973],[108.78646090000007,-7.006964599999947],[108.784317,-7.007295299999953],[108.78140260000004,-7.004001499999958],[108.78321080000006,-7.000000399999976],[108.78068550000006,-6.998794],[108.77815250000003,-6.993358499999943],[108.77407080000006,-6.992231799999956],[108.76935580000008,-6.993262699999946],[108.75985720000006,-6.987307],[108.75882720000004,-6.984315799999933],[108.76106270000008,-6.978856],[108.76041420000007,-6.973536899999942],[108.76280980000007,-6.97127],[108.75984190000008,-6.968385599999976],[108.76268010000007,-6.962619699999948],[108.76231390000004,-6.961369399999967],[108.75978390000006,-6.963576699999976],[108.75709540000008,-6.958152699999971],[108.75785070000006,-6.957242399999927],[108.75950630000006,-6.958511699999974],[108.75874330000005,-6.953179299999931],[108.76124570000007,-6.953744299999926],[108.76250460000006,-6.951884199999938],[108.76071930000006,-6.950601499999948],[108.761055,-6.947102],[108.76410920000006,-6.93918629999996],[108.75998990000005,-6.939023599999928],[108.76242980000006,-6.936955099999977],[108.76223860000005,-6.934701299999972],[108.75845030000005,-6.933492599999965],[108.75743870000008,-6.929386499999964],[108.75520330000006,-6.928449099999966],[108.75289160000005,-6.920200299999976],[108.75560760000008,-6.915747099999976],[108.76107030000009,-6.911602399999936],[108.75814830000007,-6.906774399999961],[108.75869760000006,-6.905399699999975],[108.76702120000004,-6.901461499999925],[108.76544960000007,-6.898160399999938],[108.76173020000004,-6.897798399999942],[108.76194,-6.895542499999976],[108.76487280000003,-6.89454319999993],[108.77020510000006,-6.896143599999959],[108.77166750000004,-6.894313699999941],[108.770546,-6.889481899999964],[108.77185060000005,-6.883645899999976],[108.78002170000008,-6.88381279999993],[108.77805380000007,-6.877987299999972],[108.77867130000004,-6.874854499999969],[108.78364770000007,-6.879673899999943],[108.78790290000006,-6.877696399999934],[108.79254250000008,-6.88045569999997],[108.79406660000006,-6.874939299999937],[108.797966,-6.872716799999978],[108.79779820000005,-6.868526799999927],[108.80250550000005,-6.868024699999978],[108.80323030000005,-6.863738],[108.80864720000005,-6.856250199999977],[108.818094,-6.836125799999934],[108.82475280000006,-6.832315799999947],[108.82547770000008,-6.803207699999973],[108.826706,-6.801583199999925],[108.83106230000004,-6.802312299999926],[108.83264930000007,-6.800917099999936],[108.83160410000005,-6.796679299999937],[108.82736980000004,-6.793364799999949],[108.82834630000008,-6.787553599999967],[108.83111580000008,-6.785003099999926],[108.82686620000004,-6.769854799999962],[108.82879640000004,-6.762602299999969],[108.83381950000006,-6.758009499999957],[108.83398,-6.76015],[108.82991430000004,-6.765068],[108.830414,-6.770992899999953],[108.83341210000003,-6.775061799999946],[108.83940830000006,-6.778773699999931],[108.84333440000006,-6.776703599999962],[108.84706,-6.7791],[108.84447660000006,-6.781414899999959],[108.84362,-6.788125],[108.85197190000008,-6.795834499999955],[108.85318540000009,-6.79954639999994],[108.861109,-6.799760599999956],[108.86438,-6.80135],[108.86736,-6.80638],[108.87000240000003,-6.807885],[108.87366,-6.80643],[108.89598610000007,-6.813938399999927],[108.913055,-6.816607199999964],[108.92919,-6.8252],[108.93194080000006,-6.823713399999974],[108.946753,-6.824873399999944],[108.95698010000007,-6.820656799999938],[108.96640270000006,-6.813632599999949],[108.96939950000007,-6.808342099999948],[108.96874,-6.80546],[108.98357290000007,-6.805702099999962],[108.99372,-6.80203],[108.99496,-6.79808],[108.99697,-6.79731],[109.00054,-6.79944],[109.00198,-6.79736],[109.00652,-6.79722],[109.00816,-6.79393],[109.01216,-6.79241],[109.0139,-6.78518],[109.01598,-6.78385],[109.01913,-6.78511],[109.02329,-6.78086],[109.02374,-6.78341],[109.02792,-6.78577],[109.02654,-6.78412],[109.03024,-6.78165],[109.02881620000005,-6.779329299999972],[109.03646,-6.77974],[109.03952,-6.78168],[109.04211,-6.77797],[109.04613,-6.78316],[109.05221,-6.78065],[109.059262,-6.773219],[109.05870910000004,-6.763341799999978],[109.06789790000005,-6.754771],[109.06896840000007,-6.757664599999941],[109.06798110000005,-6.760881499999925],[109.07024370000005,-6.765799299999969],[109.06683430000004,-6.766118399999925],[109.06579830000004,-6.768516799999929],[109.06703430000005,-6.77118669999993],[109.06437030000006,-6.773783499999979],[109.067231,-6.782188499999961],[109.06656620000007,-6.784807],[109.06811550000003,-6.785735599999953],[109.07256140000004,-6.775805199999979],[109.07675160000008,-6.772079499999961],[109.07530580000008,-6.784282099999928],[109.07621480000006,-6.783263499999975],[109.07841460000009,-6.785440899999969],[109.07528580000007,-6.792473],[109.07595460000005,-6.794896599999959],[109.08042250000005,-6.798383699999931],[109.07055530000008,-6.798893299999975],[109.06669530000005,-6.802853499999969],[109.069907,-6.810496199999932],[109.07442840000004,-6.809455199999945],[109.09201920000004,-6.831824399999959],[109.10226960000006,-6.839863799999932],[109.12119760000007,-6.847221299999944],[109.13009060000007,-6.849056399999938],[109.136379,-6.848572],[109.13711480000006,-6.84637239999995],[109.14375820000004,-6.847876199999973],[109.15338550000007,-6.847193299999958],[109.15932470000007,-6.844038099999977],[109.16230850000005,-6.844138099999952],[109.17926930000004,-6.855345299999954],[109.19260380000009,-6.86057059999996],[109.21777970000005,-6.864474099999939],[109.22540350000008,-6.863175],[109.24640460000006,-6.869471],[109.26303270000005,-6.872294599999975],[109.26845790000004,-6.871521299999927],[109.27277660000004,-6.873353499999951],[109.294108,-6.873336499999937],[109.31243030000007,-6.871021599999949],[109.34381570000005,-6.861509199999944],[109.36489750000004,-6.862967099999935],[109.37846350000007,-6.861675],[109.40560860000005,-6.852941699999974],[109.4134,-6.8518],[109.41270150000008,-6.850324099999966],[109.43852720000007,-6.841297],[109.47872,-6.81686],[109.49191170000006,-6.805935499999975],[109.50767120000006,-6.78886609999995],[109.50816690000005,-6.786232],[109.51088610000005,-6.78716739999993],[109.51199780000007,-6.790158599999927],[109.51653810000005,-6.789052099999935],[109.51610390000008,-6.791398299999969],[109.51842280000005,-6.787745099999938],[109.51990290000003,-6.787959099999966],[109.51806480000005,-6.777156399999967],[109.52277720000006,-6.771969299999967],[109.52233050000007,-6.774728699999969],[109.52366950000004,-6.77421789999994],[109.52491870000006,-6.780356899999958],[109.53005840000009,-6.790457699999934],[109.54454330000004,-6.810123899999951],[109.56191640000009,-6.828867499999944],[109.57655040000009,-6.837157799999943],[109.59513840000005,-6.841183599999965],[109.62257,-6.84201],[109.62350470000007,-6.840991799999927],[109.6348,-6.84633],[109.65828,-6.85006],[109.65886120000005,-6.848947799999962],[109.67449170000003,-6.856462099999931],[109.68287,-6.85855],[109.69011940000007,-6.859217899999976],[109.69238140000004,-6.856638199999963],[109.69240150000007,-6.858075499999927],[109.70633730000009,-6.863564799999949],[109.70856810000004,-6.866063299999951],[109.73440380000005,-6.875793],[109.74479790000004,-6.878350599999976],[109.74986450000006,-6.877210099999957],[109.750399,-6.87974429999997],[109.75334970000006,-6.881420099999957],[109.77331,-6.88735],[109.79923,-6.89119],[109.80879110000006,-6.900170199999934],[109.81876760000006,-6.903278],[109.84315530000003,-6.906123599999944],[109.86987,-6.91505],[109.90347,-6.91795],[109.91548850000004,-6.916248199999927],[109.92725,-6.91213],[109.93314110000006,-6.915451399999938],[109.94797950000009,-6.916817199999969],[109.94952850000004,-6.919522699999959],[109.96304860000004,-6.919608299999936],[109.96870220000005,-6.923520199999928],[109.97849,-6.9226],[109.98256,-6.9242],[110.00792,-6.919535799999949],[110.02788250000003,-6.91103279999993],[110.03000210000005,-6.912398699999926],[110.02796810000007,-6.914132199999926],[110.03263730000003,-6.913947499999949],[110.03363,-6.918111899999928],[110.03904890000007,-6.916939],[110.04518120000006,-6.921459399999947],[110.04280860000006,-6.925476499999945],[110.04068760000007,-6.923655],[110.03076940000005,-6.930123299999934],[110.03569790000006,-6.93259809999995],[110.03454590000007,-6.938567099999943],[110.03949980000004,-6.938737],[110.04035320000008,-6.942969099999971],[110.04408160000008,-6.94053109999993],[110.045929,-6.941810099999941],[110.05075840000006,-6.941196399999967],[110.050499,-6.94337749999994],[110.047081,-6.946033899999975],[110.05347440000008,-6.955108099999961],[110.05174250000005,-6.958411199999944],[110.04828640000005,-6.958527099999969],[110.04782870000008,-6.959748299999944],[110.04877470000008,-6.965752099999975],[110.050766,-6.966807399999936],[110.05080420000007,-6.98043679999995],[110.04509740000009,-6.979557899999975],[110.04264070000005,-6.989289699999972],[110.03955080000009,-6.989871499999936],[110.03676610000008,-6.993412],[110.03196840000004,-6.992125099999953],[110.03027660000004,-6.996864599999981],[110.02495580000004,-6.997522299999957],[110.02642060000005,-7.001459099999977],[110.02260590000009,-7.006674299999929],[110.01510620000005,-7.011256199999934],[110.01347350000009,-7.018571399999928],[110.00779720000008,-7.017790799999943],[110.00641630000007,-7.019766799999957],[110.00309750000008,-7.020045699999969],[109.99587640000004,-7.027086699999927],[109.99384320000007,-7.025167899999929],[109.988343,-7.024782099999925],[109.98255740000008,-7.032145199999945],[109.97790390000006,-7.031285099999934],[109.97399040000005,-7.034384],[109.97461280000005,-7.042357],[109.97286990000003,-7.04410409999997],[109.97412870000005,-7.045944199999951],[109.973118,-7.047961499999928],[109.977356,-7.049387399999944],[109.97626080000003,-7.050036099999943],[109.98039080000007,-7.062639499999932],[109.97756530000004,-7.066785399999958],[109.97969250000006,-7.071552399999973],[109.977599,-7.082855],[109.97452540000006,-7.08319],[109.97405610000004,-7.087815299999932],[109.96699560000008,-7.091054],[109.96533970000007,-7.095054599999969],[109.96327450000007,-7.095424899999955],[109.96337070000004,-7.10001909999994],[109.96148190000008,-7.101170399999944],[109.95938870000003,-7.110247099999981],[109.95550540000005,-7.114197199999978],[109.95381170000007,-7.119902099999933],[109.94911960000007,-7.124214099999961],[109.94883150000004,-7.131320799999969],[109.940033,-7.141535199999964],[109.93979650000006,-7.156887499999925],[109.93194580000005,-7.172231099999976],[109.93035890000004,-7.179362699999956],[109.92341610000005,-7.186222],[109.92417910000006,-7.188011099999926],[109.92270130000009,-7.187189299999943],[109.91805510000006,-7.190542899999969],[109.91867780000007,-7.193854599999952],[109.91539160000008,-7.195510899999931],[109.91350560000006,-7.199385599999971],[109.91049960000004,-7.200199599999962],[109.90944670000005,-7.207383099999959],[109.91213990000006,-7.214660099999946],[109.90670780000005,-7.221650099999977],[109.90225220000008,-7.22141019999998],[109.89535520000004,-7.223902199999941],[109.88960770000006,-7.223516599999925],[109.88359830000007,-7.225643099999957],[109.87463380000008,-7.225330299999939],[109.86172490000007,-7.232819499999948],[109.85465240000008,-7.241421699999933],[109.85247040000007,-7.251059],[109.849682,-7.251939399999969],[109.84999270000009,-7.256282499999941],[109.84499360000007,-7.269647599999928],[109.84153750000007,-7.272716499999945],[109.84349820000006,-7.275545099999931],[109.84182740000006,-7.276728099999957],[109.84317020000009,-7.280239599999959],[109.84030910000007,-7.285836199999949],[109.83560180000006,-7.288314299999968],[109.83528140000004,-7.291593],[109.83057410000004,-7.297613599999977],[109.82581330000005,-7.299006399999939],[109.825531,-7.301797399999941],[109.81938170000006,-7.305082299999981],[109.81494140000007,-7.313434599999937],[109.81005460000006,-7.315560799999957],[109.806633,-7.323566899999946],[109.79892730000006,-7.32491959999993],[109.79662330000008,-7.327330599999925],[109.792778,-7.333247599999936],[109.79199180000006,-7.338059599999951],[109.78749510000006,-7.342129899999975],[109.78570080000009,-7.350233699999933],[109.78691770000006,-7.356224099999963],[109.78581170000007,-7.359020299999941],[109.78349390000005,-7.360062599999935],[109.783251,-7.362672599999939],[109.77980490000004,-7.365004299999953],[109.77458190000004,-7.364459499999953],[109.772438,-7.369433399999934],[109.76825720000005,-7.372211899999968],[109.76451310000004,-7.382444],[109.76147580000008,-7.382770299999947],[109.76052480000004,-7.386258399999974],[109.753064,-7.38460079999993],[109.750853,-7.389912299999935],[109.75805670000005,-7.388734299999953],[109.76283270000005,-7.392749299999934],[109.76796550000006,-7.392791],[109.76811220000008,-7.39474359999997],[109.77280430000008,-7.399084099999925],[109.779335,-7.40231319999998],[109.78047940000005,-7.406022],[109.78581240000005,-7.405937599999959],[109.79066470000004,-7.408651799999973],[109.79241950000005,-7.411521899999968],[109.80542130000003,-7.411169799999925],[109.80774450000007,-7.413717799999972],[109.81698260000007,-7.41548789999996],[109.82207490000008,-7.421103899999935],[109.82734680000004,-7.419651899999963],[109.82960510000004,-7.419938099999968],[109.82920070000006,-7.421831099999963],[109.83272550000004,-7.422369],[109.831749,-7.432270499999959],[109.82761590000007,-7.43756529999996],[109.827059,-7.447656799999947],[109.81697080000004,-7.449520099999972],[109.80784090000009,-7.449061599999936],[109.802059,-7.451243599999941],[109.79514780000005,-7.449872299999981],[109.78644530000008,-7.450694399999975],[109.77876140000006,-7.448028099999931],[109.77098080000007,-7.447463899999946],[109.76142880000003,-7.440783899999929],[109.75502020000005,-7.43973109999996],[109.75267650000006,-7.445292],[109.75624760000005,-7.449100499999929],[109.75216460000007,-7.461879899999929],[109.75070950000008,-7.457782],[109.74940880000008,-7.458253199999945],[109.74648550000006,-7.462919399999976],[109.74267530000009,-7.464914499999963],[109.74100310000006,-7.468762099999935],[109.73783410000004,-7.468765699999949],[109.73530080000006,-7.470963899999958],[109.73223880000006,-7.470199099999945],[109.73562620000007,-7.474534],[109.73269650000009,-7.478367799999944],[109.725914,-7.476061299999969],[109.719841,-7.47803829999998],[109.71554570000006,-7.481686599999932],[109.71112060000007,-7.482925399999942],[109.69890590000006,-7.495585399999925],[109.689064,-7.496810399999958],[109.687912,-7.501870099999962],[109.68402860000003,-7.503393099999926],[109.67869570000005,-7.501764699999967],[109.677681,-7.50303839999998],[109.672699,-7.502997899999968],[109.66509250000007,-7.492921299999978],[109.65477750000008,-7.495949699999926],[109.64775850000007,-7.495116699999926],[109.64224240000004,-7.484783099999959],[109.63847350000009,-7.481455799999935],[109.63477330000006,-7.481636499999979],[109.61930850000005,-7.491518],[109.615036,-7.497410699999932],[109.61515050000008,-7.501151],[109.61249540000006,-7.504614299999957],[109.60250090000005,-7.50597659999994],[109.59335330000005,-7.513264099999958],[109.58868410000008,-7.51360219999998],[109.58711240000008,-7.515574899999933],[109.58245850000009,-7.513270299999931],[109.57210540000005,-7.51324169999998],[109.56910030000006,-7.509962899999948],[109.56014250000004,-7.509613],[109.550354,-7.512797299999932],[109.54466250000007,-7.522586799999942],[109.53791810000007,-7.515773199999956],[109.526001,-7.515668399999981],[109.51908110000005,-7.511147899999969],[109.50845340000006,-7.508788099999947],[109.5,-7.510482299999978],[109.49828340000005,-7.503551899999934],[109.491539,-7.509729299999947],[109.48413090000008,-7.511846499999933],[109.48318480000006,-7.51718139999997],[109.48181920000007,-7.517865099999938],[109.46878820000006,-7.52233549999994],[109.46281120000003,-7.519260799999927],[109.45644380000005,-7.522918199999935],[109.43693550000006,-7.527376599999968],[109.43447880000008,-7.529689299999973],[109.43392950000003,-7.539],[109.43187720000009,-7.541454699999974],[109.43285370000007,-7.549708799999962],[109.42882540000005,-7.555934799999932],[109.41944120000005,-7.558814],[109.41529090000006,-7.565487299999972],[109.41556550000007,-7.570235699999955],[109.42114260000005,-7.579105799999979],[109.42038730000007,-7.585205],[109.42318730000005,-7.588650199999961],[109.42476660000005,-7.58835739999995],[109.42715450000009,-7.593653599999925],[109.43719480000004,-7.600865299999953],[109.43741610000006,-7.604005799999925],[109.44110090000004,-7.607465],[109.44158440000007,-7.613584099999969],[109.44583430000006,-7.620661],[109.44388140000007,-7.621739699999978],[109.444086,-7.624194799999941],[109.44034580000005,-7.626143399999933],[109.440094,-7.630493599999966],[109.435173,-7.635456],[109.42632040000007,-7.633291],[109.42382810000004,-7.637196],[109.41944410000008,-7.638373699999931],[109.41474060000007,-7.647975],[109.40785690000007,-7.649159699999927],[109.407051,-7.65135],[109.40476770000004,-7.648198899999954],[109.40422010000009,-7.651474],[109.40246380000008,-7.650058599999966],[109.40332060000009,-7.646665499999926],[109.397377,-7.648690199999976],[109.39611060000004,-7.647048899999959],[109.39262390000005,-7.647321199999965],[109.39134570000004,-7.644186099999956],[109.38899660000004,-7.645848799999953],[109.38933560000004,-7.650213199999939],[109.38479740000008,-7.65060219999998],[109.38385010000007,-7.652410399999951],[109.38436890000008,-7.654786099999967],[109.38913310000004,-7.657970699999964],[109.383667,-7.663727199999926],[109.38330840000003,-7.666182],[109.38542940000008,-7.670714299999929],[109.38848120000006,-7.668560399999933],[109.39189150000004,-7.670569399999977],[109.39093020000007,-7.672885399999927],[109.38730620000007,-7.67252869999993],[109.38753510000004,-7.680236799999932],[109.37968450000005,-7.686472799999933],[109.38418580000007,-7.690740099999971],[109.38758090000005,-7.687603899999942],[109.39546210000009,-7.696451599999932],[109.39528010000004,-7.69857],[109.39058690000007,-7.70210069999996],[109.38743590000007,-7.715267099999949],[109.38837430000007,-7.720034099999964],[109.39421850000008,-7.721252899999968],[109.39195250000006,-7.72569649999997],[109.38309,-7.71982],[109.36819,-7.71516],[109.32621,-7.70598],[109.28999,-7.70079],[109.24302,-7.69616],[109.17646,-7.69242],[109.17297930000007,-7.691078399999981],[109.12981,-7.6896],[109.10876,-7.68682],[109.08739,-7.68793],[109.06261,-7.69476],[109.05093,-7.70036],[109.0332,-7.71418],[109.0239,-7.7277],[109.0202,-7.74138],[109.02055,-7.7512],[109.01743,-7.75436],[109.01939,-7.7607],[109.02545,-7.7649],[109.03149,-7.76637],[109.03484,-7.76566],[109.03676,-7.76184],[109.0433,-7.75991],[109.05019,-7.77467],[109.04779,-7.77716],[109.04523,-7.77742],[109.04498,-7.77987],[109.04696,-7.78155],[109.04254,-7.78484],[109.0387,-7.78456],[109.0341,-7.77886],[109.02436,-7.778],[109.02364,-7.77485],[109.02163,-7.77349],[109.01974,-7.77561],[109.02054,-7.7779],[109.00677,-7.77784],[108.98244,-7.77142],[108.97592,-7.76763],[108.97539,-7.7638],[108.97109,-7.76649],[108.96671,-7.76323],[108.9647,-7.7647],[108.96147,-7.76433],[108.95876,-7.76143],[108.95647,-7.76293],[108.95007,-7.76096],[108.9466,-7.76204],[108.9391,-7.75866],[108.93377,-7.75903],[108.92151,-7.75385],[108.91936,-7.75452],[108.91578,-7.75272],[108.91425,-7.75391],[108.91045,-7.75155],[108.90516,-7.75449],[108.90431,-7.75221],[108.89281,-7.7507],[108.87836,-7.74456],[108.86952,-7.74459],[108.86292,-7.74116],[108.85649,-7.74041],[108.85859,-7.74316],[108.85479,-7.74381],[108.84737,-7.73957],[108.84483,-7.74039],[108.83903,-7.73715],[108.83636,-7.73898],[108.83282,-7.73771],[108.82915,-7.73883],[108.81364,-7.73462],[108.80932,-7.73643],[108.8046,-7.74191],[108.79943,-7.74263],[108.79783,-7.74171],[108.79832,-7.73894],[108.7957,-7.73467],[108.79016,-7.7379],[108.78547,-7.73587],[108.79027,-7.72982],[108.78871,-7.72501],[108.79277,-7.72258],[108.79359,-7.7195],[108.79941,-7.718],[108.80055,-7.71609],[108.79952,-7.71062],[108.7956,-7.70579],[108.79131,-7.70498],[108.78715,-7.70825],[108.783,-7.70181],[108.78801,-7.70197],[108.79211,-7.69472],[108.79565,-7.69491],[108.80255,-7.69044],[108.80244,-7.68723],[108.79686270000008,-7.687810599999978],[108.794274,-7.682034],[108.80138060000007,-7.674434399999939],[108.79950720000005,-7.667864699999939],[108.79122170000005,-7.670302799999945],[108.78644570000006,-7.668131699999947],[108.78507240000005,-7.665977899999973],[108.78530120000005,-7.658918699999958],[108.77886970000009,-7.657643199999939],[108.77718360000006,-7.652327399999933],[108.77273560000003,-7.655473599999937],[108.767952,-7.652984],[108.76484690000007,-7.650125899999978],[108.76420630000007,-7.64620629999996],[108.75520590000008,-7.639923],[108.75559240000007,-7.635450799999944],[108.75001530000009,-7.634485099999949],[108.74800110000007,-7.63042919999998],[108.74688950000007,-7.620248599999968],[108.74073360000006,-7.618725],[108.74168570000006,-7.613743599999964],[108.73468020000007,-7.616054399999939],[108.73204870000006,-7.613220299999966],[108.73204050000004,-7.612098599999968],[108.73680880000006,-7.61117969999998],[108.737526,-7.60365859999996],[108.741478,-7.599824799999965],[108.74066930000004,-7.59287919999997],[108.744278,-7.591354299999978],[108.74803170000007,-7.593909199999928],[108.75068670000007,-7.591390499999932],[108.74858860000006,-7.586550599999953],[108.75221260000006,-7.584355699999946],[108.75130470000005,-7.577251799999942],[108.74795540000008,-7.575486599999977],[108.74954230000009,-7.571515499999975],[108.74854280000005,-7.567302099999949],[108.75476840000005,-7.559735699999976],[108.75125890000004,-7.552846299999942],[108.75124360000007,-7.545062399999949],[108.74400330000009,-7.539286],[108.74404150000004,-7.533768599999974],[108.73721860000006,-7.517505599999936],[108.73545080000008,-7.505031499999973],[108.72337490000007,-7.489340399999946],[108.72003250000006,-7.480479599999967],[108.720353,-7.472511899999972],[108.71244050000007,-7.459260899999947],[108.72072610000004,-7.44446309999995],[108.72100070000005,-7.435875299999964],[108.72345740000009,-7.431507],[108.71937570000006,-7.429972599999928],[108.717598,-7.426419199999941],[108.71194460000004,-7.426291799999944],[108.70603950000009,-7.418176499999959],[108.69969180000004,-7.414895],[108.70092780000004,-7.409117599999945],[108.69725040000009,-7.400226499999974],[108.687088,-7.399546499999929],[108.68645480000004,-7.395642199999941],[108.68917090000008,-7.393096799999967],[108.68428040000003,-7.38637719999997],[108.68524170000006,-7.379774],[108.67791750000004,-7.376315499999976],[108.68314370000007,-7.371910899999932],[108.68333440000004,-7.370091799999955],[108.67701720000008,-7.365999599999952],[108.67599490000003,-7.357340199999953],[108.67069250000009,-7.357390799999962],[108.66649630000006,-7.353108799999973],[108.659607,-7.350726499999951],[108.66017160000007,-7.348526399999969],[108.66472990000005,-7.347102399999926],[108.66047670000006,-7.341182599999968],[108.65528110000008,-7.339203699999928],[108.65151980000007,-7.341503499999931],[108.64769750000005,-7.336982199999966],[108.646225,-7.33877549999994],[108.64639290000008,-7.343818599999963],[108.64458470000005,-7.345665299999951],[108.63633730000004,-7.342103399999928],[108.62651110000007,-7.345783499999925],[108.61873630000008,-7.344627799999955],[108.61757660000006,-7.34723269999995],[108.61904150000004,-7.349571099999935],[108.61743170000005,-7.350166699999932],[108.61486060000004,-7.349786199999926],[108.61521150000004,-7.344932399999948],[108.61138920000008,-7.344092199999977],[108.59892850000006,-7.350584399999946],[108.59455880000007,-7.34760609999995],[108.59189610000004,-7.347656599999937],[108.59223180000004,-7.345392599999968],[108.58990480000006,-7.344602899999927],[108.58339060000009,-7.349789099999953],[108.57988740000008,-7.340211699999941],[108.57554630000004,-7.339627099999973],[108.57478340000006,-7.333933699999932],[108.56799540000009,-7.33218729999993],[108.56478890000005,-7.336591099999964],[108.56365970000007,-7.336649799999975],[108.56304940000007,-7.33356079999993],[108.55886850000007,-7.335154399999965],[108.55968480000007,-7.323983099999964],[108.56357580000008,-7.320206],[108.56285860000008,-7.314224599999932],[108.55899820000008,-7.307708599999955],[108.56352240000007,-7.306438299999968],[108.56427770000005,-7.30335649999995],[108.56037910000003,-7.300444],[108.56013490000004,-7.29323519999997],[108.55585480000008,-7.288594099999955],[108.56704720000005,-7.278663499999936],[108.56992340000005,-7.271255399999973],[108.56900790000009,-7.268402],[108.57101450000005,-7.2655],[108.56887060000008,-7.262164899999959],[108.57269290000005,-7.255085799999961],[108.57497410000008,-7.253199],[108.57846070000005,-7.255915],[108.58089450000006,-7.254331499999978],[108.58178720000006,-7.253343499999971],[108.58035280000007,-7.250293099999965],[108.58348090000004,-7.243433399999958],[108.58563240000007,-7.242590299999961],[108.58008580000006,-7.237644599999953],[108.584282,-7.230486699999972],[108.58262640000004,-7.224130499999944],[108.58514730000007,-7.219110099999966],[108.58117680000004,-7.215844],[108.58116310000008,-7.206545199999937],[108.579216,-7.208320499999957],[108.57747650000005,-7.205259699999942],[108.57260910000008,-7.20333549999998],[108.57328040000004,-7.206314],[108.56584940000005,-7.200314899999967],[108.56352240000007,-7.194754],[108.55762490000006,-7.193068899999957],[108.55757150000005,-7.191769499999964],[108.56075960000004,-7.191357],[108.56003580000004,-7.186255399999936],[108.565857,-7.180313],[108.56218060000003,-7.171601599999974],[108.56874090000008,-7.164895899999976],[108.58075730000007,-7.164036599999974],[108.58336130000004,-7.157349699999941],[108.58879210000003,-7.155062499999929],[108.59200050000004,-7.150277399999936],[108.60398870000006,-7.150996599999928],[108.60976410000006,-7.149753],[108.61389160000004,-7.147667799999965],[108.61859130000005,-7.141568099999972],[108.62429050000009,-7.139858599999968],[108.62834930000008,-7.141801199999975],[108.63494080000004,-7.138725299999976],[108.64067080000007,-7.142262399999936]]]]}},{"type":"Feature","properties":{"ADM0_EN":"Indonesia","date":"2019-12-20","validOn":"2020-04-01","PROVINCE":"Jawa Tengah","Kabupaten":"Wadung Kedungombo","PRV2":"Jawa_Tengah","layer":"Jawa_Tengah_ADMIN_BPS","path":"D:/rudi/Jawa_Tengah_ADMIN_BPS.shp","listkodim_Kodim":"Wadung Kedungombo","listkodim_Korem":"Wadung Kedungombo"},"geometry":{"type":"MultiPolygon","coordinates":[[[[110.82794190000004,-7.247489899999948],[110.83141330000007,-7.25142139999997],[110.83412930000009,-7.252223499999957],[110.83759310000005,-7.259096599999964],[110.84369660000004,-7.263230299999975],[110.84516910000008,-7.267472199999929],[110.85242460000006,-7.265994499999977],[110.846962,-7.268665799999951],[110.84866330000006,-7.269834],[110.85313410000003,-7.267968199999927],[110.85272210000005,-7.270668],[110.85067750000007,-7.270506399999931],[110.84951780000006,-7.272297799999933],[110.84397120000006,-7.269912199999965],[110.84284210000004,-7.274267699999939],[110.84429170000004,-7.275616199999945],[110.84323880000005,-7.275784499999929],[110.84191890000005,-7.274125099999935],[110.84190370000005,-7.26840489999995],[110.83996580000007,-7.266881],[110.83688350000006,-7.267765],[110.83688350000006,-7.264978799999938],[110.83404540000004,-7.263898799999936],[110.83237460000004,-7.265220599999964],[110.83311460000004,-7.267110299999956],[110.83061220000008,-7.268169799999953],[110.83084870000005,-7.269848799999977],[110.83490750000004,-7.276466399999947],[110.82879640000004,-7.272693599999968],[110.82982630000004,-7.276660899999968],[110.83259580000004,-7.278106699999967],[110.83418270000004,-7.282335299999943],[110.83728790000004,-7.280835599999932],[110.835556,-7.28250259999993],[110.83635710000004,-7.284026099999949],[110.83323670000004,-7.284289299999955],[110.83308410000006,-7.286509],[110.83905030000005,-7.286124699999959],[110.83958430000007,-7.283247899999935],[110.84028630000006,-7.287674399999958],[110.84418490000007,-7.285674499999971],[110.84239960000008,-7.287444599999958],[110.84275050000008,-7.290604599999938],[110.839241,-7.290354199999967],[110.841713,-7.293139899999971],[110.84037020000005,-7.293502299999943],[110.84461970000007,-7.297176799999932],[110.84264370000005,-7.298351699999955],[110.84178160000005,-7.296307099999979],[110.83905030000005,-7.296257],[110.83718870000007,-7.293816099999958],[110.83758550000005,-7.291688399999941],[110.83564760000007,-7.290986],[110.83486180000006,-7.292245399999956],[110.83665470000005,-7.292837599999928],[110.83696750000007,-7.294835499999976],[110.83507540000005,-7.295915599999944],[110.835556,-7.297438099999965],[110.83236690000007,-7.297376099999951],[110.83223720000007,-7.294554199999936],[110.83072660000005,-7.29535],[110.83151250000009,-7.296541699999977],[110.82859040000005,-7.295709599999952],[110.83040620000008,-7.294331499999942],[110.82682040000009,-7.293238599999938],[110.82480620000007,-7.29341839999995],[110.82672880000007,-7.294939],[110.82550050000009,-7.297261699999979],[110.82850650000006,-7.296563599999956],[110.83053590000009,-7.298812799999951],[110.83192440000005,-7.298223],[110.83000180000005,-7.300197599999933],[110.83264160000004,-7.300675399999932],[110.83312220000005,-7.302271799999971],[110.83744810000007,-7.299570499999959],[110.835907,-7.30271],[110.84066010000004,-7.301200799999947],[110.84732050000008,-7.303823899999941],[110.841507,-7.303409099999953],[110.84117890000005,-7.304681699999946],[110.83786770000006,-7.304780899999969],[110.83847050000008,-7.306565299999932],[110.83659360000007,-7.305472299999963],[110.82940670000005,-7.306158099999948],[110.83629610000008,-7.307706799999949],[110.83825680000007,-7.31028509999993],[110.83648680000005,-7.311179099999947],[110.83715060000009,-7.31278889999993],[110.83901980000007,-7.311857199999963],[110.83886720000004,-7.309616499999947],[110.84092710000004,-7.31002849999993],[110.84048460000008,-7.312060799999927],[110.84250640000005,-7.308907899999951],[110.84308620000007,-7.311264],[110.84649660000008,-7.30892659999995],[110.84812160000007,-7.310407599999962],[110.85036470000006,-7.30888079999994],[110.84889220000008,-7.310522],[110.85729980000008,-7.31144519999998],[110.84219360000009,-7.312850899999944],[110.84158330000008,-7.314770199999941],[110.84427640000007,-7.316308],[110.86078640000005,-7.315836899999965],[110.85394290000005,-7.317253599999958],[110.854599,-7.318138099999942],[110.85301970000006,-7.316625099999953],[110.85057830000005,-7.317040899999938],[110.85253140000009,-7.317458099999953],[110.85243230000009,-7.318765099999951],[110.85040280000004,-7.319030299999952],[110.84942630000006,-7.317188699999974],[110.84716030000004,-7.319339699999944],[110.84263610000005,-7.318466199999932],[110.83939360000005,-7.320212799999979],[110.83952330000005,-7.321860299999969],[110.84440610000007,-7.322936499999969],[110.83668520000003,-7.322908799999936],[110.83853150000004,-7.32675219999993],[110.84137730000003,-7.326005],[110.84040830000004,-7.327615199999968],[110.84275820000005,-7.329082899999946],[110.839592,-7.329899799999964],[110.840538,-7.331039399999952],[110.84548950000004,-7.331568699999934],[110.84211730000004,-7.333591899999931],[110.83824160000006,-7.331872399999952],[110.83780670000004,-7.33812329999995],[110.83483890000008,-7.340042099999948],[110.834671,-7.343618799999945],[110.83305360000008,-7.34466649999996],[110.83474730000006,-7.341917499999965],[110.83148960000005,-7.340028299999972],[110.83370210000004,-7.34017369999998],[110.83579250000008,-7.335915499999942],[110.83488470000009,-7.334212299999933],[110.83783720000008,-7.330195899999978],[110.83444210000005,-7.329414299999939],[110.83541110000004,-7.327718699999934],[110.83348850000004,-7.32891989999996],[110.83418270000004,-7.327814099999955],[110.83193970000008,-7.327190899999948],[110.83581540000006,-7.324596399999962],[110.83143620000004,-7.324029399999972],[110.82694240000006,-7.327689599999928],[110.83197780000006,-7.322942699999942],[110.83044430000007,-7.321646699999974],[110.823494,-7.323857799999928],[110.82033540000003,-7.323534],[110.82010650000007,-7.32226419999995],[110.82456970000004,-7.322145399999954],[110.82425690000008,-7.321130199999971],[110.83525080000004,-7.322235099999943],[110.839386,-7.318735599999968],[110.83982080000004,-7.317740399999934],[110.83769230000007,-7.317226399999981],[110.83923340000007,-7.315083],[110.83757020000007,-7.316516399999955],[110.83602910000008,-7.315358099999969],[110.83723450000008,-7.314131699999962],[110.83120880000007,-7.31470859999996],[110.82991030000005,-7.312300199999981],[110.82981110000009,-7.313342099999943],[110.82796480000007,-7.311813799999925],[110.82331080000006,-7.311911499999951],[110.82501220000006,-7.310678499999938],[110.82322690000007,-7.309734799999944],[110.82258610000008,-7.311707899999931],[110.82157220000005,-7.311861699999952],[110.82209780000005,-7.309830599999941],[110.81891630000007,-7.312028399999974],[110.82141880000006,-7.308484499999963],[110.82056430000006,-7.307746899999927],[110.82547760000006,-7.306152299999951],[110.82206730000007,-7.303839699999969],[110.81985470000006,-7.307271399999934],[110.81896210000008,-7.303216899999939],[110.81459050000007,-7.314187499999946],[110.81498720000008,-7.312128499999972],[110.81158450000004,-7.312987799999974],[110.81498720000008,-7.309934099999964],[110.81434630000007,-7.308840699999962],[110.80942530000004,-7.309270399999946],[110.81442260000006,-7.307722499999954],[110.81529240000003,-7.302702899999929],[110.81081390000008,-7.302950399999929],[110.80781550000006,-7.306254799999977],[110.80605320000006,-7.305257799999936],[110.80332180000005,-7.306807499999934],[110.79514310000008,-7.30710879999998],[110.79724120000009,-7.305358399999932],[110.802269,-7.306023599999946],[110.80167390000008,-7.305141399999968],[110.80509190000004,-7.303920299999959],[110.80342860000007,-7.300884699999926],[110.80615230000006,-7.30207919999998],[110.80616760000004,-7.300098899999966],[110.81307220000008,-7.298057099999937],[110.81421660000007,-7.294394499999953],[110.81613160000006,-7.296601799999962],[110.81684870000004,-7.295755399999962],[110.81430820000008,-7.294126],[110.81430820000008,-7.290763799999979],[110.810791,-7.295639],[110.80788420000005,-7.295816899999977],[110.80733490000006,-7.293602499999963],[110.81072230000007,-7.293032599999947],[110.81085970000004,-7.286873299999968],[110.80786130000007,-7.287714899999969],[110.80708310000006,-7.285952499999951],[110.803482,-7.288127399999951],[110.80104060000008,-7.287730199999942],[110.80416110000004,-7.286425099999974],[110.80635070000005,-7.282295699999963],[110.810173,-7.283469699999955],[110.809967,-7.280027399999938],[110.811943,-7.27936219999998],[110.81362920000004,-7.276060099999938],[110.81392670000008,-7.275094499999966],[110.80508420000007,-7.277636499999971],[110.81068420000008,-7.273321099999976],[110.80665590000007,-7.27343129999997],[110.80818180000006,-7.271866299999942],[110.80722810000009,-7.271378],[110.81697080000004,-7.270249799999931],[110.81090550000005,-7.269146899999953],[110.80921170000005,-7.267327799999975],[110.80652620000006,-7.268451199999959],[110.804184,-7.26566639999993],[110.80423740000003,-7.271055199999978],[110.80237580000005,-7.274154599999974],[110.79876710000008,-7.272148099999981],[110.79779810000008,-7.27429479999995],[110.794815,-7.274941399999932],[110.79587550000008,-7.272593499999971],[110.79378510000004,-7.273288699999966],[110.79219060000008,-7.270311299999946],[110.78952790000005,-7.27232829999997],[110.78642270000006,-7.272290199999929],[110.78654480000006,-7.275091099999941],[110.78454590000007,-7.276455799999951],[110.78595730000006,-7.277511599999968],[110.78475190000006,-7.279318799999942],[110.78565210000005,-7.283251699999937],[110.78482820000005,-7.283934599999952],[110.78142550000007,-7.278648299999929],[110.77607720000009,-7.281660099999954],[110.77659610000006,-7.284575399999937],[110.77973940000004,-7.285428499999966],[110.77631380000008,-7.287073599999928],[110.77986910000004,-7.29113719999998],[110.77767180000006,-7.293581],[110.78134160000008,-7.294594299999972],[110.77879330000007,-7.29613779999994],[110.77599330000004,-7.295259899999962],[110.77637480000004,-7.297974099999976],[110.774498,-7.297844899999973],[110.77365880000008,-7.300784599999929],[110.774765,-7.302866399999971],[110.76834110000004,-7.30587289999994],[110.77251430000007,-7.301306699999941],[110.77254490000007,-7.295258499999932],[110.77047730000004,-7.294499899999948],[110.76853110000008,-7.298480499999926],[110.76308430000006,-7.29722709999993],[110.76391060000009,-7.29899729999994],[110.76290620000009,-7.298973199999978],[110.75987240000006,-7.296816799999931],[110.76866150000006,-7.296792],[110.77162930000009,-7.289172199999939],[110.76818080000004,-7.287179899999956],[110.77153780000003,-7.285489499999926],[110.76638790000004,-7.28233],[110.76983640000009,-7.282040099999961],[110.77091980000006,-7.28011319999996],[110.76934810000006,-7.27739],[110.77567290000007,-7.275500299999976],[110.77559660000009,-7.272562499999935],[110.772377,-7.271688],[110.77404020000006,-7.270309899999972],[110.78039550000005,-7.270147799999961],[110.77993780000008,-7.267897599999969],[110.77389520000008,-7.267592899999954],[110.77031710000006,-7.270151099999964],[110.76030730000008,-7.270441],[110.76693730000005,-7.267697799999951],[110.76506040000004,-7.264365199999929],[110.77030180000008,-7.266138],[110.77071380000007,-7.263425799999936],[110.77566530000007,-7.26445769999998],[110.77306370000008,-7.260715],[110.77594760000005,-7.261827899999957],[110.77802270000007,-7.259862899999973],[110.77816010000004,-7.262043],[110.78099820000006,-7.261560899999949],[110.78020470000007,-7.262510299999974],[110.78165430000007,-7.26351539999996],[110.78318020000006,-7.262119699999971],[110.78786470000006,-7.266129],[110.78861240000003,-7.262629],[110.78650670000007,-7.259988299999975],[110.78823090000009,-7.258781399999975],[110.79097750000005,-7.263979899999981],[110.79309080000007,-7.261386399999935],[110.79300690000008,-7.264134899999931],[110.79822540000004,-7.264229299999954],[110.79895780000004,-7.263299899999936],[110.79656220000004,-7.261392599999965],[110.80036160000009,-7.258553499999948],[110.79748540000008,-7.258346499999959],[110.79779810000008,-7.256090099999938],[110.80031590000004,-7.256481199999939],[110.799057,-7.253524699999957],[110.80256650000007,-7.256305699999928],[110.80814360000005,-7.256297599999925],[110.808258,-7.251235],[110.81002040000004,-7.252532],[110.81091310000005,-7.256748699999946],[110.81534580000005,-7.257443899999942],[110.81683350000009,-7.254446499999972],[110.81365970000007,-7.252905299999952],[110.817215,-7.251554899999974],[110.81969450000008,-7.253630599999951],[110.82106020000003,-7.260911399999941],[110.82401280000005,-7.260346399999946],[110.82624820000007,-7.26246969999994],[110.827713,-7.259181499999954],[110.825943,-7.258423299999947],[110.82872010000006,-7.255309099999977],[110.82341770000005,-7.257427699999937],[110.8209,-7.25359439999994],[110.82499690000009,-7.25256109999998],[110.82356260000006,-7.251024699999959],[110.82067110000008,-7.251375199999927],[110.82255550000008,-7.249717699999962],[110.818428,-7.246965899999964],[110.81856540000007,-7.245949199999927],[110.82222750000005,-7.247563299999968],[110.82232670000008,-7.245590199999981],[110.82454680000006,-7.246023599999944],[110.82476040000006,-7.249207899999931],[110.828331,-7.251918299999943],[110.82794190000004,-7.247489899999948]]]]}}],"properties":{"simplified":true}}